Student_ID,Semester,Age,Gender,Attendance_Percentage,Previous_CGPA,Internal_Marks,Assignment_Completion,Study_Hours_Per_Week,Backlogs,Stress_Level,Motivation_Level,Sleep_Hours,Family_Support,Internet_Access,Extracurricular,Financial_Difficulty,Mental_Wellbeing,Screen_Time_Hours,Commute_Time_Minutes,Academic_Risk
S00001,1,21,Male,79,6.34,86,43,8,2,4,6,7.6,Yes,Yes,No,No,7,6.9,21,0
S00002,1,22,Female,80,7.4,66,66,19,0,2,6,6.5,Yes,Yes,Yes,No,6,3.8,15,0
S00003,6,17,Female,91,6.21,52,83,17,0,6,3,5.8,No,Yes,No,Yes,7,3.9,36,0
S00004,6,22,Female,92,6.03,50,95,24,1,5,4,9.5,Yes,Yes,No,Yes,1,5.0,57,0
S00005,4,24,Male,86,8.32,57,88,22,1,8,6,5.8,Yes,Yes,No,No,1,5.3,26,0
S00006,1,23,Male,61,6.75,83,77,16,0,3,5,8.2,Yes,No,Yes,No,6,7.3,58,0
S00007,2,17,Female,71,7.06,51,41,16,0,8,9,5.4,No,Yes,Yes,Yes,5,4.6,18,1
S00008,8,21,Female,78,6.95,39,70,11,0,2,5,5.4,Yes,Yes,Yes,Yes,9,4.6,53,0
S00009,2,20,Male,79,4.89,81,76,16,3,7,7,8.2,No,Yes,No,No,9,5.1,37,0
S00010,8,22,Female,97,6.12,88,63,27,1,1,2,6.1,Yes,Yes,Yes,No,8,6.6,21,0
S00011,4,24,Female,80,6.53,84,74,19,1,3,7,8.6,Yes,Yes,Yes,No,4,2.8,34,0
S00012,1,23,Male,69,6.72,45,81,13,0,1,7,6.0,No,Yes,No,No,5,5.2,40,0
S00013,2,17,Female,67,5.69,65,75,18,0,7,2,7.2,Yes,Yes,No,No,9,4.9,60,0
S00014,1,22,Female,81,9.48,78,64,21,0,5,6,6.5,Yes,Yes,No,No,4,6.3,57,0
S00015,8,20,Female,72,7.11,55,60,17,0,7,4,5.4,Yes,Yes,Yes,No,8,4.4,33,0
S00016,3,20,Male,100,6.77,70,87,13,1,3,6,9.0,Yes,Yes,No,No,6,7.0,27,0
S00017,5,22,Male,58,7.02,73,55,7,1,6,5,6.9,No,Yes,Yes,No,6,5.3,25,1
S00018,2,24,Female,75,7.13,57,73,18,4,7,8,6.8,Yes,Yes,No,No,3,5.9,44,0
S00019,8,19,Male,89,8.87,66,82,16,2,5,7,7.3,Yes,Yes,Yes,No,6,6.0,22,0
S00020,4,20,Female,74,7.71,64,61,11,0,5,6,6.3,Yes,Yes,No,Yes,5,8.7,6,0
S00021,5,23,Female,73,7.62,66,77,13,2,6,2,6.7,Yes,Yes,Yes,No,5,7.6,9,0
S00022,4,23,Male,84,8.84,54,84,9,0,3,5,6.8,No,Yes,Yes,Yes,6,5.9,44,0
S00023,2,21,Male,81,6.93,80,79,19,2,3,4,6.3,Yes,No,Yes,No,5,3.3,9,0
S00024,5,24,Male,100,7.27,44,46,8,1,8,4,7.4,No,Yes,Yes,Yes,5,7.6,35,1
S00025,2,19,Female,59,8.1,60,84,17,0,3,5,8.2,Yes,Yes,Yes,No,6,2.2,0,0
S00026,3,21,Female,83,6.7,71,80,26,2,6,5,7.5,No,Yes,No,No,6,4.7,0,0
S00027,6,18,Male,80,7.37,57,71,25,1,6,8,8.1,No,Yes,No,No,7,4.9,45,0
S00028,7,23,Male,85,7.6,58,53,17,1,4,8,6.6,No,Yes,No,No,4,8.8,56,0
S00029,1,19,Male,61,7.66,50,50,8,1,5,3,6.3,Yes,Yes,No,No,4,4.9,45,1
S00030,6,17,Male,66,7.26,61,80,23,2,7,7,8.0,Yes,Yes,Yes,No,5,5.8,62,0
S00031,8,22,Female,93,6.61,42,94,16,2,3,7,6.9,No,Yes,No,Yes,9,6.5,30,0
S00032,3,23,Male,81,4.95,48,73,16,0,3,4,6.3,Yes,Yes,Yes,No,10,7.0,21,0
S00033,1,23,Female,67,4.29,67,76,33,1,2,8,8.0,Yes,Yes,No,No,5,4.5,7,0
S00034,1,19,Male,73,6.59,62,56,14,0,9,4,6.5,Yes,Yes,Yes,No,10,6.3,42,0
S00035,1,24,Female,66,7.96,72,64,16,3,4,5,7.9,Yes,Yes,Yes,Yes,7,5.9,42,0
S00036,2,23,Female,89,6.69,65,76,30,2,6,5,7.6,Yes,Yes,No,Yes,3,3.3,43,0
S00037,1,20,Female,74,8.03,62,93,16,3,7,6,7.3,Yes,Yes,No,No,7,6.7,54,0
S00038,6,24,Female,52,7.75,39,90,21,1,4,6,8.1,Yes,Yes,Yes,Yes,3,8.4,45,1
S00039,8,21,Male,79,6.53,37,70,5,2,6,6,7.8,Yes,Yes,Yes,No,6,9.1,72,1
S00040,5,23,Male,83,7.93,73,100,12,2,8,7,8.3,Yes,Yes,Yes,No,4,4.9,24,0
S00041,1,18,Male,86,7.4,77,92,24,4,2,5,6.8,No,Yes,Yes,No,6,6.8,48,0
S00042,7,17,Female,73,8.29,43,51,18,1,4,2,3.8,Yes,No,Yes,No,5,6.0,77,1
S00043,2,18,Female,65,5.97,44,75,21,0,1,4,7.1,Yes,Yes,No,Yes,3,5.1,49,1
S00044,3,20,Male,96,7.3,85,86,17,0,2,6,6.0,Yes,Yes,Yes,No,6,2.4,47,0
S00045,8,21,Male,73,6.01,52,100,15,2,6,5,6.4,Yes,Yes,Yes,No,5,4.5,43,0
S00046,3,22,Male,74,5.38,79,50,15,3,4,6,7.8,No,Yes,Yes,No,5,3.7,9,1
S00047,4,24,Male,74,6.49,83,71,18,0,5,5,5.7,Yes,Yes,Yes,No,6,6.0,46,0
S00048,3,20,Male,82,7.98,56,86,9,2,8,5,6.6,Yes,Yes,No,No,6,7.1,45,0
S00049,7,21,Female,64,6.86,80,78,7,1,6,7,8.0,Yes,Yes,No,Yes,4,5.6,38,1
S00050,2,18,Female,64,6.9,63,66,18,1,3,4,6.9,Yes,Yes,Yes,No,7,5.1,57,0
S00051,3,23,Female,82,7.65,90,67,18,0,4,6,6.8,Yes,Yes,No,No,4,5.0,2,0
S00052,2,19,Male,92,4.62,78,51,15,2,4,8,6.6,Yes,Yes,No,No,8,3.6,33,0
S00053,8,24,Male,73,6.71,65,77,8,2,4,4,8.2,Yes,Yes,Yes,No,6,7.6,23,0
S00054,7,20,Male,100,8.34,50,59,29,1,4,4,7.4,Yes,Yes,No,No,4,3.8,30,0
S00055,7,19,Female,81,7.9,50,69,13,0,3,6,5.1,Yes,Yes,No,No,6,4.5,41,0
S00056,2,19,Female,63,5.39,71,100,13,1,2,5,5.3,Yes,Yes,Yes,No,5,4.8,28,1
S00057,2,24,Male,72,6.34,90,48,19,2,1,5,7.3,Yes,Yes,Yes,No,7,6.7,43,0
S00058,5,22,Female,83,7.1,57,73,18,1,4,5,6.2,Yes,Yes,Yes,No,3,2.8,40,0
S00059,7,24,Male,96,8.04,73,67,10,1,6,3,6.6,Yes,Yes,Yes,No,1,7.6,57,0
S00060,3,21,Female,100,8.2,41,86,13,2,4,8,7.2,Yes,Yes,Yes,No,3,3.7,17,0
S00061,5,22,Female,61,5.56,58,68,16,2,3,4,8.5,Yes,Yes,No,No,8,1.2,24,1
S00062,5,17,Male,72,7.41,54,77,34,0,4,4,7.2,Yes,Yes,No,No,5,5.3,45,0
S00063,7,21,Male,78,10.0,65,72,8,0,5,3,6.7,Yes,Yes,Yes,Yes,9,6.1,64,0
S00064,5,19,Female,79,7.61,63,85,27,0,5,5,6.7,Yes,Yes,Yes,Yes,5,4.0,82,0
S00065,1,20,Female,81,9.34,51,100,27,4,7,3,7.4,Yes,Yes,Yes,No,3,6.2,43,0
S00066,1,17,Male,79,9.86,52,36,16,0,3,8,7.1,No,No,No,Yes,5,3.7,14,0
S00067,6,17,Male,90,9.31,73,54,11,1,2,3,7.7,Yes,Yes,Yes,Yes,4,2.8,19,0
S00068,2,20,Female,76,6.99,59,100,13,0,6,3,8.3,No,Yes,Yes,No,3,7.3,52,0
S00069,7,22,Male,73,6.6,74,100,6,1,1,5,7.3,Yes,Yes,Yes,Yes,7,4.9,49,0
S00070,2,17,Female,71,6.23,79,51,20,0,10,4,7.8,No,Yes,No,No,5,4.6,18,1
S00071,1,17,Female,94,7.12,76,71,12,2,5,3,6.6,Yes,Yes,Yes,Yes,7,3.3,53,0
S00072,1,22,Male,100,6.36,65,73,37,0,2,5,6.3,Yes,Yes,Yes,No,5,1.5,19,0
S00073,4,24,Female,78,7.87,67,99,21,1,4,5,4.7,Yes,Yes,Yes,No,6,3.7,55,0
S00074,1,18,Male,86,6.65,78,100,24,0,5,7,4.9,No,Yes,No,No,5,5.7,16,0
S00075,7,22,Female,73,7.23,64,69,12,1,8,2,7.1,Yes,Yes,No,No,5,8.2,28,0
S00076,2,20,Female,83,7.45,89,63,22,1,4,3,7.1,Yes,Yes,Yes,No,5,8.0,33,0
S00077,3,18,Male,70,8.36,74,63,17,0,4,6,8.6,Yes,Yes,No,No,4,6.2,34,0
S00078,2,22,Male,69,5.54,53,83,12,1,6,6,7.9,No,Yes,No,No,3,7.5,16,0
S00079,7,24,Female,43,7.51,81,90,18,0,6,5,7.1,Yes,Yes,Yes,No,7,6.8,4,0
S00080,8,21,Female,72,8.37,64,72,14,1,2,7,6.0,Yes,Yes,Yes,No,7,4.1,36,0
S00081,8,22,Female,87,7.66,71,81,17,2,1,4,6.2,Yes,Yes,Yes,No,2,7.5,43,0
S00082,5,18,Female,67,7.1,86,59,24,3,4,4,5.9,No,Yes,Yes,No,5,6.8,15,1
S00083,4,18,Female,81,6.7,72,60,26,3,5,6,5.5,Yes,Yes,Yes,No,3,5.1,29,0
S00084,6,23,Male,77,7.36,66,64,6,3,4,7,5.9,Yes,Yes,Yes,No,5,8.3,44,0
S00085,5,23,Male,71,8.1,71,64,12,1,6,4,6.7,Yes,Yes,No,Yes,9,2.7,65,0
S00086,4,17,Female,74,6.59,71,70,13,0,6,7,6.4,No,Yes,No,Yes,6,3.6,20,0
S00087,3,19,Male,65,8.11,56,61,23,1,3,6,7.0,Yes,Yes,No,No,4,3.7,55,0
S00088,1,17,Female,53,6.25,66,75,5,1,2,5,6.7,Yes,Yes,Yes,Yes,4,5.2,37,1
S00089,3,24,Male,60,7.43,43,39,22,0,5,3,5.9,No,Yes,No,No,3,3.6,54,1
S00090,6,22,Female,89,6.01,70,44,20,2,4,4,6.4,Yes,Yes,Yes,Yes,4,6.0,28,1
S00091,6,18,Female,60,5.72,71,60,9,2,7,5,7.3,Yes,Yes,Yes,No,5,4.8,39,1
S00092,5,19,Male,41,5.53,47,79,17,1,3,6,5.9,Yes,Yes,No,No,4,4.4,22,1
S00093,7,23,Male,77,7.88,42,100,13,3,6,5,7.8,Yes,Yes,No,No,7,6.3,39,0
S00094,4,24,Female,84,7.52,57,68,19,1,5,3,5.0,Yes,Yes,No,No,3,4.0,52,0
S00095,7,24,Female,81,8.9,59,59,1,1,2,6,6.4,Yes,Yes,Yes,No,9,5.9,36,0
S00096,2,21,Male,84,9.23,90,100,26,1,5,2,6.1,No,Yes,No,No,4,5.9,42,0
S00097,1,22,Male,77,6.33,76,66,22,1,5,5,6.4,Yes,Yes,Yes,No,4,5.9,18,0
S00098,4,20,Female,93,7.91,84,79,17,1,6,4,5.9,Yes,Yes,Yes,No,7,4.2,46,0
S00099,6,17,Female,89,5.96,30,39,1,3,6,5,8.1,Yes,Yes,Yes,No,2,3.9,36,1
S00100,5,20,Female,85,6.48,78,46,16,0,5,5,6.2,Yes,Yes,No,No,5,5.8,55,0
S00101,8,17,Female,75,6.24,85,97,12,0,4,7,6.5,Yes,Yes,Yes,No,4,5.0,62,0
S00102,3,19,Female,87,7.98,61,41,3,0,5,7,7.6,Yes,Yes,No,No,3,9.8,38,0
S00103,4,23,Female,74,7.72,81,81,5,0,8,5,5.3,Yes,Yes,No,No,7,5.6,63,0
S00104,2,17,Female,73,7.12,74,39,6,0,2,4,6.3,Yes,Yes,Yes,Yes,4,4.8,33,1
S00105,5,17,Male,76,7.32,60,80,20,0,6,6,6.9,Yes,Yes,No,No,7,6.6,4,0
S00106,1,22,Male,49,8.45,67,75,12,0,4,4,6.8,Yes,Yes,No,No,3,3.6,12,0
S00107,5,20,Male,86,6.28,98,53,11,1,9,4,6.5,Yes,Yes,No,No,7,1.9,37,0
S00108,1,19,Male,80,8.64,71,99,20,1,7,4,7.5,Yes,No,No,No,6,8.9,33,0
S00109,5,19,Male,87,6.46,75,100,25,1,5,4,6.9,Yes,Yes,No,No,5,12.0,19,0
S00110,7,19,Male,78,7.84,43,74,5,2,4,6,6.6,No,Yes,No,Yes,6,8.8,22,1
S00111,5,24,Male,75,7.3,47,85,7,0,5,5,5.7,No,Yes,Yes,No,6,5.4,27,0
S00112,3,19,Female,90,8.48,58,62,19,1,4,4,7.0,Yes,Yes,Yes,Yes,3,6.1,38,0
S00113,3,18,Female,80,8.45,73,56,26,0,5,6,8.8,Yes,Yes,No,No,5,3.6,51,0
S00114,4,19,Female,54,8.66,55,100,14,2,6,7,5.6,Yes,Yes,Yes,No,5,8.6,1,1
S00115,4,21,Female,69,9.0,68,74,23,1,8,4,7.6,No,Yes,No,No,7,8.2,69,0
S00116,1,21,Male,69,7.35,81,69,22,1,3,6,7.8,Yes,Yes,No,No,5,4.0,54,0
S00117,7,21,Female,92,8.49,81,63,18,2,5,2,7.5,Yes,Yes,Yes,No,6,5.6,17,0
S00118,7,19,Male,82,6.58,100,92,14,1,5,3,6.0,Yes,Yes,Yes,No,7,8.3,16,0
S00119,3,19,Female,56,6.41,97,81,12,2,4,6,7.0,Yes,Yes,Yes,No,9,2.9,27,0
S00120,7,21,Male,94,7.64,61,35,25,1,5,6,8.3,No,Yes,Yes,No,9,6.7,24,0
S00121,8,17,Female,64,7.52,56,41,10,1,5,5,6.6,No,Yes,Yes,Yes,5,6.4,31,1
S00122,8,22,Male,70,7.52,63,65,17,0,1,2,9.0,Yes,Yes,No,Yes,6,4.5,0,0
S00123,1,18,Male,71,6.52,79,68,12,2,8,3,8.9,No,Yes,No,No,6,5.7,48,1
S00124,7,17,Female,60,6.81,90,86,10,0,6,5,6.7,Yes,Yes,Yes,Yes,5,4.6,43,0
S00125,1,17,Male,68,7.22,86,77,18,0,3,4,6.0,No,Yes,No,Yes,7,6.5,49,0
S00126,4,22,Female,75,7.79,74,59,16,1,3,6,5.8,Yes,Yes,No,No,4,3.8,49,0
S00127,4,17,Male,71,7.76,68,100,11,2,7,4,6.5,Yes,Yes,Yes,No,4,3.2,18,0
S00128,8,17,Male,64,8.26,67,100,5,0,1,2,7.1,Yes,Yes,No,No,6,4.9,46,0
S00129,8,21,Male,55,7.27,71,100,18,0,6,5,7.7,No,Yes,No,No,9,6.5,9,0
S00130,8,18,Male,68,6.57,68,95,9,2,3,4,5.9,Yes,Yes,No,No,6,6.5,22,0
S00131,8,17,Male,78,7.61,70,60,22,4,3,6,6.0,Yes,Yes,No,No,5,5.9,17,0
S00132,7,21,Female,88,6.35,78,70,8,1,7,8,6.3,Yes,No,Yes,No,7,8.5,53,0
S00133,4,22,Female,93,9.1,61,74,16,1,9,2,6.2,Yes,Yes,No,No,6,5.5,28,0
S00134,8,17,Female,81,8.06,68,100,25,0,1,4,6.6,No,Yes,No,No,7,7.2,29,0
S00135,5,22,Male,65,6.91,63,76,11,0,5,6,4.9,Yes,Yes,Yes,No,8,5.2,25,0
S00136,4,19,Male,94,8.59,69,48,12,1,6,6,7.2,No,Yes,Yes,Yes,4,5.1,29,0
S00137,7,21,Female,73,8.97,81,100,17,1,4,3,6.9,No,Yes,Yes,Yes,6,4.8,61,0
S00138,6,24,Male,63,6.63,92,68,14,1,1,7,7.1,No,Yes,Yes,No,8,4.9,46,0
S00139,2,20,Female,88,7.28,56,91,13,0,3,5,7.1,Yes,Yes,No,Yes,8,6.4,3,0
S00140,2,23,Female,75,9.24,64,35,14,0,8,7,5.4,Yes,Yes,No,No,9,5.5,28,0
S00141,8,23,Male,85,6.77,67,87,13,1,6,6,6.2,Yes,Yes,Yes,No,3,3.6,40,0
S00142,4,22,Male,78,5.63,72,55,16,1,5,6,6.8,Yes,Yes,Yes,Yes,6,5.6,38,0
S00143,6,18,Male,87,5.57,91,76,18,0,4,6,7.1,Yes,Yes,No,No,7,4.2,30,0
S00144,5,18,Male,80,8.85,54,70,12,0,3,5,6.2,No,Yes,Yes,No,5,5.6,56,0
S00145,2,18,Female,64,7.71,79,87,11,0,4,6,6.9,Yes,No,Yes,No,2,3.0,39,0
S00146,2,22,Female,70,8.1,91,46,17,2,7,5,7.1,Yes,Yes,Yes,No,7,5.4,50,0
S00147,5,24,Male,70,5.96,72,64,15,0,7,3,5.9,Yes,Yes,Yes,No,3,2.5,22,1
S00148,7,24,Male,79,6.35,67,86,16,1,4,6,7.4,Yes,Yes,No,No,5,3.7,55,0
S00149,8,24,Female,100,8.55,83,49,7,1,4,5,6.5,Yes,Yes,No,Yes,4,3.8,0,0
S00150,8,21,Female,74,5.57,71,68,10,2,2,4,7.3,No,Yes,No,Yes,8,3.5,60,1
S00151,6,23,Male,91,6.89,60,92,12,2,1,2,8.2,Yes,Yes,No,No,7,5.6,30,0
S00152,3,18,Male,78,4.66,56,88,13,0,2,5,8.7,No,Yes,Yes,Yes,7,3.7,42,0
S00153,5,24,Male,71,5.45,63,56,21,1,5,4,8.1,Yes,Yes,No,No,6,7.3,0,0
S00154,6,23,Female,82,9.2,77,69,11,0,3,9,7.5,Yes,Yes,Yes,Yes,7,3.1,56,0
S00155,2,19,Female,68,7.09,66,69,29,1,1,3,6.6,No,Yes,No,No,5,3.2,20,0
S00156,5,20,Male,78,6.74,75,84,25,1,2,9,7.1,Yes,Yes,Yes,No,6,7.5,66,0
S00157,3,22,Male,69,6.39,60,96,11,1,6,6,7.3,No,Yes,Yes,Yes,5,4.9,23,0
S00158,1,23,Female,84,6.69,43,90,13,0,1,8,6.6,Yes,Yes,Yes,No,4,5.9,0,0
S00159,6,19,Male,65,7.45,34,58,6,0,3,4,6.8,Yes,Yes,No,No,6,5.9,61,1
S00160,5,22,Female,100,8.96,84,77,12,0,3,5,7.0,No,Yes,No,No,2,3.9,60,0
S00161,1,20,Male,68,7.17,77,74,21,1,4,3,6.4,Yes,No,No,Yes,9,4.4,43,0
S00162,6,23,Female,67,7.54,74,57,21,0,4,3,6.6,Yes,Yes,Yes,No,7,7.0,52,0
S00163,4,22,Female,100,10.0,50,86,17,0,7,4,6.6,Yes,Yes,Yes,No,7,6.6,46,0
S00164,4,22,Female,57,7.53,65,83,17,0,5,6,6.8,Yes,Yes,Yes,Yes,3,5.4,31,0
S00165,6,19,Female,74,6.76,55,35,23,0,7,6,7.3,No,Yes,Yes,No,1,8.2,5,1
S00166,8,19,Female,71,6.09,65,35,8,1,4,5,6.1,No,No,Yes,No,5,6.0,20,0
S00167,7,18,Female,79,7.96,76,52,4,0,3,6,5.8,No,Yes,No,No,5,3.2,21,0
S00168,8,17,Female,90,8.51,84,35,14,0,4,4,8.0,No,Yes,Yes,Yes,2,2.9,40,0
S00169,7,24,Female,80,6.14,73,91,13,3,2,4,6.3,Yes,Yes,Yes,Yes,6,5.5,28,0
S00170,1,17,Male,81,5.88,53,100,12,5,7,4,7.6,No,Yes,Yes,Yes,5,12.0,36,1
S00171,6,21,Male,76,7.15,60,86,17,2,4,6,6.4,No,Yes,No,Yes,3,3.5,34,0
S00172,2,18,Male,59,7.79,93,75,4,1,3,7,4.9,Yes,Yes,Yes,Yes,4,12.0,49,1
S00173,5,20,Male,77,6.33,83,47,18,0,3,7,7.3,Yes,Yes,Yes,No,6,6.4,30,0
S00174,2,23,Female,81,9.95,81,80,25,0,5,4,8.2,Yes,No,Yes,No,2,5.4,78,0
S00175,3,18,Male,86,6.6,56,76,15,0,3,6,7.0,Yes,No,No,No,5,3.9,3,0
S00176,3,17,Female,77,8.01,89,70,15,0,4,5,8.1,Yes,Yes,No,No,6,4.9,23,0
S00177,6,19,Male,79,7.25,58,76,12,0,3,6,7.2,No,Yes,Yes,No,8,5.3,62,0
S00178,1,24,Male,80,7.57,46,48,16,1,7,7,7.0,Yes,Yes,No,Yes,4,6.0,57,0
S00179,5,21,Female,84,6.66,66,77,8,2,6,6,7.8,Yes,Yes,Yes,Yes,3,6.4,27,0
S00180,1,18,Female,86,7.3,71,84,12,3,6,4,7.6,Yes,No,Yes,No,6,5.8,39,0
S00181,2,23,Female,78,6.31,50,80,21,2,2,8,6.6,Yes,Yes,No,Yes,4,5.5,16,0
S00182,2,22,Male,75,5.37,67,72,14,1,6,6,7.2,Yes,Yes,Yes,No,9,6.7,34,0
S00183,5,19,Male,79,5.26,53,53,11,1,6,4,9.5,Yes,Yes,No,No,3,6.7,33,1
S00184,5,24,Male,83,9.41,38,81,22,1,3,8,6.6,Yes,Yes,Yes,Yes,6,4.8,25,0
S00185,4,18,Male,97,6.8,73,90,10,2,6,4,7.5,Yes,No,Yes,No,7,4.5,36,0
S00186,5,18,Male,81,7.28,63,98,1,1,2,6,7.5,Yes,Yes,Yes,No,4,2.7,45,0
S00187,5,20,Female,86,5.43,62,79,16,2,5,10,4.7,Yes,No,No,No,6,4.1,51,0
S00188,4,23,Female,86,6.05,68,99,13,3,5,8,7.0,Yes,Yes,Yes,No,8,9.2,42,0
S00189,1,19,Male,79,7.65,80,37,9,0,7,6,5.7,No,Yes,No,No,1,7.0,66,0
S00190,8,24,Female,81,5.97,36,51,15,1,4,10,7.5,No,Yes,No,No,6,5.1,42,1
S00191,1,19,Male,74,7.07,97,92,13,3,5,6,7.5,Yes,Yes,No,No,7,6.2,11,0
S00192,5,24,Female,78,6.56,59,86,9,2,5,6,7.0,Yes,Yes,No,No,3,1.0,44,0
S00193,5,21,Female,63,5.62,58,73,18,2,4,4,6.6,No,Yes,Yes,No,8,5.7,59,1
S00194,6,22,Male,58,5.93,76,98,17,1,1,10,4.6,Yes,Yes,No,No,4,6.0,35,1
S00195,1,18,Female,57,7.61,88,67,10,0,3,2,6.2,Yes,No,No,No,4,4.2,29,0
S00196,8,22,Female,70,4.89,75,81,8,1,6,6,9.1,No,Yes,No,No,6,7.1,45,0
S00197,5,24,Female,71,5.93,55,100,18,0,3,4,6.5,Yes,Yes,No,No,2,4.3,0,0
S00198,5,18,Female,81,8.55,63,68,14,1,3,5,5.0,Yes,Yes,No,No,3,3.2,69,0
S00199,7,18,Female,85,8.26,58,85,18,0,3,6,5.4,No,Yes,No,No,6,9.7,12,0
S00200,3,20,Male,85,6.41,63,100,26,3,6,8,4.9,Yes,Yes,Yes,No,9,6.0,26,0
S00201,6,17,Female,78,4.99,72,66,24,0,10,4,4.8,No,Yes,Yes,Yes,3,4.6,26,1
S00202,1,22,Male,81,7.43,72,82,16,3,8,6,6.2,Yes,Yes,Yes,No,5,2.0,39,0
S00203,4,20,Female,81,7.76,66,79,11,2,5,5,6.7,Yes,Yes,No,No,2,3.9,64,0
S00204,3,19,Female,93,6.79,85,68,13,2,6,5,6.9,Yes,Yes,Yes,Yes,10,6.3,0,0
S00205,8,19,Male,74,6.55,49,82,16,2,5,6,6.4,Yes,Yes,Yes,No,3,3.8,26,0
S00206,4,19,Female,94,7.34,89,87,15,0,6,5,8.7,Yes,Yes,No,No,2,3.1,65,0
S00207,4,21,Female,75,7.0,53,73,16,1,5,8,6.5,Yes,Yes,No,No,8,4.7,15,0
S00208,3,23,Female,88,8.11,59,48,22,0,2,4,7.7,Yes,Yes,Yes,No,2,3.9,13,0
S00209,6,20,Male,73,7.58,70,50,14,0,3,10,4.1,Yes,Yes,No,Yes,6,5.1,45,0
S00210,4,20,Male,97,9.14,93,88,19,2,4,5,6.7,Yes,Yes,No,No,4,7.4,31,0
S00211,7,23,Female,81,6.92,99,78,10,1,1,6,6.7,Yes,Yes,Yes,No,5,7.2,11,0
S00212,8,23,Female,88,5.74,88,50,11,3,4,5,5.9,Yes,Yes,No,No,4,7.1,28,1
S00213,1,24,Female,77,9.69,84,88,3,1,6,5,7.3,No,No,Yes,No,4,8.3,42,0
S00214,6,24,Female,72,4.0,63,100,5,1,4,8,6.4,Yes,Yes,Yes,No,5,5.0,11,0
S00215,2,17,Female,83,7.16,96,81,10,0,3,8,6.6,Yes,Yes,Yes,No,5,5.1,24,0
S00216,7,19,Female,100,7.67,70,75,11,0,4,6,7.3,Yes,Yes,No,No,5,3.5,46,0
S00217,4,22,Female,68,5.1,76,97,12,0,5,7,7.7,No,No,Yes,Yes,4,5.5,23,0
S00218,3,21,Male,75,6.94,77,63,24,2,6,5,8.2,Yes,Yes,No,No,6,6.8,47,0
S00219,5,17,Male,78,5.41,64,52,10,0,1,5,6.9,Yes,Yes,No,No,7,4.5,29,0
S00220,6,19,Male,74,9.3,65,93,9,0,8,4,5.4,Yes,Yes,Yes,No,4,3.6,48,0
S00221,4,19,Female,76,7.04,48,47,25,0,4,8,6.6,No,Yes,Yes,No,7,6.0,26,0
S00222,4,24,Male,84,4.71,71,71,18,1,7,5,7.3,Yes,Yes,Yes,Yes,7,6.1,16,0
S00223,2,24,Male,72,7.21,67,100,8,2,5,6,6.8,Yes,Yes,No,No,5,5.3,1,0
S00224,8,19,Male,74,5.69,73,87,21,2,8,2,8.7,Yes,Yes,Yes,No,8,5.5,36,1
S00225,2,23,Female,57,5.74,56,78,30,1,9,4,6.7,Yes,Yes,Yes,No,5,3.8,37,1
S00226,4,17,Male,91,5.16,59,76,20,1,4,9,6.7,No,Yes,Yes,No,8,8.5,82,0
S00227,3,21,Male,73,6.94,52,98,16,1,4,4,7.3,Yes,Yes,Yes,No,3,3.2,19,0
S00228,4,20,Male,66,6.58,85,77,16,0,6,5,6.8,No,Yes,No,No,7,5.0,44,0
S00229,4,19,Male,86,7.34,75,67,16,1,8,8,9.3,Yes,Yes,Yes,No,5,6.1,72,0
S00230,4,17,Male,84,7.35,79,89,18,2,5,8,7.7,Yes,Yes,No,No,4,8.5,24,0
S00231,4,23,Male,65,6.44,92,59,12,1,9,4,8.8,Yes,Yes,No,No,4,7.5,6,1
S00232,6,22,Male,89,6.7,94,85,4,0,1,6,8.8,Yes,Yes,No,Yes,6,4.5,51,0
S00233,6,20,Male,75,7.75,72,89,15,0,4,2,7.4,Yes,Yes,No,No,6,5.9,40,0
S00234,2,19,Male,86,6.03,67,75,9,0,4,6,5.7,Yes,Yes,Yes,No,4,4.4,20,0
S00235,7,24,Female,75,6.57,63,70,20,0,4,4,7.2,Yes,No,Yes,No,5,3.1,37,0
S00236,1,22,Female,99,6.6,100,79,20,1,5,8,5.5,Yes,Yes,Yes,No,2,5.9,40,0
S00237,6,23,Female,77,7.35,58,77,9,1,9,7,6.6,Yes,Yes,No,Yes,6,5.5,36,0
S00238,7,17,Female,71,6.14,100,69,11,0,4,10,7.1,Yes,Yes,Yes,No,7,5.7,62,0
S00239,4,19,Male,88,7.19,77,65,14,0,10,4,8.1,Yes,Yes,No,No,5,4.6,51,0
S00240,2,18,Female,95,5.63,55,55,23,1,6,4,6.7,Yes,Yes,No,Yes,2,7.5,22,1
S00241,8,22,Female,90,6.84,70,85,18,1,4,4,5.3,Yes,Yes,Yes,Yes,1,5.2,40,0
S00242,4,24,Male,84,7.83,78,63,12,3,2,6,8.3,Yes,Yes,Yes,Yes,3,4.1,29,0
S00243,7,17,Male,90,6.68,53,83,14,2,4,5,8.3,No,Yes,Yes,No,5,4.1,4,0
S00244,3,19,Female,92,6.98,62,68,10,0,3,6,5.3,Yes,Yes,Yes,Yes,8,5.0,16,0
S00245,2,24,Male,89,7.49,74,74,19,0,4,7,8.5,No,Yes,No,No,4,6.2,40,0
S00246,8,20,Female,62,5.46,66,66,10,1,4,5,6.1,Yes,Yes,No,No,4,8.3,49,1
S00247,6,20,Male,68,5.94,86,60,24,0,1,4,6.2,No,Yes,Yes,No,9,7.7,76,0
S00248,7,17,Female,64,8.2,64,100,15,1,3,4,5.8,Yes,Yes,No,No,9,8.8,49,0
S00249,2,20,Female,83,6.68,62,74,11,0,7,5,7.8,Yes,Yes,Yes,Yes,2,2.9,27,0
S00250,4,17,Female,73,7.85,58,58,7,1,6,3,7.0,Yes,Yes,Yes,No,6,6.9,34,1
S00251,8,21,Male,79,6.38,87,54,12,0,7,4,8.3,Yes,Yes,Yes,No,2,8.8,29,0
S00252,1,17,Female,68,8.05,72,60,11,1,5,7,6.3,Yes,Yes,Yes,No,2,3.3,25,0
S00253,3,19,Male,82,7.27,72,100,7,1,7,8,7.5,Yes,Yes,Yes,No,2,4.8,58,0
S00254,3,22,Female,66,9.01,75,85,21,2,2,6,6.3,Yes,Yes,Yes,No,2,3.0,31,0
S00255,5,19,Male,53,7.45,73,53,6,0,7,7,7.5,Yes,Yes,No,No,6,4.6,63,1
S00256,2,17,Female,61,7.88,56,77,12,0,4,7,7.8,Yes,Yes,Yes,No,6,7.3,39,0
S00257,1,23,Female,69,7.76,70,76,20,1,7,6,6.7,Yes,Yes,Yes,No,3,8.0,10,0
S00258,5,22,Male,89,5.43,70,80,6,1,3,8,7.0,Yes,Yes,No,No,3,5.1,52,0
S00259,5,18,Female,73,5.91,59,66,21,0,4,5,6.9,Yes,Yes,Yes,Yes,7,7.3,33,0
S00260,5,23,Male,68,7.66,81,61,19,2,4,6,6.2,Yes,Yes,No,Yes,5,3.5,53,0
S00261,4,19,Male,75,8.39,67,64,9,0,4,6,4.8,No,Yes,Yes,Yes,3,6.0,51,0
S00262,7,17,Female,86,7.48,56,35,25,3,7,5,5.1,Yes,Yes,Yes,Yes,4,3.4,16,1
S00263,3,17,Male,66,7.19,90,69,7,0,5,2,8.6,Yes,Yes,Yes,No,6,4.7,23,0
S00264,7,22,Male,84,7.15,88,100,14,0,6,2,7.1,Yes,Yes,No,Yes,3,6.6,10,0
S00265,5,22,Female,68,7.85,69,81,19,2,5,4,5.8,No,Yes,Yes,No,6,5.1,18,0
S00266,6,19,Male,60,6.69,63,73,18,0,6,5,6.4,No,Yes,No,Yes,6,7.2,4,1
S00267,2,19,Male,78,7.21,85,75,22,1,3,5,6.4,Yes,Yes,No,No,5,8.1,49,0
S00268,4,22,Male,81,9.05,100,90,17,2,7,5,6.6,Yes,No,Yes,Yes,7,5.9,20,0
S00269,8,17,Female,79,7.66,93,96,17,0,1,5,6.3,Yes,Yes,Yes,No,6,7.6,38,0
S00270,6,20,Male,83,5.78,57,87,12,0,5,4,6.7,Yes,Yes,No,No,6,4.4,55,0
S00271,7,22,Male,61,6.47,76,42,9,0,5,4,6.1,Yes,No,No,Yes,4,7.9,7,1
S00272,7,17,Male,68,8.28,62,95,27,0,3,3,4.6,Yes,Yes,Yes,No,7,5.4,6,0
S00273,2,22,Female,70,5.89,57,99,10,1,7,3,6.0,Yes,Yes,No,Yes,6,5.6,46,1
S00274,5,21,Male,97,6.32,69,35,9,2,3,6,4.5,Yes,Yes,Yes,No,5,4.6,29,0
S00275,2,18,Female,76,9.72,82,78,23,0,6,4,7.3,No,Yes,No,No,5,4.5,42,0
S00276,5,23,Female,66,7.45,56,77,17,0,8,2,6.8,No,Yes,No,No,4,6.2,50,0
S00277,5,24,Male,61,7.5,92,35,5,4,2,6,7.5,Yes,Yes,Yes,No,6,5.0,22,1
S00278,5,24,Female,72,7.7,66,62,7,1,2,4,7.3,Yes,Yes,No,No,2,2.3,42,0
S00279,7,21,Male,57,5.94,67,58,29,0,4,7,6.8,Yes,Yes,No,No,5,1.0,74,1
S00280,3,18,Male,75,6.07,63,80,8,0,5,3,6.8,Yes,Yes,Yes,Yes,5,5.8,26,0
S00281,6,24,Female,49,7.0,89,83,24,1,3,8,6.2,No,Yes,No,No,7,6.8,77,0
S00282,5,23,Female,69,5.56,61,62,9,3,2,8,6.9,Yes,Yes,Yes,No,7,2.5,26,0
S00283,2,19,Female,97,7.81,67,96,22,3,5,9,6.6,Yes,No,Yes,Yes,6,7.0,31,0
S00284,4,17,Female,65,6.74,100,96,12,3,5,6,6.4,Yes,Yes,Yes,No,3,5.5,58,0
S00285,4,17,Male,77,8.13,63,99,17,0,4,5,9.2,Yes,Yes,Yes,Yes,3,6.5,35,0
S00286,8,21,Male,46,6.22,77,87,14,3,7,5,7.1,Yes,Yes,Yes,No,7,4.7,31,1
S00287,2,18,Female,58,5.4,33,67,22,4,3,5,7.9,Yes,Yes,No,No,5,3.9,11,1
S00288,6,19,Male,93,8.56,73,50,6,0,1,8,5.8,Yes,Yes,Yes,No,6,6.9,26,0
S00289,5,19,Male,65,7.83,100,82,10,2,6,7,7.9,No,Yes,Yes,No,7,8.3,38,0
S00290,1,17,Female,75,6.39,60,77,21,3,10,6,6.8,Yes,Yes,No,Yes,6,6.4,35,0
S00291,6,18,Male,73,5.9,45,63,10,0,2,6,4.9,Yes,Yes,Yes,No,6,3.4,23,0
S00292,1,23,Female,78,6.26,77,85,19,0,2,6,7.9,Yes,Yes,Yes,No,6,5.7,71,0
S00293,3,24,Male,84,6.57,58,95,22,0,3,6,8.2,Yes,Yes,Yes,Yes,8,7.1,58,0
S00294,2,21,Male,73,7.97,50,76,16,2,3,3,5.7,Yes,Yes,No,Yes,4,9.4,24,1
S00295,7,24,Male,64,9.5,51,59,12,1,1,6,7.9,No,Yes,Yes,No,6,5.3,36,0
S00296,2,21,Male,77,8.85,100,73,9,1,6,3,8.4,No,Yes,No,No,6,11.4,40,0
S00297,4,24,Male,90,7.05,56,61,2,2,5,6,6.2,No,Yes,No,Yes,10,9.7,0,0
S00298,6,18,Female,77,8.08,40,58,23,0,5,7,8.4,Yes,Yes,No,Yes,4,7.1,16,0
S00299,1,23,Male,84,8.35,76,54,5,2,9,2,7.2,No,Yes,No,No,5,5.9,17,1
S00300,8,22,Female,84,6.29,76,69,11,0,5,3,7.2,Yes,Yes,No,Yes,6,8.3,27,0
S00301,3,22,Male,89,7.95,83,59,24,0,6,3,7.7,Yes,Yes,Yes,Yes,6,4.8,42,0
S00302,3,17,Male,77,7.43,65,56,15,3,1,4,6.8,Yes,Yes,Yes,Yes,6,6.4,18,0
S00303,5,23,Female,57,5.44,76,87,26,1,3,3,7.0,Yes,Yes,Yes,No,7,5.9,57,1
S00304,2,18,Female,78,7.73,52,69,8,1,4,7,8.3,No,Yes,Yes,No,4,3.9,0,0
S00305,7,22,Male,76,9.34,59,40,8,0,6,7,6.3,Yes,Yes,Yes,No,5,9.1,53,0
S00306,7,19,Female,76,7.02,82,58,6,1,6,6,8.2,No,Yes,No,No,7,4.7,59,0
S00307,2,21,Female,75,6.58,71,76,13,1,3,8,7.8,Yes,Yes,No,Yes,6,2.7,27,0
S00308,5,23,Female,67,5.79,54,51,27,0,8,5,7.5,No,Yes,Yes,No,3,3.4,6,1
S00309,2,23,Female,73,8.77,56,83,5,0,7,7,8.8,Yes,No,Yes,No,6,4.9,66,0
S00310,3,22,Female,67,7.76,49,53,27,3,3,4,7.9,Yes,Yes,No,No,4,4.6,0,1
S00311,1,24,Female,87,5.76,59,71,9,1,4,3,6.0,Yes,Yes,Yes,Yes,5,5.8,0,0
S00312,6,17,Female,73,7.12,74,92,7,1,4,8,7.8,Yes,No,No,Yes,6,6.5,26,0
S00313,2,18,Female,74,9.09,59,57,14,0,6,4,5.0,No,Yes,No,No,5,4.5,0,0
S00314,4,17,Male,100,7.28,88,77,15,1,5,7,7.1,Yes,Yes,No,No,4,9.9,13,0
S00315,8,20,Female,87,7.53,81,68,14,1,5,5,7.2,Yes,Yes,Yes,No,2,6.7,46,0
S00316,5,18,Female,75,7.89,85,63,23,0,8,4,6.8,Yes,No,No,No,5,4.5,63,0
S00317,2,24,Male,85,7.25,67,41,19,1,2,5,6.7,Yes,Yes,No,Yes,5,7.0,0,0
S00318,2,22,Male,72,6.56,62,76,18,3,4,5,5.7,Yes,Yes,Yes,No,9,3.0,28,0
S00319,1,18,Female,85,8.92,86,83,31,0,8,9,7.2,Yes,Yes,No,No,3,6.1,66,0
S00320,8,18,Male,56,5.29,74,74,7,0,3,2,6.7,No,No,Yes,Yes,9,7.4,0,1
S00321,7,18,Male,72,7.72,56,66,11,0,3,3,6.1,Yes,Yes,No,No,4,4.3,0,0
S00322,8,22,Female,83,7.8,50,99,29,1,2,6,8.3,Yes,Yes,Yes,No,8,6.3,40,0
S00323,7,18,Female,83,8.14,56,66,14,0,4,2,6.3,Yes,Yes,No,No,7,3.4,23,0
S00324,8,22,Male,92,8.86,72,72,7,0,5,5,7.6,Yes,Yes,No,No,6,4.6,3,0
S00325,4,18,Male,65,6.61,59,56,13,0,3,6,6.6,Yes,Yes,Yes,Yes,6,3.9,24,0
S00326,1,20,Male,78,6.41,100,50,22,1,8,6,6.2,Yes,Yes,Yes,No,3,3.5,31,0
S00327,1,22,Male,79,9.99,62,82,20,2,3,2,8.8,No,Yes,No,Yes,2,5.7,17,0
S00328,8,22,Female,98,5.67,76,57,21,0,4,5,6.0,Yes,Yes,Yes,No,10,6.6,0,0
S00329,7,24,Male,74,7.12,54,76,15,0,5,4,6.4,Yes,Yes,Yes,No,7,6.8,16,0
S00330,5,24,Female,79,8.13,70,59,1,1,2,9,6.9,Yes,Yes,Yes,No,4,4.9,60,0
S00331,6,19,Male,76,6.97,65,95,26,1,2,8,6.0,Yes,Yes,Yes,No,6,3.9,29,0
S00332,5,19,Male,71,6.7,54,57,8,1,4,3,7.0,No,No,Yes,No,7,6.5,32,0
S00333,7,20,Male,70,7.14,59,48,1,0,6,9,5.5,Yes,Yes,No,No,5,3.6,20,0
S00334,3,23,Male,88,6.55,89,80,17,0,3,6,8.5,Yes,Yes,No,No,7,3.7,0,0
S00335,3,24,Female,74,5.0,76,79,24,0,7,6,7.2,No,Yes,No,No,4,4.9,0,0
S00336,7,19,Female,88,7.45,46,82,13,1,5,3,8.4,Yes,Yes,Yes,No,3,9.0,48,0
S00337,4,17,Female,57,7.85,87,93,13,0,4,5,5.2,Yes,Yes,Yes,Yes,4,6.1,44,0
S00338,6,18,Male,62,7.82,94,98,15,0,2,7,5.7,Yes,No,Yes,No,3,5.5,0,0
S00339,6,20,Female,99,7.38,86,44,14,1,5,4,8.1,Yes,Yes,Yes,No,9,5.2,70,0
S00340,5,18,Female,60,6.72,73,67,1,0,4,7,6.1,No,Yes,Yes,Yes,8,3.8,20,1
S00341,5,24,Female,90,7.05,55,58,20,4,4,5,6.7,Yes,Yes,No,No,5,3.9,59,0
S00342,4,21,Female,78,8.12,72,90,19,1,4,4,6.1,Yes,Yes,No,No,3,6.2,23,0
S00343,1,19,Female,69,6.65,82,70,10,0,1,2,6.3,Yes,Yes,No,No,6,5.5,8,0
S00344,1,21,Female,72,7.89,71,66,21,2,6,6,7.1,Yes,Yes,No,Yes,4,7.1,26,0
S00345,4,18,Male,58,9.45,89,60,11,0,2,6,6.5,Yes,Yes,No,Yes,5,6.3,57,0
S00346,2,17,Female,76,6.75,65,55,8,0,3,4,5.6,Yes,Yes,Yes,Yes,6,7.1,52,0
S00347,4,24,Female,74,7.0,75,69,28,1,4,2,5.8,Yes,Yes,No,No,5,8.7,53,0
S00348,8,20,Female,96,8.47,78,82,8,2,3,6,6.3,Yes,Yes,Yes,Yes,5,4.5,20,0
S00349,6,17,Male,70,8.32,71,50,14,0,4,5,7.8,Yes,Yes,No,No,6,4.9,27,0
S00350,2,23,Female,97,7.42,76,61,7,1,8,5,7.0,Yes,Yes,Yes,No,7,5.8,44,0
S00351,7,19,Male,97,6.88,48,69,16,0,3,3,7.4,Yes,Yes,No,Yes,4,1.5,62,0
S00352,1,21,Male,73,7.15,59,75,3,0,4,3,8.0,No,Yes,Yes,No,8,5.8,28,0
S00353,4,22,Female,94,5.38,67,77,14,0,7,4,6.0,Yes,No,Yes,No,9,4.7,42,0
S00354,8,24,Male,65,5.89,83,87,14,1,3,4,6.8,No,Yes,No,No,2,3.4,41,0
S00355,8,18,Male,72,4.38,62,74,22,2,5,6,7.9,Yes,No,Yes,No,6,4.2,41,0
S00356,5,22,Male,55,6.28,92,97,13,1,5,3,5.6,Yes,Yes,Yes,No,6,5.4,27,0
S00357,7,18,Male,92,7.49,82,79,18,0,2,5,5.7,Yes,Yes,Yes,No,9,6.0,10,0
S00358,3,20,Male,92,6.48,84,61,17,0,4,6,6.0,Yes,Yes,Yes,No,7,6.8,56,0
S00359,5,17,Female,92,5.43,85,47,29,2,6,3,7.5,Yes,No,No,No,5,4.1,40,1
S00360,2,21,Male,91,7.66,75,82,10,2,3,5,6.8,No,Yes,Yes,Yes,7,6.1,59,0
S00361,5,24,Female,88,7.63,78,82,11,3,6,6,7.2,Yes,Yes,Yes,Yes,4,8.0,30,0
S00362,1,21,Male,73,5.23,61,69,6,1,5,5,5.6,Yes,Yes,No,No,5,4.5,29,1
S00363,8,21,Female,98,6.64,54,86,14,5,10,6,6.5,Yes,Yes,No,No,6,5.0,59,0
S00364,5,19,Male,81,7.63,86,78,13,4,4,6,7.0,Yes,Yes,No,No,6,7.1,36,0
S00365,2,21,Female,100,6.5,52,88,12,1,7,4,7.5,No,Yes,Yes,No,5,7.1,21,0
S00366,6,19,Male,64,4.79,100,55,20,3,6,5,5.8,No,Yes,Yes,Yes,7,4.9,55,1
S00367,2,20,Female,65,6.69,71,92,23,1,8,7,7.2,No,Yes,Yes,No,3,6.1,33,0
S00368,7,21,Male,81,8.34,56,100,31,0,4,6,6.3,Yes,Yes,No,No,4,9.0,34,0
S00369,3,24,Female,80,6.42,51,100,13,1,4,3,6.8,Yes,Yes,No,No,3,5.9,39,0
S00370,8,20,Female,72,8.22,36,100,16,1,6,4,6.6,Yes,Yes,Yes,Yes,5,8.5,34,0
S00371,2,24,Male,63,8.04,68,51,12,0,5,7,5.9,Yes,Yes,No,Yes,2,3.5,58,1
S00372,1,20,Male,66,7.3,75,65,11,0,1,9,8.1,Yes,Yes,Yes,No,7,8.9,19,0
S00373,5,17,Female,64,6.56,69,78,25,1,3,9,7.6,Yes,Yes,Yes,No,3,4.2,10,0
S00374,1,21,Male,88,6.32,30,81,17,0,1,5,6.7,Yes,Yes,Yes,Yes,6,10.2,31,0
S00375,8,22,Male,82,7.54,75,71,9,0,4,5,5.9,No,Yes,No,No,9,8.3,55,0
S00376,7,22,Female,69,7.17,65,82,14,1,2,5,8.6,Yes,Yes,No,No,5,5.4,71,0
S00377,4,21,Female,84,7.82,60,99,25,0,3,10,6.9,Yes,Yes,Yes,No,3,10.1,40,0
S00378,4,18,Female,79,8.37,88,61,27,2,5,7,5.9,Yes,Yes,No,No,4,6.6,45,0
S00379,5,18,Male,94,7.23,75,75,12,1,5,6,6.3,Yes,Yes,No,No,8,7.3,40,0
S00380,1,23,Female,89,7.78,77,56,13,1,1,3,6.4,Yes,Yes,Yes,No,4,7.5,14,0
S00381,1,20,Female,93,7.64,67,73,10,0,2,1,7.9,No,Yes,No,Yes,4,1.0,23,0
S00382,6,17,Male,76,8.93,91,69,1,3,5,5,7.9,Yes,Yes,Yes,Yes,7,6.7,38,0
S00383,5,22,Female,73,6.1,64,53,7,0,5,3,6.2,No,Yes,No,No,7,3.4,35,1
S00384,2,18,Female,78,7.09,82,43,4,0,6,5,5.9,Yes,Yes,Yes,Yes,6,8.4,60,1
S00385,6,24,Male,81,8.02,56,80,24,2,6,3,7.2,Yes,Yes,No,No,6,4.0,18,0
S00386,4,24,Female,75,7.72,62,94,12,0,4,4,5.8,Yes,Yes,Yes,Yes,4,9.5,16,0
S00387,8,22,Female,73,7.24,74,73,11,1,4,6,6.4,No,Yes,No,No,1,5.1,35,0
S00388,5,18,Female,69,7.57,63,82,4,0,3,9,7.4,No,Yes,No,No,3,4.9,34,0
S00389,1,20,Female,79,6.91,72,63,31,2,5,7,6.1,Yes,Yes,Yes,Yes,5,5.6,11,0
S00390,4,21,Male,82,7.69,53,82,8,2,4,3,8.2,Yes,Yes,Yes,No,4,3.1,13,0
S00391,3,23,Female,95,8.28,54,60,17,1,5,4,8.9,No,Yes,No,No,7,9.5,27,0
S00392,5,18,Female,71,7.35,36,88,24,0,7,6,6.4,Yes,Yes,No,No,2,8.5,7,0
S00393,1,20,Male,74,5.82,79,85,26,2,8,4,7.2,Yes,Yes,No,No,5,5.5,45,1
S00394,6,19,Female,91,6.3,62,55,17,1,6,5,8.2,Yes,Yes,No,No,9,2.9,26,0
S00395,2,22,Male,44,7.14,72,50,11,2,5,7,6.5,Yes,Yes,No,Yes,7,7.1,67,1
S00396,7,22,Male,86,7.87,68,50,25,3,5,4,6.6,Yes,Yes,No,No,4,3.6,62,0
S00397,2,18,Female,88,8.29,79,85,10,1,8,4,8.6,Yes,Yes,Yes,No,7,2.3,31,0
S00398,1,21,Female,79,8.22,82,67,10,1,5,6,6.9,Yes,Yes,Yes,No,5,2.6,46,0
S00399,8,18,Female,90,7.99,55,63,12,0,5,7,6.6,Yes,Yes,Yes,No,6,5.0,32,0
S00400,8,22,Male,79,9.0,87,87,5,1,3,5,7.3,Yes,Yes,No,No,7,5.7,57,0
S00401,7,18,Male,80,7.87,64,95,3,4,6,5,8.6,Yes,Yes,Yes,No,4,8.8,51,1
S00402,6,17,Female,94,6.39,89,79,2,1,6,7,6.1,No,Yes,No,No,7,6.0,24,0
S00403,3,22,Female,90,6.74,55,80,10,0,4,5,5.8,Yes,No,No,No,8,5.6,11,0
S00404,8,22,Male,100,7.24,100,100,11,0,8,7,8.0,No,No,Yes,No,6,5.1,17,0
S00405,5,21,Female,82,6.64,74,79,13,1,5,5,6.7,No,Yes,Yes,No,6,6.6,9,0
S00406,6,24,Female,81,7.67,83,50,25,0,1,3,6.5,Yes,Yes,No,Yes,4,7.3,64,0
S00407,8,22,Male,66,7.45,63,56,15,0,6,5,7.3,Yes,Yes,Yes,Yes,7,7.9,15,0
S00408,4,17,Male,96,4.6,89,74,5,0,3,9,5.8,Yes,Yes,No,Yes,5,6.6,35,0
S00409,7,23,Male,78,6.88,100,79,13,2,4,7,8.1,No,Yes,No,No,3,6.3,24,0
S00410,2,24,Male,100,7.52,70,92,18,1,4,5,7.9,Yes,Yes,Yes,No,7,4.6,30,0
S00411,4,20,Female,79,9.77,71,55,9,0,6,5,7.8,Yes,Yes,Yes,No,5,7.3,32,0
S00412,2,24,Female,86,7.54,70,89,19,0,4,5,5.4,Yes,Yes,Yes,No,6,2.8,64,0
S00413,5,19,Female,72,6.51,93,94,12,0,4,4,7.6,No,Yes,Yes,No,6,4.1,2,0
S00414,2,17,Female,67,6.99,86,63,8,3,2,8,6.9,Yes,No,Yes,No,4,2.4,17,0
S00415,3,18,Male,99,7.62,83,100,1,1,5,3,5.3,Yes,No,No,No,8,4.7,51,0
S00416,7,20,Male,96,6.75,78,77,7,3,5,8,6.1,No,Yes,Yes,No,5,8.0,47,0
S00417,6,22,Female,78,7.17,72,79,15,0,3,5,8.0,Yes,Yes,No,No,3,7.2,13,0
S00418,2,24,Male,78,6.18,47,42,8,0,6,5,6.4,Yes,No,Yes,Yes,9,6.2,44,1
S00419,8,22,Male,96,6.1,65,75,5,1,1,3,6.2,Yes,Yes,Yes,No,6,8.1,44,0
S00420,6,18,Male,79,6.35,80,78,5,0,2,7,6.5,Yes,Yes,No,Yes,6,5.5,36,0
S00421,8,17,Male,99,7.19,67,69,13,2,2,4,6.2,Yes,Yes,No,No,2,6.3,68,0
S00422,3,24,Male,82,8.24,42,78,3,3,5,2,7.9,Yes,Yes,Yes,No,6,1.3,80,1
S00423,2,23,Male,81,6.51,88,78,2,0,2,9,7.8,Yes,Yes,Yes,Yes,4,3.4,45,0
S00424,2,19,Male,83,6.05,92,54,16,1,6,5,6.4,Yes,No,Yes,Yes,5,2.5,64,0
S00425,6,24,Male,94,7.1,100,75,10,1,5,8,6.2,No,Yes,No,Yes,7,4.9,19,0
S00426,3,17,Male,68,4.54,57,97,1,0,3,4,8.5,No,Yes,Yes,No,9,3.9,15,1
S00427,2,19,Female,63,8.83,53,50,5,1,6,8,8.5,Yes,Yes,No,Yes,6,6.6,49,1
S00428,7,23,Female,65,7.07,77,61,15,0,1,4,6.5,Yes,Yes,No,Yes,4,1.8,51,0
S00429,8,21,Female,78,7.36,78,77,12,0,4,3,6.2,Yes,Yes,No,No,6,4.9,37,0
S00430,7,23,Male,99,8.59,83,87,9,0,2,4,7.5,Yes,Yes,Yes,No,10,6.9,78,0
S00431,5,20,Male,65,7.58,51,71,19,1,2,7,6.1,No,Yes,No,Yes,5,6.0,20,0
S00432,4,20,Male,87,8.96,68,40,12,1,1,3,5.2,Yes,Yes,No,No,9,6.1,13,0
S00433,6,17,Male,82,7.99,78,63,8,0,5,7,6.3,Yes,Yes,Yes,No,6,7.9,17,0
S00434,7,21,Female,81,8.45,75,37,2,3,6,5,6.8,Yes,Yes,Yes,Yes,5,6.0,24,1
S00435,1,24,Male,71,8.31,63,80,14,0,3,4,7.2,Yes,Yes,Yes,No,7,8.9,26,0
S00436,2,17,Male,92,8.85,94,91,17,0,4,5,6.9,Yes,Yes,Yes,No,2,5.9,63,0
S00437,5,23,Male,77,8.16,60,88,27,2,3,5,7.5,Yes,Yes,No,No,6,3.6,48,0
S00438,4,20,Male,81,6.19,74,65,36,3,6,5,6.4,Yes,Yes,No,Yes,6,10.4,37,0
S00439,8,18,Male,79,6.97,88,100,13,4,1,8,8.5,Yes,Yes,Yes,Yes,8,5.3,31,0
S00440,5,20,Female,72,8.41,76,35,16,0,7,6,8.4,Yes,Yes,No,Yes,5,5.1,21,0
S00441,3,24,Female,72,5.86,97,99,17,1,2,7,7.0,Yes,Yes,No,No,4,4.5,56,0
S00442,7,23,Female,71,9.69,68,57,17,1,5,9,6.1,No,No,No,Yes,5,3.0,29,0
S00443,5,24,Female,56,7.61,95,85,16,0,1,2,6.2,Yes,Yes,No,No,7,4.1,19,0
S00444,7,20,Female,70,7.21,65,73,13,2,5,7,6.8,Yes,Yes,Yes,Yes,8,7.4,42,0
S00445,2,18,Male,54,7.72,69,82,11,0,1,4,7.7,Yes,Yes,No,No,7,3.0,52,0
S00446,5,20,Female,63,7.79,59,63,17,1,4,7,5.6,Yes,Yes,No,No,5,7.7,65,0
S00447,1,23,Male,66,8.6,62,88,13,0,4,5,5.3,Yes,Yes,No,No,3,2.5,25,0
S00448,5,17,Male,70,7.47,65,81,15,1,5,7,5.0,Yes,Yes,Yes,No,9,5.5,0,0
S00449,2,17,Male,93,7.38,63,44,14,2,5,4,5.9,Yes,Yes,No,No,5,8.1,32,0
S00450,6,22,Male,63,7.63,77,80,28,2,5,7,7.1,Yes,Yes,No,Yes,8,4.7,48,0
S00451,8,24,Male,74,7.54,92,82,16,1,6,7,6.2,Yes,Yes,Yes,No,6,6.2,39,0
S00452,2,20,Female,82,6.82,70,62,19,2,6,4,6.3,Yes,Yes,Yes,No,6,7.4,22,0
S00453,4,17,Male,85,5.8,70,88,18,1,3,6,6.7,Yes,Yes,Yes,Yes,7,3.2,14,0
S00454,3,17,Male,71,7.84,42,78,23,3,3,4,6.4,Yes,Yes,Yes,No,4,5.1,31,0
S00455,1,19,Male,65,8.77,34,66,13,0,3,5,8.0,No,Yes,Yes,No,2,3.0,22,0
S00456,5,19,Female,91,7.31,53,83,30,2,3,8,7.6,No,Yes,No,No,1,3.9,33,0
S00457,3,23,Male,88,6.2,70,89,13,1,4,3,5.9,Yes,Yes,Yes,No,5,1.0,52,0
S00458,5,23,Female,65,4.59,74,86,1,1,3,3,7.4,Yes,Yes,Yes,Yes,2,4.1,45,1
S00459,4,21,Female,77,6.09,53,56,15,0,1,6,5.7,Yes,Yes,No,Yes,3,4.9,36,0
S00460,8,23,Female,94,6.5,43,100,17,0,3,6,6.6,Yes,Yes,No,No,3,3.5,35,0
S00461,8,19,Female,58,7.06,83,70,9,1,5,7,7.2,Yes,Yes,No,No,5,7.1,14,0
S00462,1,22,Female,81,6.86,64,60,9,3,4,4,6.5,No,Yes,No,Yes,7,4.1,40,0
S00463,4,23,Male,70,6.2,89,89,9,2,6,6,7.1,Yes,Yes,No,No,7,3.9,51,0
S00464,1,22,Male,64,7.91,94,85,3,2,4,6,7.0,Yes,Yes,Yes,No,8,7.4,25,0
S00465,6,19,Male,77,6.63,81,92,5,3,4,6,6.6,Yes,Yes,Yes,No,7,5.9,53,0
S00466,6,18,Female,58,7.99,71,99,15,0,3,5,6.1,Yes,Yes,No,No,5,5.8,55,0
S00467,4,22,Female,72,6.97,43,74,19,2,2,5,8.0,Yes,Yes,Yes,No,5,7.0,17,0
S00468,6,19,Female,95,7.66,45,57,14,1,4,6,6.1,Yes,Yes,No,Yes,3,6.7,43,0
S00469,8,20,Female,84,7.51,68,57,9,0,4,8,6.9,No,Yes,Yes,No,4,5.5,36,0
S00470,3,22,Female,86,5.37,84,84,18,1,2,3,7.7,Yes,Yes,No,No,6,5.9,46,0
S00471,8,23,Female,90,7.23,87,72,20,1,2,7,6.9,Yes,Yes,Yes,No,6,9.3,30,0
S00472,7,21,Male,67,6.9,67,68,5,3,5,6,7.7,Yes,Yes,Yes,Yes,6,6.2,55,0
S00473,8,22,Male,65,7.52,81,67,13,0,6,6,7.8,No,Yes,Yes,Yes,7,2.5,11,0
S00474,5,19,Male,58,7.75,71,45,24,0,8,2,8.5,Yes,Yes,No,No,5,7.6,24,1
S00475,3,17,Male,85,6.91,50,76,17,0,4,6,7.4,No,Yes,Yes,No,10,10.7,25,0
S00476,4,21,Female,65,8.4,56,76,23,1,5,6,7.7,Yes,No,No,No,8,5.8,17,0
S00477,7,19,Male,50,4.54,48,56,2,0,3,9,6.5,Yes,Yes,No,No,3,5.1,60,1
S00478,2,22,Female,78,8.56,69,76,14,1,3,7,9.3,Yes,Yes,Yes,Yes,7,11.3,0,0
S00479,8,22,Female,67,7.77,78,71,22,1,6,4,6.6,Yes,Yes,Yes,No,6,4.4,3,0
S00480,6,24,Female,82,5.74,78,68,14,2,1,4,5.5,Yes,Yes,No,No,6,6.0,0,0
S00481,3,21,Female,81,7.31,76,61,14,2,5,7,7.0,Yes,Yes,Yes,No,5,5.1,41,0
S00482,5,19,Male,60,6.43,72,55,20,3,7,8,5.7,Yes,Yes,No,Yes,4,6.5,1,1
S00483,6,20,Female,48,6.35,100,86,16,3,7,8,7.9,No,Yes,No,Yes,6,5.1,28,1
S00484,8,17,Female,78,6.16,77,64,10,1,3,9,4.0,Yes,Yes,No,No,6,8.7,22,0
S00485,6,21,Male,71,7.25,77,84,22,0,6,4,4.8,No,Yes,No,No,6,8.6,10,0
S00486,7,19,Female,87,7.5,56,60,27,0,1,7,7.5,Yes,Yes,No,Yes,7,4.4,73,0
S00487,6,24,Female,66,5.29,75,66,21,1,3,5,6.6,No,Yes,Yes,No,6,4.0,30,0
S00488,1,19,Female,62,10.0,66,71,18,3,5,9,7.1,Yes,Yes,No,No,3,4.0,17,0
S00489,4,17,Female,81,7.78,59,89,18,1,4,8,6.0,Yes,Yes,Yes,Yes,4,6.1,26,0
S00490,6,20,Female,87,7.22,77,74,20,0,8,8,5.6,Yes,Yes,Yes,No,9,7.3,22,0
S00491,8,24,Male,77,7.98,78,61,23,1,7,6,6.7,No,Yes,Yes,Yes,1,6.9,50,0
S00492,1,21,Female,100,8.58,51,95,23,0,6,5,6.2,Yes,Yes,Yes,No,8,8.7,44,0
S00493,3,22,Male,75,7.27,76,77,12,2,5,6,9.5,Yes,Yes,Yes,No,5,6.5,12,0
S00494,8,23,Male,72,7.13,65,95,27,0,4,7,7.8,Yes,Yes,No,Yes,6,5.1,23,0
S00495,7,21,Female,69,5.85,75,76,14,2,4,4,7.0,No,Yes,Yes,No,7,6.5,38,1
S00496,1,24,Female,78,8.6,46,81,13,1,6,7,8.6,Yes,Yes,Yes,No,1,5.8,0,0
S00497,3,17,Female,82,5.95,77,80,15,0,5,6,7.2,Yes,Yes,Yes,No,4,6.7,5,0
S00498,5,22,Female,87,6.86,62,77,16,0,5,5,4.2,No,Yes,No,Yes,7,6.5,38,0
S00499,4,23,Male,94,8.56,67,83,9,2,6,6,8.1,Yes,No,No,No,4,1.9,0,0
S00500,6,20,Female,71,8.39,98,92,12,0,7,4,7.2,Yes,Yes,Yes,No,6,4.9,47,0
S00501,6,24,Male,83,6.66,65,91,17,2,5,8,7.4,No,Yes,No,No,9,6.0,44,0
S00502,5,18,Male,100,7.9,61,100,4,0,4,7,7.3,Yes,Yes,No,Yes,5,5.9,3,0
S00503,3,17,Female,80,8.64,68,83,23,2,6,8,6.2,Yes,Yes,No,Yes,2,7.0,41,0
S00504,6,22,Female,99,7.97,57,71,6,2,3,8,7.8,No,Yes,No,No,3,1.4,31,0
S00505,7,21,Female,58,6.14,83,65,14,0,5,6,7.3,Yes,Yes,Yes,Yes,3,7.1,28,0
S00506,5,17,Female,82,8.71,75,78,14,0,3,9,6.4,Yes,Yes,No,No,6,1.5,47,0
S00507,6,23,Female,68,6.05,78,44,18,0,1,4,6.5,Yes,Yes,Yes,No,2,7.3,25,0
S00508,8,23,Female,87,6.1,57,81,11,0,5,10,7.7,Yes,Yes,No,Yes,5,2.1,35,0
S00509,3,24,Female,97,6.66,68,69,1,3,2,5,5.5,Yes,Yes,Yes,No,7,4.4,24,0
S00510,5,19,Female,75,7.89,65,41,21,1,5,8,4.4,Yes,Yes,No,No,6,7.0,62,0
S00511,1,20,Female,89,6.8,45,61,19,0,6,2,5.8,No,Yes,No,Yes,3,8.2,17,1
S00512,2,20,Female,80,7.38,90,95,27,2,7,2,5.4,Yes,Yes,Yes,No,9,3.2,31,0
S00513,5,24,Female,69,7.6,91,54,1,3,6,5,7.7,Yes,Yes,Yes,No,4,5.3,50,1
S00514,7,21,Male,89,8.42,85,79,15,2,3,4,4.9,Yes,Yes,Yes,No,6,5.8,4,0
S00515,4,17,Female,75,9.95,73,76,30,0,5,4,6.9,Yes,Yes,No,Yes,4,4.8,13,0
S00516,8,23,Female,80,6.38,79,84,18,5,8,6,8.0,No,Yes,Yes,No,5,4.2,36,0
S00517,2,19,Male,75,8.64,63,64,25,3,1,5,5.5,Yes,Yes,Yes,No,4,3.0,38,0
S00518,3,17,Female,71,7.52,80,61,23,5,4,3,6.4,Yes,Yes,Yes,No,4,7.1,55,0
S00519,5,21,Male,80,6.38,87,85,16,2,5,7,7.3,Yes,Yes,Yes,Yes,8,11.6,44,0
S00520,2,20,Female,74,9.38,57,65,15,0,3,5,6.5,Yes,Yes,No,No,7,10.0,4,0
S00521,2,24,Female,80,8.3,77,78,20,0,4,7,5.6,Yes,Yes,Yes,No,7,8.1,82,0
S00522,1,20,Female,100,8.22,60,70,16,2,2,3,7.1,Yes,Yes,No,Yes,5,7.2,6,0
S00523,1,17,Female,77,6.37,44,68,16,0,5,6,6.3,Yes,Yes,Yes,Yes,6,1.0,36,0
S00524,8,22,Male,81,7.4,61,100,24,0,7,4,7.6,Yes,Yes,Yes,No,8,2.6,76,0
S00525,6,21,Female,65,8.67,55,90,10,0,6,7,7.6,Yes,Yes,Yes,No,4,4.9,43,0
S00526,6,18,Male,90,6.89,64,62,13,4,1,10,3.8,Yes,Yes,No,No,8,5.6,37,0
S00527,5,23,Female,70,6.18,95,100,8,1,2,4,7.6,No,Yes,No,Yes,7,2.1,26,0
S00528,6,23,Male,78,7.44,73,89,21,1,1,5,7.0,Yes,Yes,No,No,8,7.5,44,0
S00529,2,17,Male,79,6.77,67,61,14,1,6,10,8.4,Yes,Yes,Yes,Yes,5,3.7,10,0
S00530,2,21,Male,69,6.98,88,100,5,1,5,5,7.6,Yes,Yes,No,No,4,6.7,33,0
S00531,1,20,Male,83,7.86,100,71,19,2,4,4,4.0,Yes,Yes,No,Yes,5,6.0,11,0
S00532,7,20,Female,78,6.67,68,66,17,0,6,10,7.1,No,Yes,Yes,No,5,4.9,28,0
S00533,4,22,Male,94,7.59,76,84,27,1,4,3,7.3,No,Yes,No,No,5,5.2,17,0
S00534,5,24,Female,94,8.2,74,100,12,4,4,7,7.0,Yes,Yes,Yes,No,6,6.7,11,0
S00535,5,23,Female,73,6.74,81,90,8,0,5,4,4.5,No,Yes,Yes,No,8,7.5,0,0
S00536,8,23,Male,76,6.41,61,61,13,2,1,9,8.7,Yes,Yes,Yes,No,7,1.0,57,0
S00537,5,17,Male,71,5.47,88,58,14,0,3,7,6.1,Yes,No,No,Yes,5,4.2,27,0
S00538,3,24,Male,77,6.03,74,79,19,4,8,2,7.4,Yes,Yes,No,No,6,5.2,58,0
S00539,4,19,Female,92,7.61,63,82,17,3,5,3,8.6,Yes,Yes,No,Yes,9,3.6,0,0
S00540,1,19,Female,95,5.77,66,73,18,2,5,3,6.5,Yes,No,Yes,No,6,8.1,24,1
S00541,7,19,Female,94,5.82,76,78,10,1,2,10,6.7,Yes,Yes,Yes,No,2,1.7,52,0
S00542,7,17,Female,92,7.36,65,59,15,1,1,6,5.1,Yes,Yes,No,Yes,7,6.2,49,0
S00543,7,21,Male,89,9.15,68,65,24,1,7,5,7.0,No,Yes,No,No,6,3.9,65,0
S00544,7,22,Male,84,6.0,70,68,19,0,2,8,6.1,Yes,Yes,No,No,8,9.5,9,0
S00545,1,20,Male,68,5.94,76,90,13,2,3,7,4.5,No,Yes,Yes,No,6,2.9,26,1
S00546,6,24,Male,67,6.2,62,58,15,2,4,5,6.3,Yes,Yes,Yes,No,4,4.4,36,1
S00547,3,19,Male,85,8.42,79,68,12,0,1,6,7.4,Yes,Yes,Yes,No,7,2.2,16,0
S00548,6,21,Male,94,6.31,81,77,22,1,5,1,6.5,No,Yes,Yes,No,3,6.0,35,0
S00549,4,23,Female,100,8.53,51,84,7,1,5,3,7.9,No,Yes,Yes,No,5,1.9,70,0
S00550,1,18,Female,62,4.91,53,69,9,1,6,6,6.2,No,Yes,Yes,No,4,5.9,21,1
S00551,4,24,Male,68,7.47,72,84,13,1,2,4,5.5,Yes,No,Yes,No,6,5.4,27,0
S00552,8,23,Male,84,7.81,64,85,10,2,6,5,7.4,Yes,Yes,Yes,Yes,4,2.5,53,0
S00553,5,24,Female,85,6.39,61,88,13,2,1,10,7.3,Yes,Yes,No,No,4,4.8,38,0
S00554,2,23,Female,86,8.11,62,43,21,1,10,8,8.1,Yes,Yes,Yes,Yes,5,6.6,28,0
S00555,8,21,Female,80,8.85,59,66,15,0,2,9,7.7,Yes,Yes,No,No,5,4.3,50,0
S00556,1,21,Female,77,7.01,53,67,8,0,2,5,7.2,Yes,Yes,Yes,No,5,4.0,48,0
S00557,4,24,Female,91,5.79,66,58,28,1,6,3,7.4,Yes,Yes,No,Yes,5,5.9,55,1
S00558,2,23,Female,69,8.2,75,84,19,3,8,5,7.6,Yes,Yes,Yes,No,3,5.3,50,0
S00559,5,18,Male,51,6.16,64,100,13,0,6,4,5.5,Yes,Yes,Yes,No,7,6.6,35,0
S00560,3,21,Female,85,6.89,35,86,15,1,3,2,6.7,Yes,Yes,Yes,Yes,7,9.1,49,0
S00561,6,22,Female,74,8.71,94,96,5,3,4,4,7.3,No,Yes,No,No,8,6.2,54,0
S00562,6,22,Female,82,5.74,76,100,11,0,5,3,6.4,Yes,Yes,No,No,3,7.2,25,0
S00563,7,21,Male,87,7.28,76,71,7,0,2,8,4.4,Yes,No,No,No,7,3.1,11,0
S00564,3,23,Male,80,6.75,80,67,16,0,6,7,7.5,Yes,Yes,No,No,7,3.6,29,0
S00565,8,18,Male,84,7.52,80,59,9,0,5,4,6.2,No,Yes,No,No,3,9.0,39,0
S00566,6,23,Female,78,7.81,97,75,23,3,10,6,7.9,No,Yes,Yes,No,3,5.9,51,0
S00567,1,20,Male,91,6.37,65,93,21,0,6,4,6.3,Yes,Yes,Yes,No,7,6.5,61,0
S00568,8,24,Male,86,7.71,63,65,17,1,4,3,4.5,Yes,Yes,No,Yes,6,2.2,21,0
S00569,8,23,Female,74,5.25,75,78,11,0,3,6,6.9,Yes,Yes,Yes,No,5,3.5,10,0
S00570,3,24,Female,58,6.3,70,76,13,2,5,6,5.8,Yes,Yes,Yes,No,8,3.4,46,0
S00571,6,19,Female,88,7.03,53,40,10,2,4,3,6.6,No,Yes,Yes,Yes,4,4.8,40,1
S00572,1,19,Male,92,7.22,44,100,6,0,6,7,5.9,Yes,Yes,Yes,No,5,3.0,24,0
S00573,3,22,Female,83,7.11,97,79,16,1,7,6,7.9,Yes,No,No,No,8,6.5,30,0
S00574,7,21,Male,77,5.97,69,60,14,2,3,2,7.5,Yes,Yes,No,Yes,7,6.3,55,1
S00575,8,19,Female,76,5.81,80,86,10,1,4,7,7.1,Yes,Yes,Yes,No,8,7.3,62,0
S00576,2,17,Female,65,8.17,78,88,19,0,6,8,4.5,Yes,No,No,No,2,6.1,33,0
S00577,3,22,Male,66,6.81,58,50,9,0,3,5,9.1,Yes,Yes,No,No,9,3.0,34,0
S00578,4,23,Female,74,8.32,59,92,14,3,7,4,7.0,Yes,Yes,Yes,No,10,2.3,0,0
S00579,5,24,Male,81,7.66,73,79,4,0,5,4,6.5,Yes,Yes,Yes,No,2,5.8,36,0
S00580,2,20,Female,74,6.69,71,71,20,0,5,6,6.6,Yes,Yes,No,No,8,6.4,23,0
S00581,2,24,Male,77,6.37,94,95,8,1,4,6,6.9,Yes,Yes,No,No,6,6.2,54,0
S00582,3,18,Male,90,7.14,63,58,19,0,3,7,6.5,Yes,Yes,Yes,Yes,5,2.8,39,0
S00583,8,17,Male,68,7.77,88,100,1,2,2,2,4.3,Yes,Yes,No,No,4,9.5,43,1
S00584,2,20,Male,58,6.32,48,74,18,2,4,6,7.5,Yes,Yes,No,Yes,7,5.1,79,1
S00585,7,23,Female,60,5.67,75,69,19,2,3,6,5.9,Yes,Yes,Yes,No,10,5.3,31,1
S00586,6,21,Male,77,7.43,70,97,22,0,5,2,8.4,Yes,Yes,Yes,No,6,3.1,12,0
S00587,4,24,Male,83,8.01,73,71,22,0,2,2,8.9,Yes,Yes,No,Yes,5,4.9,52,0
S00588,7,20,Male,61,6.99,66,100,17,2,5,7,5.8,No,Yes,No,Yes,6,5.7,54,1
S00589,2,17,Male,77,6.71,46,54,31,2,7,8,8.0,Yes,Yes,No,Yes,6,6.5,42,1
S00590,2,19,Male,72,7.26,35,69,10,1,3,7,7.9,Yes,Yes,Yes,No,10,4.8,59,0
S00591,6,22,Male,77,7.85,70,74,13,0,4,5,5.1,No,Yes,Yes,Yes,6,3.3,37,0
S00592,1,21,Female,77,9.42,68,100,14,0,1,5,5.2,Yes,Yes,No,No,7,5.7,5,0
S00593,7,20,Male,64,5.9,77,97,11,0,2,3,6.7,Yes,Yes,No,No,5,5.7,37,1
S00594,7,18,Male,75,7.84,69,60,6,0,8,6,8.4,Yes,Yes,Yes,No,6,10.5,37,0
S00595,3,22,Female,98,7.81,53,87,23,1,2,1,7.5,Yes,Yes,No,No,6,5.3,39,0
S00596,4,18,Female,100,6.27,73,100,7,2,4,5,7.2,Yes,Yes,Yes,No,9,9.0,49,0
S00597,2,19,Male,44,8.03,56,86,13,2,3,6,4.2,Yes,Yes,Yes,No,4,2.8,31,0
S00598,8,19,Male,92,7.52,91,95,13,1,5,5,6.8,No,Yes,Yes,No,6,8.3,4,0
S00599,3,17,Male,80,7.49,73,91,29,0,2,10,6.0,No,Yes,No,No,2,9.9,49,0
S00600,2,24,Female,91,6.13,80,92,17,3,5,4,7.7,Yes,Yes,No,Yes,5,7.5,17,0
S00601,1,23,Female,89,7.18,71,58,24,0,4,7,7.1,Yes,No,Yes,Yes,1,4.0,41,0
S00602,2,17,Female,70,7.26,72,71,11,0,7,4,7.1,Yes,Yes,Yes,Yes,6,1.0,12,0
S00603,3,18,Male,100,6.36,33,100,21,2,4,5,6.6,Yes,Yes,Yes,No,1,6.2,48,0
S00604,1,19,Female,87,7.34,84,62,22,2,4,8,5.6,Yes,Yes,Yes,No,8,6.1,56,0
S00605,2,19,Male,61,6.87,56,80,21,2,4,4,6.7,Yes,Yes,Yes,Yes,3,1.0,57,1
S00606,7,17,Male,57,8.08,58,60,11,0,3,4,6.8,Yes,Yes,Yes,Yes,10,4.9,47,0
S00607,6,21,Male,69,5.83,70,52,10,1,2,5,6.8,Yes,Yes,Yes,No,9,3.1,6,0
S00608,2,17,Male,57,4.62,70,86,14,1,2,4,7.6,Yes,Yes,No,No,5,6.7,0,0
S00609,3,19,Male,68,6.43,90,46,19,0,5,10,6.9,Yes,Yes,No,Yes,4,7.8,49,0
S00610,5,21,Male,62,7.78,72,72,3,1,5,4,8.0,Yes,Yes,Yes,No,7,2.0,12,0
S00611,5,23,Female,80,8.55,64,81,11,1,1,3,7.2,No,Yes,Yes,No,5,2.1,28,0
S00612,8,19,Male,74,8.65,70,62,12,0,4,5,6.9,Yes,Yes,No,No,6,6.2,23,0
S00613,4,17,Male,74,6.47,79,80,20,1,4,6,6.9,No,Yes,No,Yes,7,3.8,36,0
S00614,5,21,Male,69,7.16,64,88,17,1,6,6,5.7,Yes,Yes,Yes,No,7,5.9,24,0
S00615,4,18,Male,90,6.54,98,57,12,0,4,8,6.4,No,Yes,Yes,No,5,8.5,64,0
S00616,7,24,Female,83,7.56,70,66,7,1,6,8,7.4,Yes,Yes,Yes,No,7,7.1,55,0
S00617,7,19,Female,90,5.67,33,45,9,2,5,5,4.6,Yes,Yes,No,Yes,7,7.7,32,1
S00618,6,18,Male,80,7.6,84,65,14,1,8,3,5.9,No,Yes,Yes,No,6,1.7,51,0
S00619,7,19,Female,99,8.12,75,61,3,3,6,1,8.1,Yes,Yes,No,No,3,2.3,33,1
S00620,5,23,Female,57,8.01,100,56,15,1,3,2,7.6,No,Yes,Yes,Yes,8,3.0,39,1
S00621,6,23,Male,85,7.6,68,56,17,0,3,4,5.1,No,Yes,No,Yes,5,2.8,58,0
S00622,7,17,Male,62,7.3,51,96,25,0,5,6,6.0,Yes,Yes,Yes,No,5,8.3,17,0
S00623,8,20,Male,78,9.0,54,98,17,2,4,3,7.6,Yes,Yes,No,Yes,5,2.2,32,0
S00624,4,18,Female,90,6.08,56,93,14,1,7,6,7.8,No,Yes,No,No,4,8.0,25,0
S00625,4,20,Male,79,7.01,69,73,19,0,5,8,7.4,Yes,Yes,Yes,No,4,3.8,61,0
S00626,6,18,Male,64,7.07,98,50,13,1,4,7,6.7,Yes,Yes,No,No,5,8.1,57,0
S00627,3,24,Female,85,6.9,48,45,26,1,5,3,7.1,Yes,Yes,No,Yes,7,4.8,44,1
S00628,6,22,Female,93,7.26,85,75,21,0,5,6,6.6,Yes,Yes,Yes,No,2,6.7,24,0
S00629,4,21,Female,74,7.57,100,73,13,3,3,6,6.5,Yes,Yes,Yes,Yes,5,3.9,20,0
S00630,4,23,Female,45,7.03,60,66,13,0,2,5,6.9,Yes,Yes,No,No,4,4.3,29,0
S00631,4,17,Male,77,8.93,67,62,27,1,6,8,7.0,Yes,Yes,Yes,Yes,4,2.0,10,0
S00632,4,19,Male,66,6.37,81,65,5,1,8,4,7.9,Yes,Yes,Yes,No,8,5.7,55,0
S00633,3,23,Female,61,8.61,60,100,23,0,3,5,7.3,Yes,Yes,No,No,7,11.8,60,0
S00634,3,18,Male,73,6.3,86,98,9,1,3,8,6.4,No,Yes,No,No,7,10.1,40,0
S00635,8,17,Male,87,8.02,61,78,21,0,5,7,7.2,Yes,Yes,No,No,6,4.5,24,0
S00636,7,17,Male,60,6.3,65,71,17,2,1,10,6.5,Yes,Yes,Yes,Yes,7,10.1,16,1
S00637,3,19,Male,72,6.99,95,71,1,0,7,3,7.0,Yes,Yes,Yes,Yes,5,6.5,33,1
S00638,6,23,Female,61,7.46,68,55,12,0,3,6,6.1,Yes,Yes,Yes,No,10,5.0,11,0
S00639,2,22,Female,82,6.62,56,53,2,0,8,8,5.9,No,Yes,No,No,6,6.6,44,1
S00640,6,17,Male,57,7.16,75,79,24,0,5,1,6.6,Yes,Yes,Yes,No,2,8.4,18,0
S00641,5,19,Male,77,7.05,60,83,9,2,6,5,7.6,Yes,Yes,Yes,Yes,6,7.3,0,0
S00642,5,23,Female,75,9.32,91,48,5,0,1,4,6.5,Yes,No,No,No,4,8.8,42,0
S00643,8,18,Female,100,6.6,85,78,15,0,1,3,7.9,Yes,Yes,No,Yes,6,1.0,49,0
S00644,5,17,Male,68,7.94,71,75,13,0,6,2,6.5,Yes,Yes,Yes,No,2,6.4,39,0
S00645,7,17,Male,72,7.88,89,100,14,1,3,1,5.1,Yes,Yes,Yes,Yes,4,7.8,41,0
S00646,8,23,Female,76,7.21,43,66,17,0,2,4,6.5,Yes,Yes,No,No,4,4.3,54,0
S00647,3,24,Female,89,7.65,46,100,19,1,5,5,6.0,No,Yes,Yes,No,9,5.5,33,0
S00648,6,21,Female,88,8.06,65,74,10,0,4,5,8.7,No,Yes,No,No,10,6.2,14,0
S00649,5,18,Female,56,5.12,86,92,26,0,6,4,6.1,Yes,Yes,No,No,5,5.6,29,1
S00650,4,24,Male,68,9.06,71,100,20,0,5,8,7.6,Yes,Yes,No,No,3,3.6,30,0
S00651,3,20,Female,93,6.36,56,52,21,0,4,4,7.6,Yes,Yes,No,Yes,7,3.6,28,0
S00652,8,22,Male,49,7.43,54,65,10,1,3,1,6.4,Yes,Yes,No,No,5,5.7,53,0
S00653,2,20,Male,79,6.81,69,68,16,1,3,4,7.1,Yes,Yes,No,No,7,5.2,50,0
S00654,3,24,Female,96,8.07,84,77,15,1,3,7,5.8,Yes,Yes,Yes,Yes,4,4.6,47,0
S00655,7,18,Male,68,6.27,66,72,12,0,3,8,6.4,Yes,Yes,No,No,6,4.5,55,0
S00656,7,19,Female,98,8.23,53,99,22,2,6,6,7.7,Yes,Yes,No,No,8,3.0,23,0
S00657,8,23,Female,53,7.72,78,100,9,2,3,9,7.0,Yes,Yes,Yes,Yes,6,4.9,46,0
S00658,8,24,Female,85,6.9,97,78,14,1,3,3,7.8,Yes,Yes,Yes,Yes,5,7.7,43,0
S00659,2,17,Male,66,8.12,67,76,11,1,8,5,7.0,Yes,Yes,Yes,No,5,1.5,38,0
S00660,5,18,Male,71,6.51,36,67,19,1,3,9,8.1,No,Yes,Yes,No,5,6.8,44,0
S00661,8,20,Male,66,5.8,68,41,20,3,3,5,9.5,Yes,Yes,No,No,5,7.0,22,1
S00662,7,17,Female,88,5.69,56,43,11,2,5,5,7.0,Yes,Yes,Yes,No,8,7.4,72,1
S00663,2,18,Male,84,8.75,60,79,23,0,4,6,5.6,No,Yes,Yes,No,7,3.1,39,0
S00664,5,22,Male,81,7.31,99,81,9,1,4,6,7.0,Yes,Yes,No,No,5,6.7,34,0
S00665,1,24,Male,72,6.11,75,64,16,0,4,6,7.6,Yes,Yes,Yes,Yes,4,2.8,0,0
S00666,2,19,Male,48,7.87,66,80,6,4,4,6,8.4,Yes,Yes,Yes,No,3,3.2,37,1
S00667,1,20,Female,86,6.82,55,48,11,3,2,6,6.4,Yes,Yes,Yes,No,5,2.2,36,0
S00668,8,24,Male,91,5.55,77,80,10,0,6,1,5.4,Yes,Yes,Yes,No,5,11.7,21,1
S00669,4,17,Female,91,7.62,70,93,18,1,3,5,7.5,No,Yes,No,No,1,4.2,75,0
S00670,7,23,Female,100,9.43,72,71,25,1,2,9,5.8,Yes,Yes,Yes,No,7,5.4,39,0
S00671,8,23,Female,65,6.83,87,78,23,0,1,7,5.3,No,Yes,Yes,No,3,4.9,59,0
S00672,8,18,Female,89,6.17,86,43,16,0,5,5,6.0,Yes,No,Yes,No,7,6.0,42,0
S00673,6,21,Female,84,5.22,80,67,2,0,3,5,7.6,Yes,Yes,Yes,No,8,5.7,37,0
S00674,3,20,Female,64,8.04,63,96,8,0,4,2,6.3,Yes,Yes,Yes,No,3,3.3,11,0
S00675,2,23,Male,75,8.61,60,100,7,0,5,9,7.5,Yes,Yes,Yes,No,8,7.2,68,0
S00676,6,20,Female,93,5.71,74,82,8,0,5,5,6.4,Yes,Yes,Yes,No,6,6.1,39,0
S00677,4,23,Female,88,7.53,87,49,11,0,4,4,5.8,No,Yes,No,No,7,1.0,17,0
S00678,6,20,Male,84,7.05,85,91,21,0,7,5,6.8,Yes,Yes,No,Yes,6,3.6,18,0
S00679,5,18,Female,90,7.25,70,54,17,2,5,2,7.3,Yes,Yes,No,No,6,5.9,24,0
S00680,5,24,Male,85,5.98,42,64,19,0,2,7,6.0,Yes,Yes,Yes,No,5,6.8,11,0
S00681,6,22,Female,80,7.28,57,100,7,0,4,6,7.1,Yes,Yes,Yes,No,4,7.3,16,0
S00682,2,24,Male,79,6.08,79,65,2,3,1,3,6.4,Yes,Yes,No,No,7,5.0,73,0
S00683,3,21,Male,82,6.53,53,100,10,3,5,5,6.1,Yes,Yes,Yes,Yes,1,7.2,43,0
S00684,2,23,Female,63,8.31,66,80,16,0,5,7,6.5,Yes,No,Yes,No,10,4.1,28,0
S00685,8,22,Female,80,7.64,61,57,10,2,3,8,5.2,No,Yes,Yes,No,1,5.3,37,0
S00686,5,20,Female,65,6.71,66,100,15,0,5,4,7.9,No,Yes,No,Yes,8,5.5,61,0
S00687,8,17,Female,97,6.82,71,88,15,3,6,6,4.9,Yes,Yes,No,No,3,4.8,47,0
S00688,6,22,Female,70,9.07,79,71,17,2,4,5,7.7,Yes,Yes,Yes,No,7,5.3,48,0
S00689,1,22,Female,90,5.82,57,71,17,0,6,5,7.6,Yes,Yes,No,No,6,8.2,46,0
S00690,3,24,Female,93,7.42,58,43,12,1,6,5,6.4,Yes,Yes,Yes,No,3,4.9,34,0
S00691,7,21,Female,94,6.35,60,66,21,0,5,6,7.7,Yes,Yes,No,No,4,8.2,55,0
S00692,4,21,Male,91,6.95,69,87,6,3,7,9,7.5,No,Yes,Yes,No,3,5.1,40,1
S00693,4,21,Male,78,6.67,64,71,7,1,6,8,6.3,Yes,Yes,Yes,No,6,4.0,78,0
S00694,1,17,Male,60,8.52,68,67,11,2,3,3,6.7,Yes,Yes,No,No,4,5.8,49,1
S00695,7,20,Male,71,8.31,68,68,9,0,3,3,7.2,Yes,Yes,Yes,No,5,6.3,0,0
S00696,2,19,Female,75,6.45,60,100,21,3,5,7,5.3,Yes,Yes,No,No,5,5.0,34,0
S00697,8,22,Female,86,6.79,78,47,14,4,3,7,6.0,Yes,Yes,No,No,7,4.6,57,0
S00698,4,22,Male,73,8.3,65,65,8,2,3,8,7.9,Yes,Yes,Yes,Yes,7,4.6,0,0
S00699,3,23,Male,71,5.38,36,94,25,1,2,9,7.6,Yes,Yes,Yes,No,5,5.3,29,0
S00700,4,20,Female,88,7.26,75,89,13,0,4,4,6.6,No,Yes,No,No,6,6.7,13,0
S00701,6,24,Male,57,7.65,72,74,7,1,5,7,7.8,Yes,Yes,No,No,8,6.9,38,0
S00702,1,24,Female,78,9.14,68,63,17,1,6,3,7.6,Yes,Yes,No,No,5,5.8,3,0
S00703,2,18,Female,99,6.03,71,35,26,0,3,5,7.3,Yes,Yes,No,Yes,6,7.1,41,0
S00704,1,22,Female,68,9.0,62,78,13,1,5,6,6.7,Yes,Yes,No,No,2,1.5,70,0
S00705,7,19,Male,81,6.77,35,50,14,0,4,4,7.6,Yes,Yes,No,No,7,4.8,49,0
S00706,8,18,Female,63,8.42,60,77,25,2,1,6,4.5,Yes,Yes,Yes,No,5,5.6,37,0
S00707,2,23,Male,72,8.42,46,56,5,3,6,5,6.7,Yes,Yes,Yes,No,6,7.0,72,1
S00708,1,19,Male,66,6.76,88,76,13,1,3,10,5.7,Yes,Yes,No,Yes,5,5.3,34,0
S00709,7,17,Female,75,7.35,84,70,9,0,5,3,6.1,Yes,Yes,Yes,No,6,1.6,19,0
S00710,8,24,Female,83,7.93,54,65,26,1,6,3,6.0,Yes,Yes,Yes,Yes,2,3.3,32,0
S00711,2,24,Female,65,5.5,72,63,17,3,5,8,6.4,Yes,Yes,No,Yes,6,5.0,62,0
S00712,8,24,Female,74,6.5,98,75,11,2,4,3,7.7,Yes,Yes,Yes,Yes,8,6.0,0,0
S00713,7,22,Female,76,6.7,84,68,18,1,1,1,7.8,Yes,Yes,Yes,No,8,5.6,13,0
S00714,4,21,Male,55,6.4,56,58,13,3,4,7,5.7,Yes,Yes,No,No,4,7.8,34,1
S00715,7,21,Male,86,5.68,68,81,4,1,1,4,6.2,Yes,Yes,No,No,9,3.4,28,0
S00716,8,21,Female,54,6.46,79,100,14,0,6,7,6.2,No,Yes,No,No,5,6.9,36,0
S00717,4,17,Male,75,6.26,60,74,14,0,4,5,7.1,Yes,Yes,Yes,No,7,4.1,81,0
S00718,2,19,Male,81,7.03,92,60,10,1,4,3,7.2,Yes,Yes,Yes,No,8,6.8,26,0
S00719,6,24,Female,89,5.4,81,91,11,1,8,3,7.7,Yes,No,Yes,No,6,6.6,47,0
S00720,1,24,Male,72,7.24,87,60,13,0,5,7,5.1,Yes,Yes,Yes,No,6,6.7,12,0
S00721,5,18,Female,100,6.84,57,72,13,0,2,6,7.8,Yes,Yes,Yes,Yes,4,2.6,41,0
S00722,6,17,Female,87,7.35,76,80,19,0,4,2,6.8,Yes,Yes,No,Yes,5,3.9,12,0
S00723,1,21,Male,89,5.8,76,74,9,0,7,5,6.9,Yes,Yes,Yes,No,4,6.5,23,0
S00724,2,23,Male,63,6.99,55,85,17,2,5,5,6.1,No,Yes,No,No,5,9.9,0,1
S00725,2,18,Female,79,8.62,73,94,6,0,7,8,6.5,No,Yes,No,No,2,4.4,93,0
S00726,6,23,Female,62,6.63,46,66,14,2,8,5,6.9,Yes,Yes,Yes,No,4,4.4,48,1
S00727,6,17,Female,69,4.98,53,48,15,1,5,8,6.4,Yes,No,No,Yes,8,4.1,88,0
S00728,8,22,Female,78,8.32,81,100,30,1,3,5,6.0,No,Yes,No,Yes,2,4.8,14,0
S00729,7,24,Male,59,8.21,72,68,21,3,8,6,6.7,Yes,Yes,Yes,Yes,6,8.7,35,1
S00730,5,19,Male,82,7.36,79,80,17,2,6,6,6.8,Yes,Yes,Yes,Yes,7,7.4,11,0
S00731,6,21,Male,92,7.03,52,56,13,3,4,4,6.1,No,Yes,No,No,5,7.1,60,0
S00732,8,20,Female,54,7.5,64,65,19,4,5,6,4.9,No,Yes,Yes,No,1,6.5,39,1
S00733,5,17,Female,80,8.01,100,83,25,2,5,5,7.0,Yes,Yes,No,No,3,7.4,79,0
S00734,2,18,Male,61,8.98,74,87,13,2,5,6,6.9,Yes,Yes,No,No,6,3.8,25,0
S00735,8,23,Female,59,8.49,100,50,10,1,4,6,6.9,Yes,Yes,No,Yes,4,6.8,18,0
S00736,5,17,Female,98,5.74,77,100,20,0,3,5,7.5,Yes,Yes,Yes,No,5,2.9,29,0
S00737,1,20,Male,77,6.54,70,66,29,0,4,3,5.9,Yes,Yes,No,Yes,6,3.7,23,0
S00738,3,23,Female,92,7.63,66,74,13,0,6,4,5.1,Yes,Yes,Yes,Yes,4,5.5,36,0
S00739,2,19,Male,74,7.11,78,83,18,1,2,3,7.2,Yes,Yes,Yes,Yes,8,7.7,33,0
S00740,2,23,Male,84,6.73,79,53,22,3,1,7,7.1,Yes,Yes,Yes,Yes,4,5.1,47,0
S00741,8,19,Female,75,5.67,100,80,18,0,4,6,5.1,Yes,Yes,Yes,Yes,5,4.4,44,0
S00742,2,20,Female,63,6.59,78,61,17,0,1,6,3.8,Yes,Yes,No,No,8,3.9,23,0
S00743,2,24,Female,66,6.49,76,54,7,0,2,7,6.9,No,Yes,No,Yes,8,4.5,9,1
S00744,2,18,Male,85,8.54,99,100,23,1,10,3,7.1,Yes,Yes,Yes,No,6,5.1,14,0
S00745,2,21,Male,100,7.12,77,60,17,0,4,5,6.0,Yes,Yes,Yes,Yes,6,3.5,5,0
S00746,8,24,Male,74,7.98,74,85,9,0,3,3,6.6,Yes,Yes,No,Yes,4,5.7,52,0
S00747,5,21,Male,85,6.93,44,60,16,2,4,4,6.1,Yes,Yes,Yes,No,7,6.6,0,0
S00748,1,24,Male,63,7.42,87,95,26,2,4,10,7.6,Yes,Yes,No,No,9,4.1,56,0
S00749,3,20,Male,66,6.45,74,63,22,0,6,3,6.7,Yes,Yes,Yes,No,3,7.3,36,0
S00750,8,21,Female,71,6.87,91,68,13,0,7,6,6.5,No,Yes,Yes,No,6,3.3,14,0
S00751,6,21,Female,71,4.85,71,60,1,0,2,5,6.5,No,Yes,Yes,No,5,4.3,33,1
S00752,3,18,Female,84,7.7,65,86,13,1,5,8,6.3,Yes,Yes,No,No,7,3.0,44,0
S00753,8,17,Male,94,7.64,51,56,3,0,7,5,7.9,Yes,Yes,Yes,No,3,7.0,61,0
S00754,3,22,Male,67,8.78,73,81,5,1,1,6,6.0,Yes,Yes,No,No,2,6.1,22,0
S00755,2,23,Female,81,4.93,74,76,27,3,5,6,6.7,Yes,Yes,No,No,5,4.9,0,0
S00756,2,20,Female,58,5.29,74,88,10,0,5,6,7.1,Yes,Yes,Yes,No,6,8.9,21,0
S00757,4,20,Male,78,8.26,75,40,28,0,3,4,5.9,Yes,Yes,No,No,5,6.8,29,0
S00758,8,24,Female,84,5.58,39,90,20,3,6,5,7.2,Yes,Yes,Yes,Yes,5,7.5,34,1
S00759,6,24,Male,70,6.67,87,88,14,2,4,5,9.3,Yes,Yes,Yes,No,3,5.0,33,0
S00760,3,24,Male,67,6.58,54,90,9,0,8,7,8.1,Yes,Yes,No,Yes,2,5.0,13,0
S00761,5,22,Male,63,7.37,48,69,26,0,5,6,5.8,Yes,Yes,Yes,Yes,4,1.0,42,1
S00762,8,17,Male,82,8.13,97,72,18,1,6,7,7.8,Yes,Yes,No,No,6,7.1,55,0
S00763,2,21,Female,79,4.88,81,64,23,0,8,5,7.1,Yes,Yes,Yes,No,6,5.9,65,0
S00764,3,23,Male,87,5.69,85,79,2,0,5,6,6.7,Yes,Yes,Yes,No,7,6.4,64,0
S00765,3,21,Female,92,7.84,74,82,12,2,5,6,8.9,No,Yes,No,Yes,8,4.6,41,0
S00766,1,23,Female,80,8.2,79,72,16,1,2,5,7.5,Yes,Yes,Yes,No,7,5.0,39,0
S00767,8,22,Male,66,7.11,71,76,1,2,4,7,5.9,No,Yes,No,No,5,4.5,17,0
S00768,1,22,Male,79,7.2,69,100,21,0,4,2,5.7,Yes,Yes,No,No,6,4.2,55,0
S00769,4,21,Male,75,8.05,94,65,12,1,3,5,7.4,Yes,Yes,Yes,No,7,7.0,64,0
S00770,4,17,Male,67,8.29,42,91,11,0,4,8,7.3,Yes,No,Yes,No,6,4.4,44,0
S00771,7,21,Female,67,7.84,100,59,7,3,5,5,6.7,Yes,Yes,Yes,No,3,7.4,45,1
S00772,6,20,Male,81,8.77,71,57,9,0,4,8,5.5,Yes,Yes,No,No,6,6.1,37,0
S00773,6,17,Male,58,7.57,80,74,11,1,7,7,5.1,Yes,Yes,No,No,4,7.9,42,0
S00774,7,21,Male,77,4.68,62,84,30,1,6,4,6.6,Yes,Yes,Yes,No,4,6.0,44,0
S00775,6,24,Female,76,7.99,90,75,15,0,5,5,7.0,Yes,Yes,Yes,No,1,6.0,42,0
S00776,3,19,Male,78,5.16,63,63,11,1,3,4,6.6,Yes,Yes,No,No,3,2.5,20,0
S00777,7,18,Female,69,5.16,31,49,20,1,4,6,5.6,No,Yes,Yes,No,7,5.7,30,1
S00778,3,23,Male,94,6.55,65,76,24,2,8,8,6.7,Yes,Yes,Yes,Yes,7,6.7,33,0
S00779,3,17,Female,88,7.14,34,77,15,0,5,9,6.6,Yes,Yes,Yes,No,6,4.2,22,0
S00780,2,21,Male,64,6.97,65,51,16,2,6,7,5.9,Yes,Yes,No,No,5,5.0,50,1
S00781,7,17,Female,75,9.22,71,74,21,3,4,4,5.6,Yes,Yes,Yes,Yes,4,5.7,90,0
S00782,3,17,Female,57,6.5,80,52,15,0,7,6,6.4,Yes,Yes,No,Yes,6,6.8,56,1
S00783,2,20,Female,78,7.21,80,66,21,1,3,5,7.6,Yes,Yes,Yes,No,3,5.0,56,0
S00784,4,24,Female,92,4.0,87,58,20,2,5,6,5.8,No,Yes,Yes,No,9,4.4,45,1
S00785,2,23,Female,82,8.88,60,81,21,1,6,4,7.6,Yes,Yes,Yes,Yes,5,4.0,12,0
S00786,5,24,Male,74,5.62,77,100,15,0,5,4,6.7,Yes,Yes,Yes,No,4,6.9,23,0
S00787,3,23,Male,74,7.03,57,72,3,1,5,7,6.8,Yes,Yes,No,No,7,6.6,32,0
S00788,7,24,Female,69,7.99,71,48,26,2,5,8,6.4,Yes,Yes,Yes,Yes,8,6.7,32,0
S00789,8,24,Female,91,8.29,44,62,15,1,4,2,8.4,Yes,Yes,Yes,No,6,5.6,40,0
S00790,1,19,Male,77,7.17,92,76,17,0,7,10,5.8,Yes,Yes,Yes,No,8,2.2,41,0
S00791,5,21,Female,69,6.04,78,35,1,0,3,5,7.9,Yes,Yes,Yes,Yes,6,8.9,31,1
S00792,3,22,Male,70,8.12,75,95,16,0,4,5,7.3,Yes,Yes,Yes,Yes,6,4.8,34,0
S00793,3,21,Male,78,7.79,52,48,3,2,3,7,8.9,Yes,Yes,Yes,Yes,7,3.1,28,0
S00794,3,17,Male,80,6.51,71,52,18,1,10,5,5.5,Yes,Yes,No,No,8,2.5,27,0
S00795,2,22,Male,75,6.16,57,63,10,1,7,9,4.5,Yes,Yes,Yes,No,7,3.1,46,0
S00796,3,17,Female,64,5.23,67,100,14,2,4,5,6.0,Yes,Yes,No,No,3,8.4,55,1
S00797,2,21,Male,67,5.26,67,88,7,0,6,7,8.1,No,Yes,No,No,5,3.4,16,1
S00798,3,18,Male,69,7.41,81,82,8,0,6,5,6.6,Yes,Yes,No,Yes,4,7.6,30,0
S00799,4,24,Male,99,7.13,62,86,12,1,2,5,7.3,Yes,Yes,No,No,6,5.0,45,0
S00800,5,22,Male,73,7.08,78,75,12,0,2,6,7.2,Yes,Yes,No,No,4,7.2,56,0
S00801,5,23,Male,71,10.0,65,65,12,1,9,7,7.5,Yes,Yes,No,No,7,8.0,38,0
S00802,2,21,Female,78,4.6,81,67,23,0,5,6,6.7,Yes,No,Yes,No,7,7.1,46,0
S00803,3,19,Male,64,6.96,51,75,18,0,5,4,7.6,Yes,Yes,No,No,4,2.0,9,0
S00804,2,20,Male,70,7.14,64,58,15,1,5,6,7.3,Yes,Yes,Yes,No,4,4.6,28,0
S00805,3,18,Female,78,7.45,45,42,11,3,5,7,9.5,Yes,Yes,No,No,5,3.2,67,0
S00806,2,18,Male,81,7.66,89,67,10,0,2,3,7.2,Yes,Yes,No,No,5,4.7,9,0
S00807,6,20,Female,58,8.23,79,78,14,2,4,7,4.9,Yes,Yes,No,No,8,5.4,63,0
S00808,8,24,Male,89,7.92,76,91,14,0,2,3,7.0,Yes,Yes,No,No,3,1.6,35,0
S00809,7,19,Female,100,7.61,72,57,11,1,3,2,7.3,Yes,Yes,Yes,No,6,5.1,61,0
S00810,4,17,Female,85,6.59,66,100,7,1,4,7,6.3,Yes,Yes,Yes,No,8,6.6,6,0
S00811,6,20,Male,56,8.33,75,63,21,2,2,8,9.0,Yes,Yes,No,No,3,7.3,22,0
S00812,6,18,Female,64,6.9,66,82,21,1,6,6,5.5,Yes,Yes,No,No,4,4.2,3,0
S00813,8,23,Female,70,7.13,67,58,26,1,5,2,7.7,Yes,Yes,No,No,8,5.5,0,0
S00814,6,24,Male,86,7.26,60,87,10,0,6,6,7.7,Yes,Yes,Yes,Yes,6,6.4,73,0
S00815,1,21,Female,82,5.73,78,78,13,0,3,9,7.1,Yes,Yes,No,No,10,2.1,46,0
S00816,2,18,Female,82,8.1,83,69,15,0,8,7,8.4,Yes,Yes,Yes,No,10,6.7,19,0
S00817,3,18,Male,53,7.98,74,84,15,1,6,2,7.6,Yes,Yes,No,Yes,4,8.2,51,1
S00818,3,20,Female,76,7.62,95,79,16,1,3,4,5.7,Yes,Yes,Yes,No,7,2.2,54,0
S00819,8,22,Male,91,7.08,80,89,23,1,3,2,6.9,Yes,No,Yes,Yes,6,7.1,47,0
S00820,8,23,Female,62,9.58,73,62,15,0,3,7,7.2,No,Yes,Yes,No,6,6.0,44,0
S00821,8,23,Male,98,7.0,71,77,25,0,4,8,8.4,No,Yes,No,Yes,1,4.8,46,0
S00822,5,18,Female,91,6.02,86,72,5,3,4,6,6.0,Yes,Yes,Yes,No,3,4.3,60,0
S00823,4,22,Male,79,5.24,70,77,6,1,3,4,6.5,Yes,Yes,Yes,Yes,9,9.1,63,1
S00824,5,17,Female,95,5.5,73,71,10,1,4,5,6.7,Yes,Yes,Yes,Yes,5,8.0,32,0
S00825,7,24,Female,91,8.59,57,80,7,3,3,5,8.7,Yes,Yes,No,Yes,4,3.2,57,0
S00826,3,20,Female,82,10.0,91,57,27,3,6,4,6.9,Yes,Yes,No,Yes,6,3.2,25,0
S00827,3,17,Female,55,5.16,69,91,22,1,3,3,6.5,No,Yes,Yes,Yes,2,6.7,28,1
S00828,3,17,Female,100,7.86,50,58,22,0,6,8,6.9,Yes,Yes,No,No,7,4.5,34,0
S00829,3,23,Female,84,7.18,54,90,7,0,3,3,7.0,No,No,Yes,No,9,7.8,35,0
S00830,2,19,Female,93,8.54,53,70,15,1,3,8,6.2,Yes,Yes,No,No,6,9.0,30,0
S00831,2,24,Female,65,8.22,83,79,4,0,6,7,9.1,Yes,No,No,Yes,6,5.0,59,0
S00832,5,21,Male,62,7.05,76,67,9,4,2,5,6.6,Yes,Yes,Yes,No,7,4.0,41,0
S00833,8,21,Male,70,7.71,81,66,15,2,4,3,6.1,Yes,Yes,No,No,4,5.7,29,0
S00834,7,23,Female,99,6.79,70,73,10,2,9,5,8.6,No,Yes,Yes,Yes,4,8.0,51,1
S00835,3,17,Male,68,7.06,80,50,19,3,2,5,6.3,Yes,Yes,No,No,4,4.4,31,0
S00836,2,20,Female,82,6.32,67,81,17,1,3,6,7.3,Yes,Yes,Yes,Yes,7,5.2,41,0
S00837,3,22,Female,88,8.06,92,47,12,1,5,7,7.1,Yes,Yes,No,Yes,5,8.4,43,0
S00838,2,24,Female,82,8.11,61,96,20,0,3,5,6.6,Yes,No,Yes,No,4,6.0,48,0
S00839,8,24,Male,94,7.37,76,89,9,2,2,8,6.9,No,Yes,Yes,Yes,5,6.5,65,0
S00840,4,22,Male,73,7.75,74,84,18,1,3,6,6.8,Yes,No,Yes,No,5,2.9,27,0
S00841,4,21,Male,69,7.93,77,85,13,1,4,4,5.4,Yes,Yes,Yes,No,6,3.7,52,0
S00842,8,19,Female,79,8.55,85,48,8,2,6,4,7.0,No,Yes,Yes,No,3,3.9,25,1
S00843,8,20,Male,63,6.89,65,55,18,0,1,9,7.7,Yes,Yes,No,No,7,4.7,47,0
S00844,7,19,Male,69,7.33,71,78,39,2,2,6,7.2,Yes,Yes,No,Yes,3,3.9,58,0
S00845,1,17,Female,68,6.59,73,57,25,2,1,6,7.0,Yes,Yes,No,Yes,1,7.5,48,1
S00846,4,19,Male,84,6.64,52,86,9,0,8,5,7.2,Yes,Yes,Yes,No,5,4.9,33,0
S00847,8,20,Female,79,8.92,89,35,4,2,7,9,6.6,No,Yes,Yes,Yes,3,8.0,0,1
S00848,4,20,Male,74,5.96,46,83,23,2,3,6,7.1,No,No,No,No,3,8.9,48,1
S00849,4,20,Female,96,4.62,80,74,37,1,1,8,7.3,Yes,No,Yes,Yes,3,9.8,42,0
S00850,8,24,Female,85,8.46,59,89,18,3,7,8,5.6,Yes,Yes,No,No,5,5.6,36,0
S00851,1,22,Male,50,7.55,37,89,9,0,5,6,7.9,Yes,Yes,Yes,Yes,7,4.0,58,0
S00852,4,22,Male,82,7.55,59,84,13,1,4,5,7.8,No,Yes,Yes,No,3,6.5,26,0
S00853,2,17,Male,67,7.02,69,67,15,1,6,6,6.6,Yes,No,No,Yes,6,5.3,114,0
S00854,4,24,Male,100,6.01,77,50,19,0,4,4,7.7,Yes,Yes,No,No,3,6.3,23,0
S00855,2,20,Male,78,5.57,88,91,9,0,4,8,7.3,Yes,No,No,No,10,4.6,26,0
S00856,8,19,Female,79,6.63,82,70,20,1,5,5,6.9,Yes,No,Yes,No,4,8.7,0,0
S00857,6,21,Male,56,8.68,64,55,22,3,7,8,5.0,Yes,No,Yes,No,4,4.2,49,1
S00858,3,18,Male,89,5.87,69,45,19,0,1,3,7.1,Yes,Yes,Yes,Yes,6,4.6,67,1
S00859,5,18,Male,69,7.51,48,67,20,3,3,8,4.2,Yes,Yes,Yes,No,3,2.5,86,0
S00860,6,17,Female,82,7.24,46,65,26,0,3,6,5.6,Yes,Yes,Yes,No,8,3.4,57,0
S00861,3,23,Female,79,7.11,79,93,8,0,4,2,9.4,Yes,Yes,No,No,6,4.7,0,0
S00862,1,23,Male,71,7.63,70,45,11,0,4,8,7.6,Yes,Yes,Yes,Yes,4,5.7,39,0
S00863,7,24,Male,82,5.35,42,87,18,1,8,6,7.5,Yes,Yes,No,No,5,4.6,44,0
S00864,6,18,Male,61,7.08,77,70,13,0,3,5,5.9,Yes,Yes,No,No,4,4.8,17,0
S00865,5,24,Male,70,7.35,90,61,6,0,2,5,7.6,Yes,Yes,No,No,5,7.4,49,0
S00866,6,19,Female,69,8.27,79,71,7,3,6,10,7.2,Yes,Yes,No,Yes,10,5.2,26,0
S00867,6,23,Female,77,8.09,78,59,15,0,3,5,6.3,Yes,Yes,No,No,7,5.9,59,0
S00868,5,19,Female,85,6.9,92,75,14,1,4,6,7.4,Yes,Yes,No,Yes,4,5.5,36,0
S00869,1,22,Female,68,7.85,98,100,19,0,4,6,9.0,Yes,Yes,Yes,No,5,4.3,55,0
S00870,2,20,Female,82,5.89,100,60,17,0,4,7,7.6,No,Yes,Yes,No,6,7.2,35,0
S00871,5,21,Male,94,7.18,71,85,20,2,5,8,7.2,Yes,Yes,Yes,No,1,1.9,50,0
S00872,2,17,Female,75,6.32,100,92,26,0,5,4,7.7,No,Yes,Yes,No,8,6.4,54,0
S00873,8,24,Male,87,7.27,72,100,7,3,2,4,6.2,Yes,Yes,No,Yes,5,8.0,35,0
S00874,1,19,Female,84,4.56,54,40,4,2,5,5,4.9,Yes,No,Yes,Yes,6,3.9,9,1
S00875,1,23,Female,78,6.57,78,77,1,0,7,1,6.2,Yes,Yes,No,No,7,7.2,50,0
S00876,1,18,Female,82,6.95,69,61,6,1,1,7,8.2,Yes,Yes,No,No,5,7.4,50,0
S00877,4,24,Male,95,7.9,50,79,4,0,5,9,8.7,Yes,Yes,Yes,No,6,6.1,10,0
S00878,1,21,Male,86,6.71,79,55,30,4,1,3,7.3,No,Yes,Yes,No,5,4.0,56,1
S00879,7,20,Male,67,6.82,57,44,9,0,2,4,7.3,No,Yes,No,No,6,3.0,33,0
S00880,7,18,Male,80,7.8,59,50,10,0,4,3,5.7,No,Yes,No,No,6,6.4,9,0
S00881,4,21,Male,85,6.51,85,70,18,0,3,2,7.1,Yes,Yes,Yes,No,9,6.0,18,0
S00882,3,22,Female,77,8.33,92,87,21,0,5,4,7.7,Yes,Yes,Yes,No,3,6.3,59,0
S00883,6,17,Female,72,6.65,65,75,15,1,5,8,7.3,Yes,Yes,Yes,No,4,6.4,17,0
S00884,3,21,Female,65,6.96,56,75,18,0,4,3,6.0,Yes,Yes,Yes,No,6,5.3,86,0
S00885,4,19,Female,57,8.14,80,84,15,4,5,4,7.8,No,Yes,No,No,6,4.8,46,0
S00886,1,20,Male,80,8.16,43,84,27,1,7,6,5.9,Yes,Yes,No,Yes,7,9.9,39,0
S00887,1,21,Male,73,5.61,66,82,8,0,5,5,7.2,Yes,Yes,No,No,3,4.2,37,0
S00888,1,22,Male,85,5.59,82,35,14,2,1,4,7.2,Yes,Yes,Yes,Yes,5,3.9,55,1
S00889,6,19,Female,60,7.54,65,100,11,0,2,1,6.7,Yes,Yes,Yes,No,7,10.2,43,0
S00890,8,17,Male,90,8.04,75,71,24,2,3,6,6.5,Yes,Yes,No,No,7,7.5,21,0
S00891,1,18,Male,85,6.94,95,71,12,1,5,5,6.6,Yes,Yes,No,No,3,4.3,26,0
S00892,5,18,Male,100,7.84,77,68,17,1,5,6,7.5,Yes,Yes,No,No,8,1.2,26,0
S00893,2,21,Male,91,6.71,52,54,13,0,4,4,6.7,Yes,Yes,Yes,No,5,8.8,27,0
S00894,2,23,Male,58,7.62,66,62,8,2,5,4,8.7,No,Yes,No,No,6,7.8,16,0
S00895,7,20,Female,82,7.86,60,65,30,0,6,5,3.9,Yes,Yes,Yes,No,6,5.1,41,0
S00896,1,17,Female,74,6.18,62,73,20,0,4,8,5.9,Yes,Yes,No,No,5,6.9,65,0
S00897,3,19,Female,94,7.26,65,71,20,2,2,6,7.8,Yes,Yes,Yes,No,8,7.5,11,0
S00898,5,21,Male,62,6.08,71,68,30,0,5,6,7.5,No,Yes,No,Yes,6,2.9,31,0
S00899,4,17,Female,82,7.67,89,78,19,3,5,4,8.1,Yes,Yes,Yes,No,6,5.9,29,0
S00900,5,22,Female,75,7.16,74,35,6,4,7,3,6.3,Yes,Yes,No,Yes,5,7.3,40,1
S00901,1,17,Male,85,6.03,62,59,11,0,5,5,8.1,Yes,No,Yes,Yes,6,4.8,40,0
S00902,6,19,Male,64,7.41,54,35,10,0,7,9,6.5,Yes,Yes,Yes,No,4,4.9,11,0
S00903,8,19,Female,67,7.71,100,87,9,3,1,5,7.5,Yes,Yes,No,No,6,4.6,21,0
S00904,6,17,Male,82,5.15,72,77,10,0,7,5,6.4,Yes,Yes,No,Yes,5,4.6,76,0
S00905,7,19,Female,81,7.08,80,99,18,0,8,5,6.7,Yes,No,Yes,No,8,3.1,22,0
S00906,6,21,Female,92,7.27,53,61,17,0,4,6,7.3,Yes,Yes,Yes,No,5,3.2,61,0
S00907,7,19,Female,68,9.27,56,82,8,0,7,6,7.1,Yes,Yes,No,No,5,10.1,0,0
S00908,6,19,Female,100,8.24,93,93,11,1,5,4,6.3,No,Yes,Yes,No,5,3.6,41,0
S00909,6,21,Male,80,5.96,97,87,5,1,5,8,6.8,Yes,Yes,No,No,5,6.8,60,0
S00910,3,18,Male,72,6.09,69,89,11,0,2,8,6.8,No,Yes,Yes,No,3,6.0,5,0
S00911,2,18,Male,67,6.14,78,46,20,0,4,6,7.0,Yes,Yes,Yes,Yes,7,6.1,22,0
S00912,5,17,Male,57,5.19,81,86,9,0,1,8,7.7,Yes,Yes,Yes,No,6,5.1,45,0
S00913,5,23,Female,100,7.6,80,65,12,2,2,4,6.6,Yes,Yes,Yes,No,7,7.8,15,0
S00914,7,17,Female,61,6.03,87,71,14,1,2,6,5.8,Yes,Yes,No,Yes,9,2.7,47,0
S00915,8,21,Male,69,7.21,69,81,9,0,4,2,6.5,Yes,No,No,Yes,6,5.8,53,0
S00916,2,17,Male,78,7.59,60,51,16,2,3,5,5.1,Yes,Yes,No,No,6,7.6,39,0
S00917,8,19,Male,98,7.32,78,35,26,2,8,3,8.0,Yes,Yes,No,No,3,4.0,0,1
S00918,2,23,Female,83,6.12,74,75,29,4,4,6,8.6,Yes,Yes,Yes,Yes,3,4.2,35,0
S00919,1,18,Female,78,7.23,85,73,21,0,4,7,6.7,Yes,Yes,No,Yes,4,7.3,53,0
S00920,1,18,Male,66,6.41,62,82,15,0,6,9,6.1,Yes,Yes,No,No,6,4.6,15,0
S00921,2,21,Male,69,6.31,63,94,13,2,4,7,6.7,Yes,Yes,Yes,No,8,7.0,3,0
S00922,5,18,Male,82,9.17,66,98,11,0,3,3,8.8,No,Yes,Yes,No,7,9.2,28,0
S00923,4,22,Female,92,7.21,92,100,25,2,5,6,5.6,Yes,Yes,No,No,8,1.7,0,0
S00924,8,22,Male,98,8.65,70,100,10,1,5,6,7.0,Yes,Yes,No,No,5,2.4,12,0
S00925,2,17,Male,69,6.52,79,35,23,2,5,2,7.0,Yes,Yes,No,Yes,4,5.3,18,1
S00926,8,19,Male,71,7.57,85,75,14,2,6,9,5.6,Yes,Yes,No,No,5,2.2,25,0
S00927,8,18,Female,65,6.91,55,74,14,0,5,5,6.9,No,Yes,No,No,7,5.3,66,0
S00928,7,23,Male,68,8.31,82,65,20,0,5,6,6.8,Yes,Yes,Yes,No,3,9.3,9,0
S00929,6,18,Male,80,6.71,67,78,7,0,2,7,7.6,No,Yes,Yes,No,6,4.7,78,0
S00930,3,20,Female,77,6.38,64,68,21,2,5,6,6.3,Yes,Yes,Yes,No,7,6.1,52,0
S00931,4,21,Male,83,8.02,88,85,6,0,2,2,6.1,Yes,Yes,No,No,3,5.3,41,0
S00932,6,23,Male,75,8.03,89,91,30,0,3,5,5.3,Yes,Yes,Yes,No,8,5.7,29,0
S00933,6,17,Female,51,7.39,100,64,12,0,4,6,7.0,No,Yes,Yes,Yes,4,5.3,63,0
S00934,4,18,Male,63,6.04,45,100,9,0,5,8,4.1,Yes,Yes,Yes,No,5,4.1,24,0
S00935,6,21,Female,87,7.74,88,79,25,1,2,5,7.5,Yes,Yes,No,No,6,4.6,47,0
S00936,2,21,Male,83,6.3,66,55,17,2,7,1,7.3,Yes,Yes,No,No,5,6.1,0,1
S00937,1,22,Male,68,8.36,64,87,27,1,4,5,6.0,Yes,Yes,No,Yes,4,4.2,27,0
S00938,4,18,Male,68,9.24,77,78,10,0,6,4,6.2,Yes,Yes,No,Yes,6,6.6,70,0
S00939,3,24,Male,66,6.32,64,99,18,0,7,6,5.3,Yes,Yes,Yes,No,4,4.6,51,0
S00940,4,19,Male,72,6.15,53,59,6,3,6,6,7.0,Yes,No,No,No,6,3.0,9,1
S00941,4,18,Female,66,7.2,52,46,19,1,3,7,5.4,Yes,Yes,Yes,No,7,5.3,38,0
S00942,6,21,Male,99,4.69,90,89,1,1,4,2,7.6,No,Yes,Yes,No,7,6.6,46,1
S00943,2,18,Male,99,5.88,83,76,19,1,6,5,7.6,Yes,Yes,Yes,No,5,1.1,57,0
S00944,1,22,Female,86,8.53,89,92,32,0,4,4,7.3,Yes,Yes,Yes,No,2,3.4,19,0
S00945,5,23,Male,73,7.61,73,67,29,2,4,7,6.6,Yes,Yes,No,No,8,4.8,53,0
S00946,4,23,Female,82,6.84,81,89,1,2,4,9,8.0,Yes,Yes,No,No,4,3.2,33,0
S00947,4,22,Female,92,7.34,72,84,12,0,7,3,6.5,Yes,Yes,Yes,No,5,8.0,0,0
S00948,2,19,Female,74,9.03,47,80,14,1,3,5,6.5,No,Yes,Yes,No,6,2.7,60,0
S00949,1,24,Female,89,6.49,71,52,2,3,4,6,5.1,No,Yes,No,No,8,3.1,26,1
S00950,7,18,Male,62,8.33,62,83,5,3,4,6,6.9,Yes,Yes,Yes,No,6,6.1,8,0
S00951,1,22,Male,51,7.16,51,99,21,3,3,8,5.5,Yes,Yes,Yes,No,6,5.6,50,0
S00952,4,24,Male,74,7.23,43,74,19,2,6,7,7.8,Yes,Yes,Yes,Yes,7,6.1,57,0
S00953,7,21,Male,74,8.62,78,68,7,0,5,7,6.9,No,Yes,No,No,6,6.3,63,0
S00954,7,21,Female,69,5.19,64,74,12,0,4,6,8.5,No,Yes,No,Yes,3,7.5,18,0
S00955,6,17,Female,89,7.89,42,67,17,0,7,1,7.5,Yes,Yes,No,No,5,4.9,5,0
S00956,1,23,Female,66,7.54,87,35,13,0,2,7,7.1,No,Yes,Yes,No,3,3.5,56,0
S00957,8,21,Female,90,4.53,55,63,17,1,8,6,6.2,Yes,Yes,No,No,5,2.1,59,0
S00958,7,18,Male,57,7.41,84,56,15,1,2,4,7.7,Yes,Yes,Yes,No,7,4.5,19,0
S00959,6,19,Male,74,5.51,57,73,20,1,1,5,5.7,Yes,Yes,No,No,6,8.3,43,0
S00960,3,18,Male,80,6.26,67,48,15,2,4,6,4.3,Yes,Yes,Yes,No,8,5.6,36,0
S00961,3,23,Male,58,7.28,69,83,7,1,5,7,7.5,Yes,No,No,No,5,3.5,18,0
S00962,3,21,Male,62,8.58,73,70,9,1,6,5,6.7,Yes,Yes,No,Yes,3,5.9,47,0
S00963,2,20,Female,81,7.74,39,93,4,0,4,4,5.9,Yes,Yes,No,No,8,3.8,0,0
S00964,3,21,Female,87,7.8,81,61,18,3,2,7,7.0,Yes,No,No,No,5,7.2,33,0
S00965,8,21,Female,88,8.73,53,100,21,0,4,4,5.3,No,Yes,No,No,6,3.5,16,0
S00966,3,18,Female,77,8.42,64,74,21,2,2,4,6.3,No,No,No,Yes,5,5.2,35,0
S00967,8,23,Male,93,7.7,30,70,9,0,6,8,6.4,Yes,Yes,No,No,6,5.9,14,0
S00968,1,23,Female,94,5.74,62,46,5,0,7,5,5.7,Yes,Yes,Yes,No,5,5.0,89,1
S00969,7,21,Female,78,7.11,82,83,14,1,5,7,6.2,Yes,Yes,Yes,No,3,5.2,0,0
S00970,5,22,Female,88,7.84,90,44,11,2,5,5,5.9,Yes,Yes,Yes,No,3,6.0,39,0
S00971,2,24,Male,59,6.4,75,85,12,1,5,5,7.5,No,Yes,No,No,6,5.8,33,0
S00972,5,23,Female,62,6.39,37,59,10,4,6,1,6.1,No,Yes,No,Yes,9,5.6,48,1
S00973,7,20,Male,90,7.34,94,100,13,0,3,7,6.5,Yes,Yes,Yes,Yes,9,7.7,30,0
S00974,7,22,Female,81,7.68,87,75,16,1,6,4,7.0,Yes,Yes,Yes,No,4,7.2,51,0
S00975,4,17,Female,76,8.62,93,83,15,0,3,3,4.7,No,Yes,No,No,4,10.4,64,0
S00976,1,22,Male,81,10.0,75,90,30,0,1,5,6.2,Yes,Yes,Yes,No,9,6.7,23,0
S00977,1,23,Female,95,4.94,72,98,16,2,7,8,6.5,Yes,Yes,No,Yes,7,6.6,26,0
S00978,3,24,Male,68,8.38,76,91,25,0,8,5,7.4,Yes,Yes,No,No,4,5.5,63,0
S00979,7,18,Female,83,7.18,73,74,11,1,3,6,6.0,Yes,Yes,Yes,Yes,9,5.2,18,0
S00980,6,24,Male,80,6.48,64,78,14,0,4,8,8.7,Yes,Yes,Yes,No,5,6.2,23,0
S00981,6,17,Female,90,8.35,88,100,4,0,7,9,6.4,Yes,Yes,No,Yes,10,3.9,43,0
S00982,5,19,Male,73,9.12,71,57,16,2,7,2,5.7,Yes,Yes,Yes,No,5,4.0,37,1
S00983,1,19,Female,79,7.4,71,100,13,1,8,8,5.6,Yes,Yes,No,No,5,2.5,71,0
S00984,2,17,Male,82,9.01,88,55,10,2,5,8,6.8,Yes,Yes,No,Yes,9,6.4,1,0
S00985,1,19,Male,81,7.82,60,69,12,0,4,3,5.2,Yes,Yes,Yes,No,7,3.2,59,0
S00986,5,20,Male,65,8.62,83,73,18,0,4,7,7.4,No,Yes,Yes,No,7,3.0,21,0
S00987,6,19,Female,86,6.66,66,80,11,0,7,5,6.7,Yes,Yes,Yes,Yes,4,5.5,67,0
S00988,6,23,Male,84,7.33,82,52,12,0,5,5,7.3,Yes,Yes,No,No,5,8.2,45,0
S00989,5,19,Female,71,7.11,40,100,5,2,6,3,7.3,Yes,Yes,Yes,No,7,7.0,28,1
S00990,2,19,Male,87,8.96,97,76,30,2,6,4,7.9,Yes,Yes,Yes,Yes,2,3.7,45,0
S00991,3,19,Female,88,7.46,84,69,21,0,1,8,6.6,Yes,Yes,No,No,2,5.9,20,0
S00992,4,23,Male,65,7.12,75,99,9,0,4,7,7.6,Yes,Yes,Yes,Yes,6,3.6,19,0
S00993,8,20,Female,62,7.85,62,49,1,0,8,8,8.2,No,Yes,Yes,No,8,7.6,36,1
S00994,6,18,Male,65,7.78,74,71,7,0,5,6,6.4,No,Yes,Yes,No,3,6.8,21,0
S00995,2,22,Male,73,6.8,44,69,23,0,2,3,6.6,Yes,Yes,No,Yes,3,4.5,33,1
S00996,8,18,Female,66,7.11,75,61,9,3,9,5,7.3,Yes,No,No,No,5,7.6,47,0
S00997,6,20,Male,80,8.38,55,100,17,0,8,3,9.1,Yes,Yes,No,No,5,5.5,1,0
S00998,3,19,Female,55,8.16,70,59,20,0,1,8,5.7,Yes,Yes,Yes,No,6,6.2,69,0
S00999,6,24,Female,60,7.76,75,75,23,0,4,7,8.5,Yes,Yes,No,No,4,3.5,24,0
S01000,8,18,Male,73,7.31,53,82,13,0,4,5,5.8,Yes,No,Yes,No,4,6.8,35,0
S01001,6,21,Female,75,9.01,57,94,23,0,6,5,6.6,Yes,Yes,Yes,No,6,6.2,53,0
S01002,7,24,Male,78,6.99,89,66,24,3,3,5,7.3,Yes,Yes,Yes,No,6,4.8,39,0
S01003,5,19,Female,73,9.17,62,92,12,0,4,6,7.0,No,Yes,Yes,No,7,12.0,39,0
S01004,8,20,Male,85,7.72,74,76,8,1,5,6,8.2,Yes,Yes,Yes,No,5,3.3,25,0
S01005,6,21,Male,71,6.34,73,54,24,1,5,6,7.1,Yes,No,No,Yes,2,6.9,41,0
S01006,6,20,Male,60,7.65,34,80,8,0,4,5,7.7,Yes,Yes,Yes,No,5,4.7,27,0
S01007,4,23,Female,76,7.21,66,67,11,0,4,5,6.5,Yes,Yes,No,No,4,4.4,57,0
S01008,7,19,Female,88,7.28,90,75,14,0,4,6,6.9,Yes,Yes,Yes,No,4,4.3,11,0
S01009,5,20,Male,78,7.23,86,63,16,1,6,5,7.1,Yes,Yes,No,Yes,9,4.8,58,0
S01010,8,20,Male,86,6.4,90,71,17,0,6,5,6.6,Yes,Yes,No,No,2,3.0,74,0
S01011,7,21,Male,84,8.56,93,94,5,1,7,8,7.5,Yes,Yes,No,No,4,3.7,12,0
S01012,7,24,Female,85,7.21,67,66,16,1,8,4,7.7,No,Yes,Yes,No,7,12.0,18,0
S01013,8,17,Female,100,6.14,100,67,14,0,5,2,7.1,No,No,Yes,No,7,7.6,48,0
S01014,5,22,Female,61,6.45,84,69,23,3,1,2,7.3,Yes,No,No,Yes,6,7.1,38,1
S01015,8,19,Male,62,6.72,58,64,8,1,4,7,5.2,Yes,No,Yes,Yes,9,4.5,0,0
S01016,3,24,Female,85,6.39,77,84,10,1,5,6,6.9,Yes,Yes,Yes,Yes,6,7.7,44,0
S01017,3,17,Male,53,5.84,78,70,10,0,3,5,7.3,Yes,Yes,Yes,Yes,7,5.0,80,1
S01018,6,20,Female,75,5.48,61,53,21,0,1,6,7.5,Yes,Yes,Yes,No,4,5.6,33,0
S01019,1,18,Male,77,8.02,43,100,6,2,8,6,7.6,No,Yes,Yes,No,6,7.4,19,1
S01020,1,23,Female,89,6.8,67,45,11,1,6,6,7.3,Yes,Yes,No,No,8,7.1,39,0
S01021,3,18,Male,60,6.06,68,76,11,1,2,6,7.1,Yes,Yes,No,No,5,7.9,23,0
S01022,7,17,Female,82,6.16,65,70,25,0,9,2,6.9,Yes,Yes,No,No,7,8.4,53,0
S01023,5,23,Female,92,7.32,50,42,17,0,5,5,7.3,Yes,No,No,No,6,4.3,31,0
S01024,7,21,Male,92,7.41,60,100,9,3,4,2,7.3,No,Yes,Yes,No,5,3.9,15,0
S01025,6,18,Male,87,8.2,67,95,7,1,5,4,7.6,No,Yes,No,No,5,5.7,33,0
S01026,5,19,Female,91,8.78,61,64,12,1,2,5,6.6,Yes,Yes,No,Yes,5,3.2,32,0
S01027,6,17,Female,80,8.52,96,94,15,0,6,7,5.9,No,Yes,Yes,Yes,4,7.2,8,0
S01028,3,22,Female,70,9.35,100,48,18,0,7,7,6.2,No,Yes,No,No,10,3.9,62,0
S01029,7,22,Female,79,7.78,72,69,6,2,5,3,4.8,No,Yes,No,No,5,2.4,58,1
S01030,6,24,Female,86,6.85,73,88,17,0,4,7,6.9,Yes,Yes,No,No,6,7.9,36,0
S01031,7,23,Female,70,7.5,58,62,15,0,4,6,5.2,Yes,Yes,Yes,No,5,5.0,40,0
S01032,3,24,Female,77,7.12,49,78,13,1,8,4,6.7,No,Yes,Yes,No,7,6.0,47,0
S01033,8,20,Male,80,8.91,69,45,24,0,8,3,7.0,Yes,Yes,Yes,No,4,6.5,27,0
S01034,1,23,Female,95,10.0,95,60,10,0,3,2,7.8,Yes,Yes,No,No,4,6.1,16,0
S01035,4,19,Male,65,8.89,76,93,18,3,5,5,8.7,Yes,Yes,No,No,4,5.2,0,0
S01036,4,19,Male,70,6.96,62,69,3,0,5,6,7.0,Yes,Yes,No,Yes,4,4.9,15,0
S01037,3,22,Female,77,7.12,78,68,20,3,9,6,7.8,No,Yes,No,No,1,3.9,47,0
S01038,5,17,Female,74,5.58,39,77,24,0,2,6,6.1,Yes,Yes,No,No,5,4.7,58,0
S01039,1,22,Female,95,8.49,88,100,17,1,7,7,8.6,Yes,Yes,No,No,5,6.3,26,0
S01040,4,20,Male,67,5.39,67,88,12,0,6,8,7.5,No,Yes,No,Yes,9,6.8,18,0
S01041,7,23,Male,70,6.68,53,95,20,0,1,5,7.6,Yes,Yes,No,Yes,5,4.6,40,0
S01042,4,17,Male,100,6.52,61,67,25,2,2,8,6.9,No,Yes,Yes,Yes,5,5.9,26,0
S01043,1,23,Female,65,5.14,51,75,23,2,4,6,8.8,Yes,Yes,No,No,6,5.0,35,0
S01044,3,17,Male,78,8.28,51,48,23,0,10,2,7.3,Yes,Yes,No,Yes,7,4.1,17,0
S01045,3,20,Female,69,7.01,88,66,5,0,4,3,5.6,Yes,Yes,Yes,Yes,5,5.8,10,0
S01046,1,23,Male,68,5.56,76,97,11,3,4,7,7.0,Yes,Yes,Yes,No,8,6.3,51,0
S01047,7,20,Female,65,8.39,67,43,16,0,2,3,7.8,Yes,Yes,Yes,Yes,7,3.7,40,0
S01048,5,24,Male,72,7.63,84,41,11,1,4,5,7.4,Yes,No,Yes,No,7,8.6,25,0
S01049,8,17,Male,84,9.54,65,55,14,1,8,5,7.6,Yes,Yes,Yes,No,2,5.5,63,0
S01050,7,19,Female,85,7.18,73,69,15,0,6,6,7.6,Yes,Yes,No,No,7,6.0,43,0
S01051,2,23,Male,75,7.46,81,79,7,2,7,6,8.0,Yes,Yes,No,Yes,3,2.8,23,0
S01052,4,21,Male,70,7.27,35,77,9,0,3,8,7.4,No,Yes,Yes,No,4,8.2,9,0
S01053,6,24,Male,74,6.62,50,45,6,0,3,4,6.1,Yes,Yes,No,No,7,3.0,20,0
S01054,5,24,Male,78,7.72,45,46,1,1,6,4,6.0,Yes,Yes,No,Yes,7,6.1,26,1
S01055,5,24,Male,77,7.53,81,69,18,3,4,7,8.5,Yes,Yes,Yes,No,4,5.1,35,0
S01056,4,18,Female,73,7.73,69,78,13,3,7,6,7.0,Yes,Yes,No,Yes,6,7.3,26,0
S01057,1,22,Female,73,5.39,57,70,1,1,3,5,7.0,No,Yes,Yes,No,6,6.0,12,1
S01058,8,19,Female,73,6.15,54,92,14,3,5,2,6.7,Yes,Yes,Yes,No,6,3.6,46,0
S01059,6,24,Male,59,7.68,80,37,3,2,5,2,7.3,No,Yes,No,No,6,9.2,0,1
S01060,5,24,Male,87,6.02,85,68,13,0,6,2,7.1,Yes,No,No,Yes,7,5.9,13,0
S01061,4,18,Female,67,7.6,62,49,16,1,5,4,7.3,Yes,Yes,Yes,Yes,5,6.9,42,0
S01062,2,21,Female,67,6.75,64,66,26,1,7,2,6.8,Yes,Yes,Yes,Yes,7,7.1,25,0
S01063,1,19,Female,63,8.12,68,42,13,0,3,4,7.7,Yes,Yes,Yes,No,4,6.5,9,0
S01064,3,21,Male,61,9.14,71,53,1,0,6,2,6.7,Yes,Yes,Yes,Yes,5,3.4,19,1
S01065,1,19,Male,72,5.37,83,75,18,0,2,9,7.7,No,Yes,Yes,Yes,6,5.5,35,0
S01066,5,21,Female,89,8.26,63,57,19,3,5,7,6.4,Yes,Yes,Yes,No,5,4.7,27,0
S01067,6,21,Male,61,6.92,78,46,16,1,4,2,7.8,Yes,Yes,No,Yes,2,6.2,42,1
S01068,1,24,Male,67,6.29,65,70,17,1,6,7,7.6,Yes,Yes,Yes,No,7,4.3,79,0
S01069,6,21,Male,93,6.63,74,93,14,0,1,4,8.8,Yes,Yes,Yes,Yes,6,6.2,21,0
S01070,7,17,Male,61,6.5,70,80,11,0,6,7,6.0,Yes,Yes,No,Yes,7,9.0,50,0
S01071,1,20,Male,93,9.07,79,57,12,1,8,3,7.5,Yes,Yes,Yes,No,5,6.5,6,0
S01072,6,22,Female,63,8.81,46,78,21,0,3,6,6.8,Yes,Yes,No,No,6,6.7,60,0
S01073,5,17,Male,61,8.14,84,100,11,1,2,9,7.6,Yes,Yes,Yes,No,3,4.1,65,0
S01074,6,23,Male,70,8.24,82,50,28,1,10,5,5.6,Yes,No,Yes,Yes,4,5.6,75,1
S01075,8,21,Female,92,9.12,49,72,1,0,10,4,8.2,Yes,Yes,Yes,No,4,3.2,33,1
S01076,5,18,Female,82,8.43,53,87,23,0,4,6,6.9,Yes,Yes,Yes,No,6,5.8,45,0
S01077,3,23,Male,71,6.09,100,53,11,0,5,4,5.1,Yes,Yes,No,No,3,7.4,50,0
S01078,1,24,Male,78,5.57,67,73,12,1,4,3,8.4,Yes,No,No,Yes,3,4.1,34,0
S01079,6,20,Male,63,5.84,58,97,9,3,7,2,7.6,Yes,Yes,Yes,No,1,5.1,17,1
S01080,7,21,Male,84,6.43,70,79,20,1,4,5,5.9,Yes,Yes,Yes,No,4,4.6,14,0
S01081,1,24,Male,77,7.75,100,44,10,1,2,6,7.4,Yes,Yes,Yes,No,5,6.0,29,0
S01082,2,17,Male,92,5.92,76,80,6,0,3,5,7.2,Yes,Yes,Yes,No,7,6.1,60,0
S01083,4,23,Female,81,8.88,80,81,2,0,5,7,5.7,No,Yes,No,No,6,3.3,13,0
S01084,8,17,Male,78,8.47,69,87,17,2,7,6,7.7,No,Yes,No,No,5,6.6,55,0
S01085,5,19,Male,94,6.86,84,81,11,0,5,3,7.5,No,Yes,No,No,5,7.0,39,0
S01086,8,24,Male,74,8.04,82,52,23,1,3,7,6.3,Yes,Yes,No,No,4,1.9,38,0
S01087,5,18,Male,72,7.05,35,100,16,0,7,5,6.1,No,Yes,No,Yes,7,8.7,14,1
S01088,6,21,Male,91,7.32,86,100,11,0,6,8,6.6,Yes,Yes,Yes,Yes,5,2.6,55,0
S01089,4,23,Female,73,7.27,61,100,15,0,1,5,5.5,Yes,Yes,No,No,6,5.5,21,0
S01090,6,21,Male,80,7.04,75,95,11,1,4,3,4.9,No,Yes,Yes,No,3,7.7,10,0
S01091,7,18,Female,69,8.49,78,78,19,0,6,6,5.9,No,Yes,No,Yes,10,8.0,14,0
S01092,4,19,Male,82,6.87,75,90,10,0,1,2,6.2,No,Yes,No,No,7,5.7,15,0
S01093,8,24,Male,61,6.6,52,49,23,2,5,10,6.8,Yes,Yes,No,No,4,5.2,35,1
S01094,4,23,Female,92,8.22,80,69,10,1,4,6,6.8,No,Yes,Yes,No,5,5.9,20,0
S01095,5,18,Female,71,8.26,55,71,16,1,6,9,7.7,Yes,Yes,No,No,5,7.3,6,0
S01096,4,17,Female,86,5.64,89,83,10,0,3,3,7.6,Yes,Yes,No,No,5,6.2,22,0
S01097,5,24,Female,86,6.45,64,77,14,4,3,6,7.1,Yes,Yes,Yes,Yes,5,4.8,57,0
S01098,3,18,Male,70,6.88,53,68,21,2,1,4,4.7,Yes,Yes,Yes,No,5,4.0,24,0
S01099,8,19,Female,91,7.33,59,46,17,0,5,6,6.1,Yes,Yes,Yes,Yes,10,6.8,68,0
S01100,2,24,Male,90,7.69,85,52,1,1,5,4,5.0,Yes,Yes,Yes,No,10,4.3,64,0
S01101,6,18,Male,100,8.1,83,79,7,0,2,6,8.0,Yes,Yes,No,No,3,3.4,44,0
S01102,7,19,Male,82,7.58,73,91,9,4,6,5,6.6,Yes,Yes,No,Yes,5,4.9,22,0
S01103,3,24,Female,91,7.84,79,54,13,2,1,7,6.5,Yes,Yes,No,No,4,5.7,20,0
S01104,1,18,Male,95,7.67,79,90,24,1,5,8,5.2,Yes,Yes,Yes,Yes,2,5.5,52,0
S01105,5,22,Male,80,7.7,91,100,11,2,6,7,6.0,Yes,Yes,Yes,Yes,8,9.4,10,0
S01106,8,24,Male,52,6.23,50,67,28,6,2,8,5.2,No,Yes,No,No,6,5.4,66,1
S01107,4,24,Male,56,5.5,96,63,17,0,3,4,6.5,Yes,No,No,Yes,6,9.2,11,1
S01108,7,22,Female,86,8.25,78,64,18,1,5,1,6.0,Yes,Yes,Yes,No,2,7.4,24,0
S01109,3,24,Male,78,7.0,60,76,17,0,3,5,6.3,Yes,Yes,No,No,9,3.2,27,0
S01110,8,17,Male,92,6.36,75,82,22,1,5,3,6.4,Yes,Yes,No,No,5,5.3,34,0
S01111,4,20,Female,66,8.85,62,76,9,0,7,7,7.5,Yes,Yes,No,No,1,9.0,46,0
S01112,6,24,Female,71,6.9,51,58,18,1,5,5,6.4,Yes,Yes,Yes,No,6,9.2,40,0
S01113,3,23,Female,100,8.94,92,83,20,1,4,8,6.8,Yes,Yes,No,Yes,7,3.9,0,0
S01114,8,21,Male,89,5.68,52,77,22,1,5,8,5.7,Yes,Yes,Yes,No,4,3.3,29,0
S01115,7,17,Female,85,7.17,75,100,16,2,2,8,5.1,No,No,Yes,Yes,7,2.2,37,0
S01116,1,23,Female,72,7.42,91,66,15,0,6,7,4.5,Yes,Yes,No,No,7,8.3,31,0
S01117,4,23,Female,80,6.78,73,100,22,0,6,7,6.1,No,Yes,Yes,No,2,5.4,9,0
S01118,8,20,Female,62,7.27,69,48,26,2,6,7,5.2,Yes,Yes,Yes,Yes,6,6.1,43,1
S01119,3,17,Female,79,6.11,56,100,4,0,5,1,5.2,No,Yes,No,Yes,4,3.0,49,1
S01120,1,17,Male,71,5.9,89,100,16,0,3,2,5.6,No,Yes,No,No,3,4.3,60,1
S01121,8,17,Female,80,8.61,38,63,16,0,3,4,5.8,Yes,Yes,Yes,Yes,6,3.0,23,0
S01122,8,18,Female,87,7.31,48,81,21,3,6,4,6.3,Yes,Yes,Yes,Yes,4,5.7,44,1
S01123,7,21,Male,90,7.48,80,55,19,0,4,3,5.2,Yes,Yes,No,No,4,5.9,42,0
S01124,6,19,Female,69,5.89,49,77,12,1,7,7,6.2,Yes,Yes,Yes,No,6,5.7,69,0
S01125,1,19,Male,65,8.1,61,87,18,4,4,6,7.6,Yes,Yes,No,Yes,7,9.5,24,0
S01126,2,17,Female,100,7.5,86,67,23,1,3,4,6.9,Yes,Yes,No,No,4,1.4,37,0
S01127,6,23,Female,100,8.61,72,100,13,0,4,5,6.2,Yes,Yes,Yes,Yes,7,3.9,79,0
S01128,1,23,Male,79,4.42,46,65,21,2,8,5,7.4,Yes,Yes,Yes,Yes,3,5.4,22,1
S01129,2,21,Female,80,6.79,39,78,16,1,7,5,7.1,No,Yes,Yes,No,2,7.0,35,0
S01130,1,23,Male,88,7.14,71,87,21,0,3,5,6.3,Yes,Yes,No,No,5,7.5,34,0
S01131,5,20,Female,78,7.71,58,79,12,0,4,6,6.6,Yes,Yes,Yes,No,7,7.7,4,0
S01132,1,23,Female,92,9.26,54,81,6,0,3,6,6.7,No,Yes,Yes,Yes,6,4.3,22,0
S01133,3,20,Female,71,7.4,60,55,18,1,4,3,6.5,Yes,Yes,Yes,No,5,6.3,12,0
S01134,7,22,Male,70,6.61,83,70,12,2,1,5,8.5,Yes,Yes,Yes,No,5,7.5,49,0
S01135,3,19,Female,83,7.18,89,93,28,1,8,4,5.5,Yes,Yes,No,No,10,5.8,55,0
S01136,6,20,Male,78,6.58,73,79,15,3,5,6,5.9,Yes,No,No,No,9,3.1,21,0
S01137,1,24,Female,70,8.19,73,56,10,0,4,5,8.2,Yes,Yes,Yes,No,3,4.3,34,0
S01138,6,21,Male,60,6.73,91,84,12,0,6,5,7.4,Yes,No,Yes,No,5,6.3,12,0
S01139,7,24,Female,86,7.47,93,100,14,2,4,4,7.7,Yes,Yes,Yes,No,3,5.7,39,0
S01140,6,19,Female,87,7.17,83,82,1,0,4,5,6.3,Yes,Yes,No,No,5,2.5,27,0
S01141,6,24,Female,73,4.57,72,83,17,2,2,3,7.8,Yes,Yes,No,No,4,4.8,58,1
S01142,4,24,Female,87,5.17,79,87,3,2,2,6,6.6,Yes,Yes,No,Yes,5,5.8,44,1
S01143,8,22,Female,81,8.74,73,69,19,0,4,6,6.0,Yes,Yes,Yes,Yes,6,5.1,32,0
S01144,6,22,Male,95,8.09,57,59,10,2,2,4,6.3,Yes,Yes,No,No,5,4.2,44,0
S01145,8,22,Male,93,6.03,70,70,10,1,6,6,8.0,Yes,Yes,Yes,No,8,8.0,35,0
S01146,2,24,Male,74,7.31,69,96,6,1,7,2,6.5,Yes,Yes,No,No,4,3.6,44,0
S01147,3,17,Female,74,9.31,59,42,15,0,1,6,7.6,Yes,No,Yes,No,7,5.5,32,0
S01148,3,23,Male,63,5.93,86,35,8,3,1,8,6.7,Yes,Yes,No,No,6,7.9,18,1
S01149,5,24,Male,60,7.55,80,100,10,1,2,7,8.2,Yes,Yes,Yes,No,4,5.7,39,0
S01150,5,21,Female,88,6.66,96,65,20,1,5,8,6.4,No,Yes,No,No,6,5.8,43,0
S01151,4,17,Male,70,7.26,92,65,26,1,3,8,5.9,Yes,Yes,No,Yes,4,5.7,31,0
S01152,3,23,Female,59,5.79,59,46,16,1,6,3,6.6,Yes,Yes,No,No,6,4.6,39,1
S01153,8,17,Male,58,6.97,65,79,4,1,4,3,7.6,Yes,Yes,No,No,5,7.4,24,1
S01154,1,23,Female,63,6.41,54,84,14,3,6,6,7.2,Yes,Yes,No,Yes,9,2.0,38,1
S01155,5,17,Female,77,5.87,82,35,15,1,3,3,5.9,Yes,Yes,No,No,8,5.5,18,1
S01156,8,20,Male,63,6.53,71,62,17,2,4,5,7.6,Yes,Yes,No,Yes,8,5.6,23,1
S01157,7,23,Female,100,6.19,84,73,10,2,4,6,7.3,Yes,Yes,Yes,No,8,9.3,57,0
S01158,8,20,Male,81,8.17,58,100,18,1,7,6,5.6,Yes,Yes,No,No,7,1.3,10,0
S01159,3,23,Male,83,7.85,86,86,22,1,6,6,7.9,Yes,Yes,No,No,3,7.6,16,0
S01160,5,18,Female,82,7.44,61,64,14,0,5,8,4.9,Yes,Yes,Yes,No,6,2.6,22,0
S01161,8,23,Female,74,8.68,79,79,8,2,5,8,7.8,Yes,Yes,No,No,5,7.2,0,0
S01162,7,17,Male,84,7.13,52,100,21,1,6,7,6.9,Yes,Yes,Yes,No,7,7.4,48,0
S01163,1,19,Male,67,6.18,79,90,13,0,2,7,4.4,No,Yes,No,No,2,4.8,63,0
S01164,3,22,Male,89,5.88,55,57,34,0,4,6,7.3,Yes,Yes,No,No,7,3.8,24,0
S01165,3,21,Female,83,7.86,83,100,12,1,5,3,7.6,Yes,Yes,Yes,No,4,6.4,9,0
S01166,5,17,Female,81,6.74,75,50,13,5,8,5,6.4,No,Yes,Yes,No,4,6.8,26,1
S01167,6,21,Female,65,7.57,66,95,1,2,7,7,6.9,Yes,Yes,No,No,5,2.7,7,0
S01168,6,24,Female,93,6.87,86,57,12,0,3,7,6.5,No,Yes,Yes,No,6,9.2,39,0
S01169,8,21,Female,90,6.03,80,79,9,1,4,2,7.0,Yes,Yes,No,Yes,9,7.3,54,0
S01170,7,20,Female,85,7.11,75,84,14,1,6,6,8.3,Yes,Yes,Yes,No,4,5.4,36,0
S01171,2,24,Female,75,5.46,56,100,3,2,1,9,7.2,Yes,Yes,Yes,No,7,4.2,49,0
S01172,8,17,Male,99,7.9,72,87,17,0,1,8,7.3,Yes,Yes,No,No,1,6.3,43,0
S01173,1,22,Male,76,5.91,75,55,25,3,7,8,7.3,Yes,Yes,No,Yes,4,5.2,11,1
S01174,2,18,Male,78,6.29,62,67,18,2,7,3,8.0,No,Yes,No,Yes,1,5.9,22,1
S01175,7,19,Male,67,7.79,71,78,24,0,5,6,5.2,Yes,Yes,No,No,4,4.5,69,0
S01176,6,21,Female,66,5.99,69,69,29,1,4,4,6.6,Yes,Yes,No,No,4,4.8,21,0
S01177,2,24,Female,80,8.23,58,73,23,1,4,6,8.2,Yes,Yes,No,No,7,6.8,28,0
S01178,2,23,Female,81,6.61,90,52,15,1,6,7,6.5,Yes,Yes,No,Yes,5,5.4,5,0
S01179,1,17,Male,80,6.47,77,49,17,0,1,7,8.2,Yes,Yes,Yes,No,4,3.0,26,0
S01180,4,21,Female,71,6.47,55,85,14,0,6,4,5.9,Yes,Yes,Yes,Yes,5,4.3,42,0
S01181,3,21,Male,71,6.57,45,78,4,5,5,8,5.3,Yes,Yes,Yes,No,5,2.6,32,1
S01182,3,22,Female,68,7.81,82,71,14,1,3,3,7.5,Yes,Yes,No,No,8,6.2,37,0
S01183,8,22,Male,83,8.15,64,79,11,3,4,5,6.3,Yes,Yes,Yes,No,6,2.5,8,0
S01184,6,18,Male,76,7.82,52,88,9,1,8,6,7.9,No,Yes,Yes,No,2,5.3,52,0
S01185,7,21,Female,72,8.14,81,75,14,3,1,7,7.2,Yes,Yes,Yes,No,5,2.1,54,0
S01186,8,17,Female,50,6.18,83,74,7,1,4,8,4.9,Yes,Yes,Yes,No,5,7.2,48,0
S01187,5,18,Female,100,6.83,68,77,19,0,5,5,7.4,Yes,Yes,No,Yes,2,8.2,40,0
S01188,6,23,Male,37,6.77,65,73,13,1,8,4,6.8,No,Yes,No,Yes,9,3.5,38,1
S01189,1,19,Male,89,5.86,65,41,17,0,4,4,6.7,Yes,Yes,Yes,No,10,5.9,54,0
S01190,1,23,Male,75,4.45,79,95,23,0,6,5,7.0,Yes,Yes,Yes,No,7,2.9,17,0
S01191,3,24,Male,93,7.79,39,98,9,0,9,4,7.3,Yes,Yes,Yes,No,5,8.5,70,0
S01192,5,18,Male,68,7.16,59,89,8,0,7,7,7.2,Yes,Yes,No,No,5,4.8,72,0
S01193,4,20,Male,91,6.66,84,99,14,1,3,5,6.2,Yes,Yes,Yes,No,6,4.9,20,0
S01194,8,23,Female,86,5.91,65,79,10,1,5,2,6.9,No,Yes,Yes,Yes,4,5.0,15,1
S01195,2,17,Male,86,6.71,94,54,19,1,7,9,6.5,No,Yes,Yes,No,3,7.8,18,0
S01196,2,22,Male,73,7.5,49,82,12,2,10,6,6.9,Yes,Yes,Yes,No,8,8.5,42,1
S01197,2,24,Male,62,7.89,100,86,8,0,1,6,5.6,Yes,Yes,No,No,6,7.8,44,0
S01198,7,17,Female,80,6.1,79,73,18,3,3,2,9.0,Yes,Yes,Yes,No,2,5.1,43,0
S01199,3,19,Male,65,5.78,62,95,20,2,8,6,7.5,Yes,Yes,No,No,6,4.7,36,1
S01200,4,17,Male,89,8.87,85,70,25,2,1,5,5.8,No,Yes,No,No,7,5.2,37,0
S01201,8,22,Female,80,8.94,63,82,11,1,4,3,5.3,No,Yes,No,Yes,9,7.2,44,0
S01202,6,21,Female,87,5.91,71,95,16,4,6,6,6.4,Yes,Yes,No,No,4,6.0,32,0
S01203,6,17,Male,87,8.69,100,72,19,0,4,5,6.4,Yes,Yes,Yes,No,6,4.8,46,0
S01204,3,22,Male,88,8.25,67,99,1,0,4,7,5.6,Yes,Yes,Yes,No,6,4.5,46,0
S01205,8,20,Female,61,8.36,47,60,16,1,3,4,7.3,Yes,Yes,No,No,7,4.1,20,0
S01206,6,20,Female,87,5.83,73,75,16,1,1,5,7.2,Yes,Yes,Yes,Yes,5,3.9,31,0
S01207,4,17,Female,85,6.36,60,75,6,0,6,9,6.8,Yes,Yes,No,No,7,3.5,0,0
S01208,1,22,Male,78,6.62,96,90,17,0,4,2,5.5,No,Yes,No,No,6,5.4,35,0
S01209,1,24,Male,99,7.26,88,66,14,0,3,2,5.4,Yes,Yes,Yes,Yes,5,6.3,60,0
S01210,7,17,Male,73,5.81,54,74,12,0,5,3,7.3,Yes,Yes,No,No,9,5.8,62,0
S01211,8,20,Male,66,8.19,70,52,3,0,8,4,5.4,Yes,No,Yes,Yes,7,3.6,32,1
S01212,5,24,Male,84,7.21,58,35,14,4,4,5,8.4,Yes,Yes,Yes,No,6,4.2,58,0
S01213,7,18,Female,85,6.89,58,78,26,0,3,4,7.1,No,Yes,No,No,7,3.1,26,0
S01214,6,17,Female,86,6.83,93,61,9,2,5,6,7.7,Yes,Yes,Yes,No,7,7.6,39,0
S01215,7,17,Male,58,7.59,66,75,21,1,5,7,7.0,Yes,Yes,No,No,6,4.8,48,0
S01216,3,24,Female,69,6.66,61,66,17,1,3,7,6.9,Yes,No,No,No,4,3.0,59,0
S01217,1,20,Female,77,7.91,63,61,10,1,3,4,6.1,No,Yes,Yes,No,6,8.9,67,0
S01218,8,24,Male,91,4.54,46,84,11,1,5,5,6.9,Yes,Yes,Yes,No,4,4.7,0,0
S01219,1,18,Male,73,8.65,56,43,1,0,6,5,5.4,Yes,Yes,Yes,No,7,6.6,62,1
S01220,3,17,Female,88,8.59,66,100,11,1,4,7,5.2,Yes,Yes,Yes,Yes,5,5.7,43,0
S01221,5,21,Male,86,6.41,70,75,19,1,3,7,7.0,Yes,Yes,No,No,5,5.5,47,0
S01222,2,20,Male,79,7.86,66,58,11,0,2,4,5.2,Yes,Yes,Yes,Yes,4,5.1,33,0
S01223,1,24,Male,88,6.08,76,68,23,1,5,4,5.5,Yes,No,No,No,9,4.9,67,0
S01224,8,19,Male,84,7.12,54,99,12,1,4,7,6.1,Yes,Yes,Yes,No,7,5.0,36,0
S01225,2,18,Female,64,6.47,66,74,7,1,5,5,6.5,Yes,Yes,No,No,3,4.9,80,1
S01226,3,22,Male,68,8.16,82,53,14,1,3,4,5.5,Yes,Yes,Yes,No,6,10.1,60,0
S01227,2,23,Female,89,6.62,75,100,19,1,6,7,5.6,Yes,Yes,Yes,No,6,4.8,38,0
S01228,3,24,Female,87,7.47,75,69,11,0,4,5,7.2,Yes,Yes,Yes,No,8,3.1,35,0
S01229,7,21,Male,100,7.78,88,100,28,2,8,6,7.9,Yes,Yes,No,No,3,5.8,32,0
S01230,5,17,Male,79,7.4,67,51,19,3,4,6,6.4,Yes,Yes,No,No,4,4.1,40,0
S01231,4,23,Female,79,7.9,100,87,6,0,4,5,6.0,Yes,Yes,Yes,No,6,7.2,34,0
S01232,2,18,Male,94,7.3,83,63,14,1,3,5,7.1,No,Yes,Yes,No,5,4.1,53,0
S01233,5,21,Male,92,8.64,54,36,11,0,5,8,6.2,Yes,Yes,No,Yes,7,4.0,26,0
S01234,1,23,Male,85,7.02,48,85,12,0,3,7,6.8,Yes,No,Yes,No,2,2.7,20,0
S01235,6,24,Male,89,7.95,67,39,20,1,8,6,6.1,Yes,Yes,Yes,No,6,5.8,14,0
S01236,7,20,Male,78,6.75,73,67,15,0,8,5,6.4,Yes,Yes,No,Yes,9,9.6,33,0
S01237,7,22,Female,70,6.43,72,54,12,0,3,6,5.9,No,Yes,No,No,3,4.4,26,0
S01238,3,19,Male,87,7.59,59,69,14,0,6,6,8.9,Yes,Yes,No,No,6,5.7,70,0
S01239,4,19,Female,90,6.66,98,91,15,2,4,6,6.5,Yes,Yes,Yes,No,5,4.3,16,0
S01240,5,20,Female,75,6.53,78,75,12,0,7,6,5.7,Yes,Yes,No,Yes,9,2.0,57,0
S01241,7,17,Female,80,6.71,82,85,11,1,6,4,7.6,Yes,Yes,Yes,No,6,8.2,32,0
S01242,3,17,Male,90,6.23,70,73,13,0,6,4,6.9,Yes,Yes,No,No,10,5.8,39,0
S01243,3,22,Female,70,4.54,56,79,18,0,2,7,5.7,Yes,Yes,Yes,No,2,6.6,16,0
S01244,1,17,Male,90,4.98,85,96,7,1,7,7,8.8,No,Yes,No,Yes,7,2.5,32,1
S01245,1,19,Male,59,7.47,47,98,13,3,1,7,7.1,No,Yes,Yes,No,6,5.0,11,1
S01246,1,19,Female,100,6.31,72,62,12,2,4,4,7.0,No,Yes,No,No,5,5.9,23,0
S01247,1,18,Male,81,8.96,76,40,12,2,6,2,6.4,Yes,Yes,No,No,7,1.4,16,0
S01248,6,22,Male,58,5.84,100,90,5,1,4,6,6.1,Yes,Yes,No,No,5,4.2,38,1
S01249,2,18,Female,100,7.59,39,71,21,1,5,6,6.9,Yes,Yes,Yes,No,5,4.8,26,0
S01250,5,24,Female,88,6.55,83,100,15,2,5,7,5.6,Yes,Yes,No,Yes,5,8.1,87,0
S01251,3,19,Female,70,8.92,94,52,7,1,3,6,6.6,Yes,Yes,Yes,Yes,1,1.7,67,0
S01252,7,23,Female,93,7.69,64,57,19,2,9,5,6.9,Yes,Yes,Yes,Yes,5,2.9,33,1
S01253,3,17,Male,75,7.97,86,67,26,1,5,7,6.1,No,Yes,Yes,Yes,4,6.1,41,0
S01254,2,22,Male,92,7.45,87,49,26,2,2,4,6.8,Yes,Yes,Yes,No,3,4.0,20,0
S01255,7,24,Male,80,6.81,73,86,15,1,4,5,7.0,Yes,Yes,No,Yes,4,5.1,40,0
S01256,8,18,Female,81,8.28,86,59,18,0,8,2,6.3,No,Yes,Yes,No,9,7.6,29,0
S01257,1,17,Male,100,8.01,73,82,18,0,5,6,7.6,Yes,Yes,No,No,2,3.1,14,0
S01258,7,19,Female,83,6.49,87,75,14,1,4,4,5.1,Yes,Yes,Yes,No,4,7.3,35,0
S01259,8,20,Female,79,6.24,73,95,14,1,4,7,7.5,No,Yes,No,No,3,7.8,61,0
S01260,1,19,Male,75,6.5,80,73,22,0,4,2,6.5,Yes,Yes,Yes,No,5,7.5,58,0
S01261,8,19,Male,85,6.72,74,77,9,3,2,4,5.3,Yes,Yes,No,No,4,4.3,41,0
S01262,2,17,Male,91,9.18,86,74,28,1,9,8,6.2,No,Yes,Yes,No,4,7.0,27,0
S01263,5,22,Male,82,5.92,75,64,13,3,5,5,5.3,Yes,Yes,Yes,No,6,6.1,28,0
S01264,3,23,Male,46,7.16,68,76,15,0,3,4,6.3,Yes,Yes,No,No,5,6.4,56,0
S01265,4,21,Male,91,6.28,44,100,25,2,1,6,5.7,Yes,Yes,Yes,No,1,6.1,42,0
S01266,1,20,Male,70,5.64,66,76,5,1,6,7,7.6,Yes,Yes,No,No,6,3.6,6,0
S01267,7,23,Female,61,7.3,77,91,3,1,5,5,7.4,Yes,Yes,No,No,6,6.5,39,0
S01268,5,20,Male,88,5.09,70,73,15,1,3,2,6.7,Yes,Yes,No,No,5,4.9,46,0
S01269,1,22,Male,67,8.5,95,92,3,0,2,9,6.9,Yes,Yes,Yes,Yes,8,6.5,61,0
S01270,5,21,Male,58,7.86,80,75,23,0,3,4,8.0,Yes,Yes,No,Yes,6,3.4,36,0
S01271,2,20,Male,71,7.41,36,72,13,1,3,9,6.5,Yes,Yes,Yes,Yes,5,3.1,30,0
S01272,2,17,Female,96,5.97,83,54,19,3,4,7,8.4,No,Yes,No,No,9,3.4,59,1
S01273,5,23,Female,47,7.14,71,93,13,3,5,5,6.0,Yes,Yes,Yes,No,4,4.4,42,0
S01274,7,21,Male,80,7.79,73,94,16,3,4,5,7.2,No,Yes,No,No,8,4.1,43,0
S01275,8,22,Male,58,6.15,69,61,12,1,3,4,7.2,Yes,Yes,Yes,Yes,4,5.4,33,0
S01276,1,24,Male,81,7.82,82,62,25,1,6,7,7.3,Yes,Yes,No,No,6,5.3,36,0
S01277,3,17,Female,69,5.45,76,35,26,0,3,4,7.4,No,Yes,Yes,No,2,6.7,3,1
S01278,7,22,Male,81,5.76,70,78,22,2,3,6,5.1,Yes,Yes,No,Yes,4,6.6,47,1
S01279,1,20,Female,85,6.93,78,85,5,0,3,7,7.8,Yes,No,Yes,No,7,2.5,53,0
S01280,1,23,Female,93,8.2,66,52,16,2,7,4,5.0,Yes,Yes,No,Yes,4,7.5,0,1
S01281,7,20,Male,61,8.22,37,70,16,0,7,8,8.0,Yes,No,No,No,7,6.3,26,0
S01282,4,19,Male,84,9.24,79,78,12,1,6,8,5.7,Yes,Yes,No,Yes,4,7.8,25,0
S01283,7,23,Female,58,6.54,74,50,17,0,6,10,6.8,Yes,Yes,No,Yes,6,4.6,51,1
S01284,1,17,Female,78,7.59,51,87,13,1,4,5,8.3,Yes,Yes,Yes,No,1,6.6,29,0
S01285,8,20,Male,60,7.83,85,60,12,0,3,5,8.2,Yes,No,No,Yes,4,7.8,11,0
S01286,5,21,Female,93,8.04,42,100,2,1,5,6,5.8,Yes,Yes,No,No,5,6.0,67,0
S01287,2,21,Male,80,7.0,67,100,11,3,5,6,5.9,Yes,Yes,Yes,No,9,6.3,26,0
S01288,8,24,Female,96,6.33,60,67,17,0,7,5,6.6,Yes,Yes,No,No,7,8.4,49,0
S01289,5,24,Male,74,7.35,70,79,23,0,7,3,6.0,Yes,Yes,Yes,Yes,6,5.3,22,0
S01290,7,20,Female,68,4.67,60,46,15,0,1,6,5.4,Yes,Yes,No,No,9,8.5,17,1
S01291,4,17,Female,60,6.19,91,61,8,2,5,5,7.0,Yes,Yes,Yes,Yes,8,2.4,62,1
S01292,2,22,Female,70,9.22,87,94,8,1,7,7,7.7,Yes,Yes,Yes,Yes,4,6.6,60,0
S01293,8,20,Female,72,8.9,30,68,17,2,5,5,6.4,Yes,Yes,Yes,Yes,8,2.6,39,0
S01294,2,21,Female,64,6.77,77,100,5,1,2,7,6.3,Yes,Yes,No,No,7,7.5,25,0
S01295,4,22,Male,66,6.11,78,46,13,2,4,7,8.0,No,Yes,No,No,3,2.1,84,1
S01296,7,22,Female,77,5.51,83,76,10,1,3,5,7.1,Yes,Yes,No,No,6,5.2,11,0
S01297,5,18,Female,89,6.79,61,58,11,1,3,5,4.9,Yes,Yes,No,No,4,3.8,56,0
S01298,7,18,Male,73,5.97,54,83,9,0,8,4,8.7,Yes,Yes,No,Yes,6,6.7,28,1
S01299,4,17,Male,83,7.29,95,61,9,2,5,4,6.1,Yes,Yes,No,No,5,5.6,35,0
S01300,8,20,Male,66,7.24,52,95,14,0,4,3,7.6,Yes,Yes,Yes,No,4,3.2,21,0
S01301,8,17,Male,58,7.07,78,59,10,0,7,6,6.5,Yes,Yes,Yes,No,5,3.4,51,0
S01302,2,17,Female,45,7.04,54,100,20,1,2,6,7.6,Yes,Yes,Yes,Yes,4,7.1,30,0
S01303,7,18,Male,61,6.97,63,54,7,0,1,5,6.7,Yes,Yes,No,No,5,4.6,39,1
S01304,7,17,Male,76,6.56,46,64,15,1,6,6,6.1,Yes,Yes,Yes,Yes,7,6.8,61,0
S01305,7,18,Male,95,6.96,74,100,15,0,1,6,9.2,Yes,Yes,No,No,6,4.0,55,0
S01306,4,17,Female,91,8.45,61,94,29,1,6,6,6.0,Yes,Yes,No,No,2,6.8,34,0
S01307,8,18,Female,88,5.65,65,69,15,1,1,8,6.5,Yes,Yes,No,No,4,10.4,21,0
S01308,5,17,Female,52,9.38,45,72,23,0,5,5,6.0,Yes,Yes,Yes,No,3,1.0,0,0
S01309,8,23,Female,86,8.27,92,80,16,0,4,5,6.8,Yes,No,No,Yes,6,6.7,18,0
S01310,7,18,Female,62,6.21,82,35,20,3,5,7,8.3,No,Yes,Yes,Yes,4,5.4,90,1
S01311,4,21,Female,42,6.55,81,74,11,1,3,7,5.9,Yes,Yes,No,No,5,9.1,16,0
S01312,2,23,Male,82,5.61,52,82,25,0,3,2,8.3,Yes,Yes,No,No,3,6.3,27,0
S01313,2,22,Male,70,7.38,83,62,21,2,5,7,6.0,No,Yes,Yes,No,4,1.0,35,0
S01314,1,18,Female,72,6.42,80,94,3,0,5,8,7.8,Yes,Yes,Yes,No,5,4.2,47,0
S01315,3,21,Female,73,5.53,70,45,25,1,5,4,6.0,Yes,Yes,No,No,5,5.1,28,0
S01316,7,19,Female,70,6.34,74,77,19,0,7,5,7.2,Yes,Yes,Yes,Yes,4,5.1,57,0
S01317,7,23,Male,80,7.51,75,99,24,2,3,5,6.1,Yes,Yes,Yes,No,6,4.0,7,0
S01318,5,17,Female,75,5.96,82,90,8,2,5,8,7.0,Yes,Yes,No,No,4,1.9,39,0
S01319,5,20,Male,67,8.69,64,98,5,0,2,10,7.5,Yes,Yes,No,Yes,4,4.8,42,0
S01320,4,19,Male,58,8.01,100,82,26,0,5,7,7.7,No,Yes,No,No,8,5.0,10,0
S01321,2,21,Male,100,5.56,99,79,10,0,9,5,7.9,Yes,Yes,No,Yes,9,7.5,26,0
S01322,2,24,Male,61,8.21,92,59,10,2,7,2,6.6,Yes,Yes,No,Yes,5,4.2,6,1
S01323,5,17,Male,75,8.06,62,73,5,1,5,9,6.3,Yes,Yes,No,Yes,9,3.2,74,0
S01324,2,22,Male,75,5.3,83,55,18,0,5,5,6.0,Yes,Yes,Yes,Yes,8,7.2,14,0
S01325,8,20,Male,100,6.97,69,61,9,2,5,3,5.6,Yes,Yes,Yes,No,9,7.1,48,0
S01326,5,22,Male,93,8.31,70,62,28,1,4,4,7.9,Yes,Yes,No,No,5,5.7,58,0
S01327,1,17,Female,86,7.74,97,86,22,1,6,4,8.2,Yes,Yes,No,No,4,4.4,9,0
S01328,1,21,Male,62,6.44,30,54,22,3,4,4,6.7,No,Yes,Yes,No,9,6.9,60,1
S01329,7,22,Female,77,8.95,61,73,22,2,4,6,7.5,Yes,Yes,Yes,No,6,6.3,34,0
S01330,1,21,Male,92,4.72,40,88,17,0,6,5,8.1,No,Yes,Yes,No,5,5.7,8,1
S01331,2,17,Male,72,8.13,77,76,20,0,6,5,7.1,Yes,Yes,Yes,No,3,5.2,40,0
S01332,2,19,Female,77,7.76,83,57,15,2,3,5,4.9,No,Yes,No,Yes,6,5.5,34,1
S01333,8,23,Female,96,6.22,68,84,9,1,7,7,5.9,Yes,Yes,Yes,No,5,6.5,47,0
S01334,7,18,Male,76,5.88,67,71,20,0,3,7,6.5,No,Yes,No,Yes,7,8.1,40,0
S01335,2,19,Female,57,6.16,67,79,22,0,7,10,5.3,Yes,Yes,No,No,1,6.9,6,0
S01336,3,22,Female,66,6.71,90,76,16,0,4,7,7.4,Yes,No,No,No,7,3.8,29,0
S01337,2,24,Female,59,7.54,68,77,5,0,7,2,6.0,No,No,Yes,Yes,4,4.6,52,1
S01338,8,18,Male,77,7.75,59,73,24,1,3,6,5.5,Yes,Yes,No,No,3,7.1,47,0
S01339,5,23,Female,83,6.14,60,98,9,1,5,6,4.8,Yes,Yes,Yes,Yes,9,6.2,28,0
S01340,7,21,Female,87,8.35,62,73,21,2,1,6,7.5,No,Yes,Yes,No,2,4.8,13,0
S01341,7,18,Female,78,7.27,76,60,7,1,5,6,9.1,Yes,Yes,No,Yes,8,9.3,28,0
S01342,2,20,Female,94,8.08,70,74,18,1,8,10,7.4,Yes,Yes,No,No,7,4.6,42,0
S01343,6,19,Male,94,8.36,75,62,6,1,4,3,6.4,No,Yes,Yes,No,5,9.8,58,0
S01344,5,20,Female,52,6.04,37,63,30,2,10,4,8.1,Yes,Yes,No,No,4,3.5,31,1
S01345,6,20,Female,70,6.01,79,63,16,2,3,6,6.7,Yes,Yes,Yes,No,5,4.3,21,0
S01346,6,23,Female,54,4.82,55,55,18,3,3,2,7.8,Yes,Yes,Yes,No,9,6.1,0,1
S01347,2,22,Male,83,7.55,54,97,9,2,3,8,6.0,Yes,Yes,No,No,6,5.9,9,0
S01348,4,19,Female,99,8.16,81,87,26,1,5,7,5.2,No,Yes,Yes,No,1,1.8,68,0
S01349,4,18,Male,93,9.2,81,55,10,2,1,8,7.4,Yes,Yes,No,No,5,2.4,50,0
S01350,5,17,Male,87,6.15,71,59,29,1,6,6,7.2,Yes,Yes,Yes,No,5,8.6,55,0
S01351,5,22,Female,76,6.91,69,82,17,1,6,5,8.3,No,Yes,Yes,Yes,3,6.5,28,0
S01352,6,23,Male,71,6.79,86,73,10,0,4,6,7.2,Yes,Yes,No,Yes,6,7.1,61,0
S01353,8,23,Male,63,8.94,89,92,23,2,6,5,8.2,Yes,Yes,No,No,3,4.6,40,1
S01354,8,17,Female,72,7.24,80,100,28,0,4,7,6.5,Yes,Yes,No,No,6,4.5,38,0
S01355,3,20,Female,80,7.49,56,58,19,0,8,7,6.6,Yes,Yes,No,No,5,4.2,51,0
S01356,1,21,Female,71,5.14,81,100,21,0,4,4,6.0,No,Yes,No,No,2,5.4,0,0
S01357,1,20,Male,94,5.48,49,62,12,3,6,3,7.4,Yes,Yes,No,No,2,4.4,47,1
S01358,4,23,Female,79,8.2,74,69,13,1,6,5,6.1,Yes,Yes,Yes,No,4,4.4,50,0
S01359,3,24,Male,83,7.38,49,97,16,2,8,4,7.3,Yes,Yes,No,No,7,6.0,0,0
S01360,5,22,Female,81,8.5,65,88,25,2,8,4,8.4,Yes,Yes,Yes,No,4,3.3,15,0
S01361,1,22,Male,81,8.27,94,80,12,2,3,5,7.6,Yes,Yes,Yes,No,5,8.4,58,0
S01362,4,23,Male,78,9.44,57,78,1,0,3,6,6.1,Yes,Yes,Yes,No,4,4.2,31,0
S01363,7,20,Male,98,7.5,54,55,15,4,3,3,6.4,Yes,Yes,Yes,Yes,4,3.7,25,1
S01364,1,18,Female,75,6.69,52,100,18,1,3,3,7.3,Yes,Yes,Yes,No,6,3.4,43,0
S01365,6,23,Male,79,9.47,71,58,25,1,2,5,6.3,No,Yes,No,No,6,7.8,15,0
S01366,6,19,Male,100,6.21,69,63,12,2,1,7,5.7,No,Yes,No,No,6,4.1,18,0
S01367,3,18,Female,69,5.69,68,94,15,0,7,6,7.6,No,Yes,Yes,Yes,6,4.5,50,0
S01368,2,17,Male,74,6.87,81,88,18,0,8,3,8.9,No,Yes,Yes,Yes,4,6.8,48,1
S01369,6,22,Female,70,7.14,56,96,11,3,3,6,6.7,No,Yes,No,Yes,5,5.2,52,0
S01370,8,19,Female,55,7.67,58,76,22,1,5,5,7.1,No,Yes,No,Yes,4,8.8,24,1
S01371,5,22,Female,54,5.97,84,50,6,2,3,5,6.9,Yes,Yes,Yes,No,4,8.9,0,1
S01372,1,22,Male,80,7.68,75,75,25,0,6,6,6.6,Yes,Yes,No,No,6,6.9,4,0
S01373,7,22,Male,68,6.89,45,61,8,0,4,5,5.5,Yes,Yes,Yes,No,8,3.9,22,0
S01374,1,22,Female,81,6.63,81,91,21,1,7,3,6.9,Yes,Yes,Yes,No,3,6.1,70,0
S01375,2,18,Male,84,7.45,75,79,22,0,6,5,5.5,No,Yes,Yes,No,4,3.5,76,0
S01376,7,22,Male,78,6.77,74,82,18,0,7,4,6.5,Yes,Yes,Yes,No,7,7.4,41,0
S01377,3,20,Male,71,7.83,76,97,10,4,3,5,6.5,Yes,Yes,Yes,No,4,5.6,34,0
S01378,5,21,Female,76,7.8,73,85,10,2,5,3,6.5,Yes,Yes,Yes,No,5,4.6,50,0
S01379,2,21,Male,52,8.75,91,63,5,1,4,7,7.0,Yes,Yes,No,No,6,5.0,76,0
S01380,7,21,Female,91,8.19,92,95,15,2,6,3,6.8,Yes,No,Yes,No,5,6.6,46,0
S01381,3,23,Male,77,7.24,55,77,18,0,3,5,7.1,No,Yes,Yes,No,8,7.8,41,0
S01382,2,24,Female,67,9.09,68,100,6,1,1,5,6.1,Yes,Yes,Yes,No,2,8.1,58,0
S01383,1,18,Male,61,5.7,48,100,18,0,9,6,8.4,Yes,Yes,No,No,2,5.2,14,1
S01384,3,23,Female,72,8.26,60,70,25,2,2,4,8.2,Yes,Yes,Yes,No,5,8.8,28,0
S01385,2,24,Female,88,6.25,53,61,17,2,4,7,6.9,No,Yes,Yes,No,9,5.4,64,0
S01386,3,19,Male,94,6.41,71,46,6,2,5,8,6.7,Yes,Yes,No,Yes,6,6.8,35,1
S01387,1,22,Male,88,8.07,94,77,7,0,2,5,5.9,No,Yes,No,No,8,12.0,31,0
S01388,1,24,Female,74,7.05,88,74,24,2,2,4,5.9,No,Yes,Yes,Yes,7,3.6,4,0
S01389,3,17,Male,65,7.29,56,76,28,0,1,6,7.9,Yes,Yes,No,No,5,2.8,45,0
S01390,8,23,Female,68,6.68,71,87,17,0,8,2,6.6,Yes,Yes,No,No,2,6.5,40,0
S01391,4,20,Male,76,5.86,72,76,19,1,3,4,6.2,Yes,Yes,Yes,No,7,5.6,36,0
S01392,6,24,Male,96,6.41,78,61,22,1,3,8,7.3,Yes,Yes,Yes,No,7,5.1,23,0
S01393,5,18,Female,78,9.09,79,44,9,3,2,7,7.5,No,Yes,No,No,4,7.3,59,0
S01394,7,22,Male,89,6.65,77,88,20,0,6,5,8.2,No,Yes,Yes,Yes,8,4.8,40,0
S01395,3,18,Male,65,7.95,79,70,8,1,5,6,7.7,Yes,Yes,Yes,No,4,4.2,39,0
S01396,4,22,Female,69,7.55,63,46,18,1,6,9,6.7,Yes,Yes,Yes,No,6,4.7,26,0
S01397,6,24,Male,85,6.43,64,78,11,0,9,8,8.0,No,Yes,Yes,Yes,7,6.3,15,0
S01398,5,19,Female,76,8.34,100,86,11,0,7,4,6.7,No,Yes,No,Yes,7,3.9,50,0
S01399,3,18,Male,71,6.63,52,54,25,1,3,9,7.3,Yes,Yes,No,No,4,4.5,74,0
S01400,2,18,Male,59,6.99,79,58,19,3,7,5,6.6,Yes,Yes,Yes,Yes,7,4.7,28,1
S01401,7,23,Male,98,5.92,95,71,19,1,6,5,5.1,No,Yes,Yes,Yes,5,8.2,5,1
S01402,6,24,Female,87,7.97,54,100,12,0,6,3,5.1,Yes,Yes,No,Yes,5,7.0,57,0
S01403,2,22,Female,100,8.23,100,65,6,1,4,6,7.1,Yes,Yes,Yes,No,9,5.6,30,0
S01404,7,23,Male,68,6.45,81,73,18,1,6,4,6.5,No,Yes,No,No,7,6.1,38,0
S01405,5,22,Female,77,6.73,84,71,11,1,4,4,4.1,No,Yes,No,No,4,6.8,42,0
S01406,5,21,Male,67,8.36,62,84,15,2,3,8,6.4,No,Yes,No,Yes,5,5.3,9,0
S01407,5,22,Male,80,6.82,71,55,18,1,5,6,6.4,Yes,Yes,No,Yes,3,6.7,48,0
S01408,1,20,Female,79,8.26,90,83,7,2,2,4,8.4,Yes,Yes,No,No,7,2.8,45,0
S01409,1,21,Female,54,7.38,67,70,15,0,3,7,5.5,Yes,Yes,No,No,4,6.3,75,0
S01410,4,17,Male,87,7.85,67,55,3,0,8,4,8.1,Yes,Yes,No,No,6,4.2,20,0
S01411,7,20,Female,55,5.23,72,100,13,2,2,7,5.0,No,No,No,No,4,8.9,63,1
S01412,7,21,Female,77,6.18,58,49,18,1,2,6,7.0,Yes,Yes,Yes,Yes,9,3.1,6,0
S01413,7,17,Female,79,7.93,81,100,11,2,5,6,7.1,Yes,Yes,Yes,No,5,1.0,32,0
S01414,8,18,Male,90,7.62,65,61,22,0,4,10,6.6,No,Yes,Yes,No,1,3.0,50,0
S01415,8,19,Male,72,6.23,58,74,18,0,6,4,4.6,No,Yes,Yes,No,6,6.3,21,0
S01416,4,18,Female,78,6.03,70,39,8,0,3,9,6.6,Yes,Yes,Yes,No,6,5.7,27,0
S01417,1,19,Female,87,6.7,51,56,15,0,1,5,6.1,No,No,Yes,No,3,3.2,70,0
S01418,1,23,Female,76,7.87,99,97,23,3,7,6,5.9,Yes,Yes,No,No,9,6.7,61,0
S01419,4,21,Male,92,8.25,77,37,13,0,5,3,5.0,Yes,Yes,Yes,Yes,4,8.2,65,1
S01420,4,21,Male,90,5.13,49,67,13,0,6,6,6.0,Yes,Yes,Yes,Yes,5,6.6,27,0
S01421,6,23,Female,70,7.24,97,35,14,0,6,2,3.7,Yes,Yes,No,No,3,2.7,34,1
S01422,8,21,Female,69,8.38,74,100,21,1,3,4,5.1,No,Yes,No,No,6,4.5,52,0
S01423,8,17,Male,79,8.59,69,51,5,1,3,3,6.2,Yes,Yes,Yes,Yes,6,9.4,23,1
S01424,4,23,Male,91,7.33,79,100,14,0,5,10,7.2,Yes,Yes,No,Yes,7,5.9,5,0
S01425,8,21,Male,80,7.49,72,72,30,0,5,5,5.3,Yes,Yes,Yes,No,5,3.4,28,0
S01426,1,18,Female,80,7.68,75,35,9,2,5,3,6.1,Yes,Yes,No,No,5,8.8,10,0
S01427,7,23,Male,77,6.1,65,67,15,0,3,4,5.5,No,Yes,Yes,No,3,4.8,29,0
S01428,7,19,Female,75,7.96,76,78,13,3,2,7,6.0,Yes,No,Yes,No,7,4.5,20,0
S01429,8,19,Male,67,7.24,66,67,25,1,1,9,8.1,Yes,Yes,Yes,No,5,6.0,12,0
S01430,1,19,Male,91,6.41,64,91,18,3,8,8,5.3,Yes,Yes,No,No,6,7.2,9,0
S01431,6,24,Male,75,7.49,58,67,13,0,4,3,6.6,Yes,Yes,Yes,No,5,6.5,51,0
S01432,4,21,Male,93,6.89,100,72,12,0,5,7,8.8,Yes,Yes,Yes,No,7,6.2,20,0
S01433,2,24,Male,80,8.58,74,61,5,1,1,10,8.0,Yes,Yes,No,No,8,4.5,57,0
S01434,3,20,Male,72,7.99,71,73,35,1,6,7,7.3,No,Yes,Yes,No,8,5.4,50,0
S01435,2,23,Male,73,6.3,85,73,1,1,3,7,5.7,Yes,Yes,Yes,No,1,4.4,63,0
S01436,5,24,Female,86,5.48,79,62,1,0,5,8,6.7,Yes,No,No,No,8,4.9,56,0
S01437,7,19,Female,67,7.33,78,70,14,0,4,3,6.4,No,Yes,No,No,6,5.8,9,0
S01438,1,24,Female,71,6.71,82,41,25,0,6,3,8.5,Yes,Yes,Yes,Yes,3,4.9,34,1
S01439,2,19,Female,71,6.47,76,55,22,1,5,7,6.7,Yes,Yes,No,Yes,4,5.5,21,0
S01440,6,18,Female,69,7.07,76,57,21,0,5,5,5.9,Yes,Yes,No,No,5,2.5,55,0
S01441,3,17,Female,78,6.47,57,57,22,0,3,7,6.3,Yes,Yes,Yes,Yes,8,7.5,48,0
S01442,7,17,Female,61,5.92,38,50,5,1,4,4,6.6,Yes,Yes,No,No,6,2.7,15,1
S01443,5,18,Male,79,7.62,61,63,12,0,7,6,6.5,No,Yes,Yes,No,4,6.0,46,0
S01444,4,24,Female,94,9.88,61,75,22,2,6,8,7.5,Yes,Yes,Yes,Yes,5,11.4,26,0
S01445,6,23,Male,87,8.1,38,93,9,1,7,7,8.3,Yes,Yes,No,Yes,3,4.1,27,0
S01446,4,24,Female,61,7.21,74,87,13,0,4,8,5.8,Yes,Yes,No,No,5,2.1,46,0
S01447,2,19,Female,90,8.81,71,48,16,0,1,4,7.9,No,Yes,Yes,No,6,6.6,15,0
S01448,1,22,Male,57,7.33,81,60,20,0,4,5,6.5,Yes,Yes,Yes,No,4,8.6,49,0
S01449,4,24,Male,88,6.36,61,88,15,0,5,7,6.8,Yes,No,No,No,10,1.4,29,0
S01450,1,21,Female,85,6.88,79,76,27,2,3,8,7.0,Yes,Yes,Yes,No,7,8.0,52,0
S01451,2,18,Male,90,6.25,82,92,16,1,6,8,7.9,Yes,No,Yes,No,7,3.4,44,0
S01452,3,24,Female,62,7.48,50,100,19,1,2,3,7.3,Yes,Yes,Yes,No,3,6.4,0,0
S01453,1,23,Female,83,6.05,55,88,15,1,5,5,5.4,Yes,Yes,Yes,Yes,5,6.8,19,0
S01454,7,17,Female,99,6.58,59,100,20,0,3,5,5.8,Yes,Yes,Yes,No,8,7.3,9,0
S01455,4,22,Female,88,7.89,84,67,19,1,6,5,6.8,Yes,Yes,No,No,5,5.0,24,0
S01456,2,18,Male,98,5.26,65,57,16,3,3,9,6.4,Yes,Yes,Yes,No,5,5.3,33,0
S01457,4,18,Female,68,6.0,54,37,15,2,8,5,7.3,Yes,No,Yes,Yes,4,4.8,1,1
S01458,5,18,Male,69,9.19,35,70,18,1,7,7,7.2,Yes,Yes,Yes,Yes,9,5.1,42,0
S01459,4,20,Female,60,6.63,83,47,4,2,4,5,6.9,No,Yes,No,No,3,5.3,10,1
S01460,8,22,Female,67,6.9,82,46,14,0,5,3,7.3,Yes,Yes,No,No,8,3.4,14,0
S01461,5,17,Male,69,6.28,85,60,17,3,4,7,6.6,No,Yes,Yes,No,8,6.1,30,0
S01462,4,24,Female,70,6.33,59,71,15,0,8,8,8.8,Yes,No,Yes,No,4,6.4,7,0
S01463,5,24,Female,65,7.92,59,70,11,1,3,5,7.2,Yes,Yes,No,No,8,7.1,44,0
S01464,2,23,Male,67,6.89,72,80,10,0,3,6,8.1,No,Yes,No,No,7,4.4,59,0
S01465,5,18,Male,77,7.58,43,80,22,2,2,4,7.6,Yes,Yes,Yes,No,7,6.0,9,0
S01466,4,22,Male,86,7.19,46,57,11,0,5,6,5.2,Yes,Yes,Yes,No,8,5.7,17,0
S01467,4,21,Female,74,6.43,100,79,30,4,4,10,5.4,No,Yes,Yes,No,5,1.0,5,0
S01468,4,22,Female,81,6.35,71,95,7,1,4,3,6.6,Yes,Yes,No,No,8,8.2,0,0
S01469,3,24,Female,78,4.87,79,56,10,1,4,5,6.4,Yes,Yes,No,No,2,4.6,0,0
S01470,2,18,Female,93,7.47,67,45,23,1,8,4,6.8,Yes,Yes,No,No,8,9.5,0,0
S01471,2,17,Female,77,7.63,88,94,14,0,6,7,7.4,Yes,Yes,No,No,6,5.9,55,0
S01472,2,21,Male,64,6.11,66,37,13,0,3,5,7.3,Yes,Yes,Yes,No,3,6.6,13,1
S01473,1,22,Male,94,6.84,81,72,10,1,3,3,6.3,Yes,Yes,Yes,No,4,3.1,20,0
S01474,2,24,Female,90,8.34,91,72,6,1,7,4,7.1,No,Yes,Yes,No,8,7.2,32,0
S01475,1,17,Female,76,4.75,89,89,32,2,3,4,6.5,Yes,Yes,No,No,1,7.2,19,0
S01476,1,22,Female,87,6.71,84,82,5,1,2,3,6.5,Yes,Yes,Yes,No,6,5.6,22,0
S01477,3,23,Female,88,6.62,77,85,24,0,3,8,7.9,No,Yes,No,Yes,9,9.7,58,0
S01478,1,20,Male,67,7.7,62,47,16,3,4,6,8.3,Yes,Yes,No,No,7,5.7,55,0
S01479,6,19,Female,53,6.39,89,100,13,2,2,8,7.5,Yes,Yes,Yes,No,4,4.8,73,0
S01480,2,19,Female,53,9.5,73,100,16,1,3,7,5.2,Yes,Yes,No,No,4,4.3,67,0
S01481,3,23,Female,68,7.13,81,92,26,1,4,4,6.9,Yes,Yes,No,No,6,4.7,31,0
S01482,4,18,Male,66,6.21,86,70,6,0,4,6,7.9,Yes,Yes,Yes,Yes,3,4.0,35,0
S01483,5,21,Female,78,8.48,80,62,17,1,7,6,5.5,Yes,Yes,No,Yes,9,1.6,27,0
S01484,7,20,Male,76,5.82,66,56,17,1,4,5,7.6,Yes,Yes,No,No,5,6.9,34,0
S01485,1,24,Female,65,7.88,57,90,16,3,3,4,5.1,No,Yes,No,Yes,5,7.2,31,0
S01486,5,19,Male,78,7.45,58,56,12,0,8,7,6.8,Yes,Yes,No,No,3,3.9,4,0
S01487,7,20,Female,69,7.42,59,100,13,2,6,4,6.8,Yes,Yes,Yes,No,6,7.6,51,0
S01488,6,19,Female,69,7.76,88,35,12,0,5,5,4.8,Yes,Yes,No,No,4,6.6,45,0
S01489,5,24,Male,100,5.07,83,100,10,2,5,6,5.6,Yes,Yes,Yes,No,6,8.2,63,0
S01490,5,21,Male,79,8.57,55,80,2,1,6,10,7.3,No,Yes,Yes,Yes,7,4.2,32,0
S01491,2,23,Male,74,7.48,67,79,8,0,5,8,7.7,Yes,Yes,Yes,Yes,3,4.1,6,0
S01492,6,19,Female,86,8.32,73,55,15,1,3,6,6.0,Yes,Yes,Yes,No,5,5.4,21,0
S01493,4,19,Female,96,8.34,60,53,15,2,6,4,7.5,Yes,Yes,No,Yes,1,8.2,1,1
S01494,3,22,Female,67,7.98,74,75,8,1,8,5,6.9,Yes,Yes,Yes,Yes,7,5.5,8,0
S01495,2,20,Female,79,8.45,79,38,15,1,3,5,6.4,Yes,No,No,No,6,7.9,0,0
S01496,7,23,Male,79,6.67,60,40,25,1,5,4,6.8,No,Yes,No,No,4,4.2,45,0
S01497,7,21,Male,96,6.83,63,82,1,0,7,5,4.7,Yes,Yes,No,No,7,3.9,1,0
S01498,7,24,Male,87,6.62,70,87,12,2,3,4,4.7,Yes,Yes,No,Yes,6,5.6,55,0
S01499,6,18,Female,95,4.89,72,68,25,1,1,4,7.5,No,Yes,No,No,9,5.5,4,0
S01500,5,23,Female,100,8.43,67,69,1,0,6,4,7.8,Yes,Yes,Yes,No,6,5.4,22,0
S01501,7,17,Female,81,5.81,78,67,21,2,1,2,6.7,Yes,Yes,No,Yes,6,4.6,15,1
S01502,5,22,Male,91,8.05,76,64,2,2,5,8,6.7,No,Yes,No,No,7,6.3,81,0
S01503,8,18,Female,89,6.65,75,92,9,2,1,7,6.4,Yes,Yes,Yes,No,5,4.6,66,0
S01504,5,19,Female,65,7.91,39,98,11,4,8,7,5.3,Yes,Yes,Yes,No,10,4.3,60,1
S01505,4,20,Female,100,6.36,82,63,18,2,4,7,6.0,Yes,Yes,No,Yes,6,3.8,3,0
S01506,8,18,Male,57,4.87,44,84,19,0,5,3,6.7,No,No,No,Yes,7,3.0,40,1
S01507,6,21,Female,100,7.15,87,91,16,0,8,5,6.7,Yes,Yes,Yes,Yes,5,6.1,15,0
S01508,7,17,Female,76,8.49,74,53,21,0,7,4,5.8,Yes,Yes,No,Yes,3,6.4,47,0
S01509,6,18,Male,74,6.24,65,48,2,0,4,8,7.4,Yes,Yes,Yes,No,6,3.8,72,0
S01510,8,22,Male,72,6.31,77,76,17,0,7,3,4.9,No,No,No,Yes,5,6.6,55,1
S01511,1,24,Female,83,5.6,91,90,19,2,1,5,7.9,Yes,Yes,Yes,No,7,9.3,45,0
S01512,3,17,Male,76,5.42,76,53,10,3,5,5,8.0,Yes,Yes,No,Yes,6,7.2,32,1
S01513,3,19,Female,76,7.94,66,67,10,1,4,4,7.7,Yes,Yes,Yes,No,4,7.0,26,0
S01514,4,22,Male,78,8.65,69,83,14,0,1,5,7.4,Yes,Yes,Yes,Yes,5,8.5,33,0
S01515,7,20,Male,80,7.63,60,47,30,1,7,5,7.0,Yes,Yes,No,No,5,4.3,72,0
S01516,2,21,Female,87,6.51,76,61,22,1,6,7,5.3,Yes,Yes,Yes,No,6,5.6,32,0
S01517,6,22,Male,84,6.33,48,65,14,2,4,3,6.0,Yes,Yes,No,No,6,10.0,18,1
S01518,5,19,Male,66,4.88,70,83,17,0,8,7,6.5,No,Yes,Yes,No,6,6.2,48,0
S01519,8,21,Male,86,7.31,65,88,11,0,6,5,6.2,Yes,Yes,Yes,No,6,6.9,41,0
S01520,6,21,Male,79,9.0,55,67,13,0,7,3,6.9,Yes,Yes,Yes,No,6,8.0,39,0
S01521,4,19,Female,89,5.52,75,75,20,0,5,9,6.4,Yes,Yes,Yes,No,7,2.6,67,0
S01522,1,17,Female,69,6.17,82,88,6,1,5,3,6.9,Yes,Yes,Yes,No,5,1.2,35,0
S01523,5,17,Female,79,6.35,82,83,18,0,6,4,4.9,No,Yes,Yes,No,7,4.1,6,0
S01524,5,17,Female,65,7.57,57,90,15,1,5,3,6.7,Yes,Yes,No,No,3,7.5,13,0
S01525,5,23,Female,73,7.06,84,82,11,0,4,8,6.4,Yes,Yes,No,No,2,6.7,22,0
S01526,1,23,Male,83,5.52,86,57,29,1,5,5,7.1,Yes,Yes,No,Yes,3,7.4,78,1
S01527,6,19,Male,72,7.96,72,67,19,0,5,3,5.8,No,Yes,Yes,Yes,10,3.8,0,0
S01528,6,20,Female,87,8.77,77,94,9,1,7,2,7.0,Yes,Yes,No,No,1,4.1,21,0
S01529,1,18,Female,84,5.22,77,100,7,1,4,6,6.4,Yes,Yes,Yes,No,6,3.4,18,0
S01530,8,19,Female,79,6.63,51,67,4,0,4,5,8.9,No,Yes,Yes,Yes,5,4.8,50,0
S01531,1,17,Female,78,8.62,72,59,2,1,6,2,6.2,Yes,Yes,No,Yes,7,2.1,24,1
S01532,5,21,Male,82,6.23,50,81,9,2,1,5,6.9,Yes,Yes,No,No,4,5.4,67,0
S01533,2,24,Male,85,6.73,100,76,15,0,6,4,6.2,Yes,Yes,Yes,No,3,3.4,20,0
S01534,4,23,Male,61,5.89,79,68,19,1,2,7,9.2,Yes,Yes,No,No,10,6.1,45,0
S01535,4,20,Female,80,7.29,76,88,17,1,6,5,8.4,Yes,Yes,Yes,No,5,6.5,18,0
S01536,5,22,Female,71,7.31,77,69,8,2,4,3,8.1,No,Yes,No,Yes,6,6.7,10,0
S01537,7,22,Male,55,6.76,72,61,2,3,4,5,6.5,Yes,No,Yes,No,1,2.7,0,1
S01538,8,21,Male,68,8.13,70,77,6,1,1,6,5.2,Yes,Yes,Yes,No,8,4.6,30,0
S01539,2,19,Female,76,6.48,86,77,27,0,5,6,6.3,Yes,Yes,Yes,No,6,5.7,23,0
S01540,4,22,Male,54,7.9,55,56,14,0,1,6,6.8,Yes,Yes,No,No,5,6.3,9,0
S01541,5,21,Female,86,6.83,69,86,11,2,2,5,5.4,Yes,No,Yes,No,3,6.6,55,0
S01542,8,24,Male,81,7.47,43,60,19,1,6,5,7.0,No,No,No,No,7,4.8,25,0
S01543,7,17,Female,76,7.12,81,72,11,1,6,5,7.3,Yes,Yes,Yes,No,6,2.9,0,0
S01544,1,19,Female,93,8.58,71,69,6,0,7,3,5.8,Yes,Yes,No,No,5,4.2,35,0
S01545,4,21,Female,99,6.79,77,83,16,1,7,5,5.8,Yes,Yes,Yes,Yes,5,4.3,21,0
S01546,4,23,Female,79,7.37,61,35,18,1,3,9,6.6,Yes,Yes,Yes,Yes,2,5.2,18,0
S01547,3,18,Female,76,7.55,79,90,18,0,3,7,7.3,Yes,Yes,Yes,No,8,4.2,49,0
S01548,1,23,Male,50,7.8,89,87,11,2,3,8,5.9,Yes,Yes,No,No,3,6.7,37,0
S01549,5,18,Female,72,6.35,57,67,10,1,1,6,4.5,Yes,Yes,No,No,7,7.9,22,0
S01550,4,24,Male,75,8.95,91,100,24,1,5,9,6.4,Yes,No,Yes,Yes,6,5.6,7,0
S01551,8,22,Female,76,7.83,68,56,16,0,6,4,5.2,No,Yes,No,No,7,8.6,31,0
S01552,5,19,Female,73,8.0,67,66,16,2,4,6,7.1,Yes,Yes,Yes,Yes,7,9.1,47,0
S01553,3,23,Male,70,6.61,81,79,14,0,6,6,7.5,Yes,Yes,No,No,6,5.0,50,0
S01554,8,23,Male,67,6.62,50,81,24,2,3,9,6.0,No,Yes,No,Yes,1,4.8,62,0
S01555,8,19,Male,85,7.17,54,78,1,1,2,2,6.9,Yes,Yes,No,Yes,4,5.3,25,0
S01556,4,22,Male,46,7.14,61,57,24,0,3,6,7.3,Yes,Yes,No,Yes,7,6.9,57,0
S01557,2,23,Male,87,6.63,72,75,20,1,3,5,6.6,No,Yes,Yes,No,4,9.0,37,0
S01558,3,20,Female,64,7.14,39,77,25,0,6,4,7.2,Yes,Yes,Yes,No,6,5.4,11,0
S01559,2,19,Male,75,5.64,46,64,4,1,6,4,5.9,No,Yes,No,No,5,5.8,4,1
S01560,2,18,Female,99,5.98,84,83,25,2,7,6,5.6,Yes,Yes,Yes,No,6,6.6,40,0
S01561,5,19,Male,100,6.56,75,72,20,1,2,1,5.6,Yes,Yes,No,Yes,5,3.3,60,0
S01562,3,23,Male,72,8.81,84,73,20,0,5,9,7.4,Yes,Yes,Yes,Yes,6,2.9,42,0
S01563,5,21,Female,87,6.66,84,62,7,1,4,6,7.2,Yes,Yes,Yes,No,5,5.1,59,0
S01564,1,18,Male,64,9.02,86,67,10,0,5,5,7.2,No,Yes,Yes,Yes,1,6.6,14,0
S01565,3,18,Male,100,7.07,60,78,19,0,2,8,7.9,Yes,Yes,No,No,1,4.8,56,0
S01566,4,23,Male,71,7.21,70,58,14,3,3,6,5.5,Yes,Yes,Yes,Yes,7,7.9,54,0
S01567,7,18,Male,77,7.85,66,54,19,0,6,5,7.0,Yes,Yes,Yes,No,6,5.0,45,0
S01568,4,21,Female,85,7.15,44,68,16,2,4,7,6.4,Yes,Yes,Yes,No,6,6.1,9,0
S01569,4,19,Male,77,7.71,64,81,23,0,5,3,6.4,Yes,Yes,Yes,Yes,8,6.8,44,0
S01570,6,20,Male,82,5.48,92,41,17,1,3,4,6.5,Yes,Yes,Yes,No,7,6.7,53,0
S01571,3,17,Male,82,8.67,64,100,19,0,7,7,7.1,Yes,Yes,Yes,No,3,7.5,36,0
S01572,3,18,Male,89,7.15,87,57,7,1,6,3,6.6,Yes,Yes,No,Yes,4,6.3,3,1
S01573,7,24,Female,100,6.7,61,75,1,1,3,6,6.7,Yes,Yes,No,No,7,6.6,35,0
S01574,8,23,Male,63,5.32,71,62,14,3,1,6,6.5,No,Yes,Yes,No,8,3.5,51,1
S01575,5,24,Female,77,7.13,97,74,16,2,4,6,6.7,No,Yes,Yes,No,10,5.1,52,0
S01576,1,22,Female,67,7.53,81,89,14,1,4,5,6.2,Yes,Yes,No,No,7,6.0,22,0
S01577,1,17,Female,69,8.05,100,89,18,0,3,5,5.7,Yes,Yes,Yes,No,6,7.5,47,0
S01578,8,17,Female,88,7.38,48,73,20,1,8,5,7.2,Yes,Yes,Yes,Yes,7,8.2,67,0
S01579,6,22,Female,70,8.15,54,97,9,0,3,5,6.9,Yes,Yes,No,No,6,7.6,62,0
S01580,7,18,Male,90,7.81,72,62,9,0,3,7,4.9,Yes,Yes,Yes,Yes,8,4.6,43,0
S01581,3,21,Female,88,7.5,49,94,9,1,5,5,5.9,Yes,Yes,Yes,No,4,8.1,6,0
S01582,1,24,Female,81,7.08,77,83,5,2,5,7,8.0,Yes,Yes,No,Yes,6,5.5,42,0
S01583,5,22,Female,75,8.45,91,77,1,1,4,7,6.4,No,Yes,Yes,Yes,2,6.7,83,0
S01584,2,18,Female,100,7.02,74,100,14,2,3,5,7.6,Yes,Yes,Yes,No,4,4.9,42,0
S01585,8,17,Male,66,6.88,68,68,18,2,6,4,3.8,Yes,Yes,Yes,No,6,7.9,46,0
S01586,6,17,Female,72,8.27,77,86,15,1,4,3,6.1,Yes,Yes,Yes,Yes,4,5.1,45,0
S01587,5,19,Male,64,6.9,64,74,2,2,5,5,6.1,No,No,No,No,5,5.7,52,1
S01588,4,24,Female,80,7.89,80,66,8,0,5,6,5.1,Yes,No,Yes,Yes,4,6.6,20,0
S01589,3,24,Female,73,9.28,91,74,6,1,6,7,7.0,Yes,Yes,Yes,No,5,8.0,68,0
S01590,3,22,Female,81,7.36,71,45,1,0,8,9,7.7,Yes,Yes,No,No,4,7.8,72,0
S01591,1,23,Male,97,5.99,73,57,15,2,1,7,7.3,Yes,Yes,Yes,Yes,5,5.5,23,1
S01592,5,19,Male,73,6.79,76,50,11,3,3,4,6.3,No,Yes,No,Yes,5,4.0,42,1
S01593,6,21,Female,79,7.17,58,81,9,1,4,10,6.2,No,Yes,No,No,7,9.0,20,0
S01594,5,21,Female,77,7.19,63,78,22,2,5,7,8.4,No,Yes,No,No,6,9.8,26,0
S01595,7,18,Male,97,7.51,75,97,13,1,4,3,5.7,Yes,Yes,Yes,No,5,5.1,12,0
S01596,7,22,Male,71,9.22,48,64,12,1,3,7,6.1,No,Yes,No,No,4,8.3,18,0
S01597,6,18,Female,85,5.87,45,57,16,1,6,9,7.0,No,Yes,Yes,No,6,5.7,23,1
S01598,8,21,Male,86,7.67,81,57,21,0,4,5,5.3,Yes,Yes,Yes,No,5,5.6,36,0
S01599,7,17,Male,80,7.53,30,59,7,0,1,7,6.1,Yes,Yes,Yes,No,6,5.3,8,0
S01600,8,24,Female,88,5.66,43,70,11,0,5,3,7.6,Yes,Yes,No,No,8,4.2,47,0
S01601,5,21,Female,90,6.12,92,66,5,1,3,5,6.8,Yes,Yes,No,No,4,5.5,13,0
S01602,7,21,Female,67,7.37,83,81,9,1,6,8,8.0,Yes,Yes,Yes,Yes,3,5.9,51,0
S01603,6,19,Female,76,8.71,81,77,12,1,7,6,7.0,Yes,Yes,Yes,No,9,7.4,18,0
S01604,5,23,Female,59,8.77,51,66,23,0,5,8,7.3,Yes,Yes,No,Yes,7,3.7,24,0
S01605,8,23,Female,89,6.8,65,96,21,2,6,4,5.5,Yes,Yes,No,No,9,6.0,61,0
S01606,7,24,Male,70,8.93,85,63,15,2,8,6,7.8,Yes,Yes,Yes,No,5,4.8,33,0
S01607,6,21,Female,68,5.58,58,80,15,0,2,6,8.2,Yes,Yes,Yes,No,7,6.9,68,0
S01608,4,20,Female,56,9.18,85,63,12,1,3,8,8.0,Yes,Yes,No,No,6,6.0,60,0
S01609,3,23,Male,58,7.6,63,94,10,0,5,8,7.0,Yes,Yes,Yes,No,6,5.4,41,0
S01610,4,19,Female,74,6.13,60,69,1,3,3,6,7.8,Yes,Yes,Yes,No,3,4.7,28,0
S01611,5,20,Male,89,6.58,86,71,13,2,6,6,7.2,Yes,Yes,Yes,No,6,6.7,56,0
S01612,1,20,Female,91,9.13,78,60,14,0,3,7,7.9,Yes,Yes,Yes,No,8,4.4,38,0
S01613,4,21,Female,50,8.95,94,44,18,1,5,5,6.6,No,Yes,Yes,No,4,3.6,35,1
S01614,7,20,Female,64,4.97,77,67,15,0,6,8,6.5,Yes,Yes,Yes,No,2,4.7,34,1
S01615,4,22,Male,61,6.26,60,57,10,0,6,7,7.4,Yes,Yes,No,No,5,2.7,22,0
S01616,1,22,Male,77,8.18,86,58,13,1,2,7,6.8,Yes,Yes,No,No,6,5.9,28,0
S01617,5,23,Female,93,5.75,78,41,28,2,7,7,7.7,No,Yes,Yes,No,5,6.4,6,1
S01618,3,22,Female,97,7.68,82,62,16,2,5,6,8.7,Yes,Yes,Yes,No,7,4.8,23,0
S01619,8,21,Male,69,5.66,84,72,25,0,6,5,6.0,Yes,Yes,No,No,5,4.1,40,0
S01620,4,23,Male,78,7.34,74,80,6,0,4,7,6.7,Yes,Yes,No,No,6,8.3,22,0
S01621,1,23,Male,69,6.61,51,57,9,0,4,3,5.6,Yes,Yes,Yes,No,6,5.4,51,0
S01622,2,20,Male,85,6.04,62,100,23,0,5,5,7.4,Yes,Yes,No,Yes,3,3.5,68,0
S01623,4,18,Female,69,8.41,85,71,24,2,5,3,9.3,Yes,Yes,No,No,9,5.6,47,0
S01624,7,24,Female,75,6.34,64,70,15,0,1,5,6.6,No,Yes,No,No,5,4.7,42,0
S01625,6,18,Male,89,7.93,58,91,23,2,2,9,5.4,Yes,Yes,Yes,No,4,4.9,37,0
S01626,2,21,Male,76,7.84,97,71,1,0,7,7,7.3,Yes,Yes,No,Yes,8,8.1,24,0
S01627,4,23,Male,78,6.87,52,74,20,1,3,2,7.3,Yes,Yes,Yes,No,6,5.4,43,0
S01628,1,20,Female,43,7.21,87,73,8,0,2,7,7.1,Yes,Yes,Yes,No,7,7.2,38,0
S01629,7,22,Male,97,7.3,74,73,7,1,6,1,6.7,Yes,Yes,Yes,No,8,8.0,62,0
S01630,3,17,Female,78,7.8,89,38,23,1,4,6,7.0,Yes,Yes,Yes,No,3,5.2,46,0
S01631,7,18,Female,73,6.0,61,83,14,0,5,4,6.4,Yes,No,Yes,No,10,3.0,30,0
S01632,5,19,Female,82,5.52,67,100,10,0,4,4,6.7,Yes,Yes,No,No,8,2.4,40,0
S01633,2,22,Male,90,7.43,63,97,9,0,10,7,7.7,Yes,Yes,Yes,Yes,3,5.1,42,0
S01634,5,24,Female,86,7.49,43,61,8,2,2,3,6.9,Yes,Yes,Yes,No,5,1.5,0,0
S01635,6,18,Female,72,8.79,88,82,19,2,6,3,6.9,Yes,Yes,Yes,No,7,4.5,56,0
S01636,2,21,Female,80,7.47,50,57,10,0,5,6,5.9,Yes,Yes,Yes,No,6,7.8,26,0
S01637,4,21,Male,75,7.9,50,100,11,3,1,6,5.4,Yes,Yes,No,Yes,7,6.5,15,0
S01638,8,19,Female,75,8.57,52,64,6,0,3,5,5.4,Yes,Yes,Yes,No,7,1.7,62,0
S01639,7,18,Female,80,7.48,72,81,10,2,1,10,5.6,Yes,Yes,No,No,2,6.3,25,0
S01640,7,18,Female,92,6.64,59,64,10,0,1,4,9.5,Yes,Yes,Yes,Yes,5,6.9,40,0
S01641,2,19,Male,66,5.36,68,100,1,2,6,6,5.6,Yes,Yes,No,No,1,6.7,56,1
S01642,8,21,Female,83,5.32,80,95,19,2,4,7,4.6,Yes,Yes,Yes,Yes,7,6.0,30,0
S01643,8,23,Female,86,7.44,37,58,19,1,1,3,7.6,Yes,Yes,Yes,No,8,2.1,32,0
S01644,3,22,Female,81,4.0,91,59,20,1,6,6,6.3,No,Yes,No,No,2,4.9,25,1
S01645,6,20,Female,78,6.78,65,74,19,2,4,5,6.8,Yes,Yes,Yes,No,6,4.7,66,0
S01646,4,22,Male,97,6.74,61,65,22,0,5,5,7.0,Yes,Yes,Yes,No,5,6.3,43,0
S01647,6,21,Female,69,6.23,90,72,18,0,3,8,5.6,Yes,Yes,Yes,No,4,1.7,57,0
S01648,2,24,Male,78,5.16,94,83,9,2,4,7,7.5,Yes,No,Yes,Yes,7,7.7,18,0
S01649,1,24,Female,63,9.79,79,75,22,1,7,3,5.2,Yes,Yes,Yes,No,5,3.7,27,0
S01650,1,23,Female,83,7.2,62,85,23,0,6,4,7.3,No,Yes,No,Yes,5,6.5,14,0
S01651,8,17,Male,70,6.43,74,69,9,2,4,3,7.4,Yes,Yes,Yes,No,6,4.1,51,0
S01652,5,20,Male,84,5.88,62,72,30,2,5,7,8.7,Yes,Yes,No,Yes,5,11.4,54,0
S01653,6,18,Female,71,8.72,63,100,22,0,2,4,6.8,No,Yes,Yes,No,6,9.0,72,0
S01654,5,22,Female,92,9.28,58,83,19,0,5,2,6.4,No,Yes,Yes,No,6,4.4,13,0
S01655,6,23,Female,83,8.31,80,55,12,2,6,4,6.2,Yes,No,Yes,Yes,1,4.8,6,1
S01656,4,19,Female,88,8.1,82,78,15,0,4,5,6.4,Yes,Yes,No,No,5,4.2,47,0
S01657,7,20,Male,57,7.39,93,39,14,0,6,3,7.6,Yes,Yes,No,Yes,3,3.0,68,1
S01658,2,22,Female,68,7.93,90,35,11,1,6,3,7.3,Yes,Yes,Yes,No,5,8.0,19,0
S01659,3,24,Female,73,7.98,64,43,23,1,4,5,7.6,Yes,Yes,No,No,7,8.0,81,0
S01660,5,24,Female,69,7.22,68,57,33,0,3,4,8.2,Yes,Yes,No,No,4,10.7,55,0
S01661,7,24,Male,78,7.69,30,59,16,2,4,8,6.9,Yes,Yes,Yes,No,7,9.7,18,0
S01662,2,18,Female,73,7.49,72,67,15,0,6,7,5.2,Yes,Yes,Yes,Yes,6,8.4,96,0
S01663,6,18,Female,69,6.5,99,71,11,0,4,6,5.8,No,Yes,No,No,3,2.3,12,0
S01664,7,19,Male,76,7.79,66,68,14,1,3,4,7.4,Yes,No,No,No,5,2.1,7,0
S01665,6,17,Male,54,7.01,70,64,11,3,5,5,6.2,Yes,Yes,No,No,5,11.5,52,0
S01666,3,21,Male,88,5.82,90,91,15,1,6,4,6.2,Yes,Yes,No,No,7,6.0,36,0
S01667,2,21,Female,71,7.78,58,68,3,2,5,5,8.5,Yes,Yes,No,No,4,4.7,24,0
S01668,6,19,Female,81,8.46,64,68,14,2,4,9,7.3,Yes,Yes,No,No,7,4.1,13,0
S01669,8,23,Female,84,7.28,91,100,13,1,4,6,7.6,Yes,Yes,Yes,No,1,1.7,37,0
S01670,7,23,Male,61,7.75,80,79,32,3,8,6,7.2,No,Yes,No,No,5,5.0,25,1
S01671,5,17,Male,71,10.0,71,88,17,1,4,1,6.7,Yes,Yes,No,Yes,7,9.1,34,0
S01672,1,18,Female,83,8.0,85,76,10,0,4,7,7.7,No,Yes,No,No,5,5.6,37,0
S01673,5,22,Female,62,6.52,45,59,3,4,5,6,6.0,Yes,Yes,Yes,Yes,4,6.9,41,1
S01674,1,18,Male,89,4.53,82,85,15,2,8,4,6.4,Yes,Yes,Yes,Yes,6,6.0,14,1
S01675,1,17,Female,88,6.9,69,48,10,3,5,2,4.2,No,Yes,Yes,No,5,4.7,36,1
S01676,3,19,Male,80,6.82,46,63,3,0,5,4,4.4,Yes,Yes,Yes,No,1,5.2,28,1
S01677,2,23,Male,78,8.49,65,79,19,1,6,6,6.2,Yes,Yes,Yes,No,3,5.2,9,0
S01678,7,19,Male,96,5.85,100,88,11,1,7,6,7.7,Yes,Yes,Yes,Yes,4,4.4,66,0
S01679,6,20,Male,81,7.38,87,96,17,2,8,5,7.9,Yes,Yes,No,Yes,4,6.0,18,0
S01680,4,21,Male,56,6.27,73,87,1,1,5,6,6.8,Yes,Yes,No,No,7,2.9,24,0
S01681,5,19,Male,83,6.7,43,100,9,0,5,8,5.8,Yes,Yes,No,No,4,6.6,39,0
S01682,4,17,Male,61,6.51,95,68,22,1,2,9,5.3,No,Yes,Yes,No,3,7.7,42,0
S01683,5,22,Female,76,8.21,60,84,10,1,3,4,6.6,Yes,Yes,Yes,No,5,7.7,34,0
S01684,1,19,Female,99,6.28,64,90,8,0,4,5,6.7,Yes,Yes,Yes,Yes,8,3.5,20,0
S01685,4,19,Female,76,5.81,66,98,28,2,4,7,7.1,Yes,Yes,Yes,Yes,4,4.2,15,0
S01686,6,20,Female,92,5.85,66,96,8,2,4,4,8.2,Yes,Yes,Yes,No,6,9.9,2,0
S01687,5,22,Male,80,6.22,71,89,7,1,1,7,7.3,No,Yes,No,No,6,8.7,0,0
S01688,7,18,Female,74,8.04,77,89,15,0,3,3,6.4,Yes,Yes,No,No,5,6.7,30,0
S01689,6,23,Male,73,8.05,86,76,24,2,5,2,5.6,Yes,Yes,Yes,Yes,5,7.2,18,0
S01690,3,20,Female,85,8.44,89,87,9,0,5,10,7.4,Yes,No,No,No,8,4.0,0,0
S01691,2,23,Male,67,7.26,61,100,19,1,5,5,6.5,Yes,Yes,Yes,Yes,9,7.1,22,0
S01692,4,21,Female,89,8.35,53,35,19,1,7,8,6.6,Yes,Yes,No,No,6,7.4,69,0
S01693,6,24,Female,76,8.74,64,93,17,0,3,5,5.3,Yes,Yes,Yes,No,5,8.6,66,0
S01694,6,18,Male,70,5.4,62,68,10,1,6,2,8.5,No,Yes,No,No,4,6.2,55,1
S01695,5,23,Male,93,6.7,70,67,11,5,6,3,6.7,Yes,Yes,Yes,No,7,6.2,57,0
S01696,1,20,Female,85,7.43,73,100,12,2,1,6,8.1,No,Yes,Yes,Yes,5,1.0,40,0
S01697,7,24,Male,59,7.38,81,44,21,0,5,6,7.5,Yes,Yes,No,No,3,5.5,71,0
S01698,4,20,Male,79,6.9,80,83,20,0,3,5,7.1,Yes,Yes,Yes,No,4,7.4,33,0
S01699,2,21,Male,94,6.9,68,60,14,1,5,7,6.6,Yes,Yes,No,No,7,4.7,42,0
S01700,2,17,Male,69,9.34,51,86,16,0,2,5,6.3,Yes,No,No,No,7,4.9,30,0
S01701,3,18,Male,97,8.17,46,78,18,1,6,7,6.1,Yes,Yes,Yes,No,8,6.8,63,0
S01702,8,18,Male,74,8.18,62,84,14,0,7,6,8.8,Yes,Yes,Yes,No,1,3.7,31,0
S01703,2,23,Female,86,8.5,70,60,15,0,4,5,8.2,Yes,Yes,No,No,7,5.5,29,0
S01704,2,18,Male,91,7.34,61,65,1,3,6,2,7.1,Yes,Yes,Yes,No,7,5.9,62,0
S01705,4,20,Male,66,8.85,70,77,7,3,6,4,6.0,Yes,Yes,No,Yes,6,6.1,40,1
S01706,7,23,Female,78,7.48,80,92,4,0,4,8,6.5,No,Yes,No,No,3,5.0,50,0
S01707,8,23,Male,81,7.41,64,98,17,1,5,2,8.3,No,Yes,Yes,Yes,6,1.9,1,0
S01708,5,19,Male,91,8.17,65,54,13,1,3,4,5.5,Yes,Yes,No,Yes,7,4.7,22,0
S01709,8,22,Male,68,8.44,94,69,15,1,5,6,5.9,Yes,Yes,No,No,6,1.5,26,0
S01710,1,21,Female,51,6.59,43,65,14,1,1,6,7.1,Yes,Yes,Yes,Yes,6,7.8,44,0
S01711,6,24,Female,99,7.43,94,100,10,0,6,5,8.0,Yes,Yes,Yes,No,2,2.8,37,0
S01712,3,17,Male,80,8.4,59,58,16,0,2,5,7.7,Yes,Yes,Yes,Yes,7,3.4,43,0
S01713,8,20,Male,67,4.6,64,70,35,4,6,4,6.8,Yes,Yes,No,Yes,5,7.9,22,1
S01714,1,19,Female,92,8.13,95,79,22,1,6,5,5.2,Yes,Yes,No,No,4,4.9,25,0
S01715,6,17,Female,74,6.04,56,67,30,1,2,8,7.4,Yes,Yes,Yes,No,4,6.3,19,0
S01716,3,17,Male,73,8.54,60,78,16,0,2,7,7.0,Yes,Yes,Yes,No,3,5.5,47,0
S01717,6,21,Male,84,4.65,62,67,21,2,6,8,7.6,Yes,Yes,No,Yes,6,8.2,39,1
S01718,6,24,Female,86,6.88,76,100,13,3,3,5,7.5,Yes,Yes,Yes,Yes,3,3.4,54,0
S01719,4,18,Female,64,8.28,91,53,15,6,5,5,7.4,Yes,Yes,Yes,Yes,9,1.7,70,1
S01720,1,24,Male,64,8.14,77,77,6,0,3,10,8.1,Yes,Yes,No,No,8,6.2,66,0
S01721,2,22,Male,68,7.77,81,67,11,0,4,5,6.8,Yes,Yes,No,Yes,3,3.1,46,0
S01722,3,20,Male,76,5.55,75,84,19,0,5,7,7.5,Yes,Yes,No,No,8,5.4,29,0
S01723,5,24,Female,67,7.37,70,64,17,2,5,4,7.1,Yes,Yes,No,No,6,6.7,13,0
S01724,3,22,Female,65,7.68,48,55,2,1,4,6,6.9,Yes,Yes,Yes,Yes,6,6.7,9,1
S01725,2,20,Male,100,6.4,53,67,23,2,4,3,8.5,Yes,Yes,Yes,Yes,1,9.0,48,1
S01726,3,23,Female,80,5.82,70,72,14,0,4,9,6.5,No,Yes,No,No,5,4.6,22,0
S01727,3,23,Male,75,7.08,52,79,11,1,2,1,7.2,Yes,Yes,No,Yes,8,6.4,25,0
S01728,5,20,Female,100,5.94,70,87,1,1,3,5,5.7,Yes,No,No,No,6,2.9,4,0
S01729,8,19,Male,97,5.19,77,72,14,0,4,5,9.5,Yes,Yes,No,No,8,5.5,42,0
S01730,6,23,Male,78,5.83,65,91,19,3,5,6,6.1,No,Yes,Yes,No,10,5.3,46,0
S01731,7,20,Male,62,7.39,60,93,4,2,8,8,5.9,Yes,Yes,No,No,6,6.3,44,1
S01732,2,18,Female,54,6.71,44,98,20,1,5,4,7.8,No,Yes,No,No,6,5.8,20,1
S01733,1,20,Male,65,8.42,63,75,26,3,6,5,6.7,Yes,Yes,Yes,No,8,5.6,25,0
S01734,7,20,Female,86,7.69,34,42,11,0,5,5,5.9,Yes,Yes,Yes,No,2,3.9,14,0
S01735,7,21,Male,77,6.79,68,100,16,0,3,1,7.0,Yes,Yes,Yes,No,6,6.6,49,0
S01736,2,19,Male,75,5.4,75,47,13,1,6,3,6.7,Yes,Yes,No,No,7,2.7,41,1
S01737,6,21,Female,95,7.7,44,95,17,1,5,5,5.4,Yes,Yes,Yes,No,5,7.1,36,0
S01738,1,21,Male,56,7.44,53,91,33,0,3,8,8.6,Yes,Yes,Yes,No,6,6.5,47,0
S01739,6,24,Female,68,6.47,85,54,22,1,9,5,5.9,No,Yes,Yes,Yes,6,4.8,25,1
S01740,1,19,Female,82,6.06,40,89,11,0,3,7,7.3,Yes,Yes,Yes,No,7,7.6,19,0
S01741,5,20,Female,74,8.97,77,43,15,0,5,6,8.3,Yes,Yes,Yes,No,6,3.6,41,0
S01742,1,20,Male,100,7.91,71,87,13,3,5,7,7.8,Yes,Yes,No,Yes,6,6.8,25,0
S01743,1,18,Male,71,7.8,100,78,12,0,2,6,7.1,No,Yes,No,No,7,4.0,46,0
S01744,1,18,Female,89,7.81,71,63,18,1,5,5,4.5,Yes,Yes,No,No,4,1.8,10,0
S01745,4,23,Male,81,7.46,79,78,5,3,4,8,7.7,No,Yes,Yes,No,2,10.9,41,0
S01746,3,22,Female,76,7.97,86,90,6,0,3,3,6.9,Yes,Yes,Yes,No,2,7.5,35,0
S01747,4,23,Female,90,6.88,53,100,6,2,6,7,5.4,Yes,Yes,No,No,6,7.0,47,0
S01748,3,21,Female,90,8.11,69,62,11,0,4,6,6.5,No,Yes,No,No,5,8.0,12,0
S01749,2,23,Male,78,7.28,74,78,24,1,4,5,6.3,Yes,Yes,Yes,No,6,6.5,0,0
S01750,5,22,Male,79,6.62,76,77,5,1,7,5,6.3,Yes,Yes,Yes,Yes,4,9.3,22,1
S01751,4,19,Female,85,6.75,43,70,11,0,5,4,6.9,No,Yes,No,No,8,6.9,32,0
S01752,4,22,Male,55,7.95,62,59,17,1,4,9,7.3,No,Yes,Yes,No,2,4.6,6,0
S01753,8,21,Male,66,8.08,49,96,16,1,3,5,6.4,No,Yes,Yes,No,3,6.5,23,0
S01754,7,18,Female,77,7.17,55,93,20,3,5,1,6.5,Yes,Yes,Yes,No,6,3.6,29,0
S01755,8,17,Female,72,8.3,82,72,18,1,2,9,6.2,Yes,Yes,No,Yes,5,4.3,45,0
S01756,2,19,Female,88,7.11,61,35,1,2,3,2,7.1,Yes,Yes,Yes,Yes,5,2.4,71,1
S01757,5,20,Female,82,4.51,54,100,4,3,5,5,7.0,Yes,Yes,No,No,5,6.8,17,1
S01758,3,23,Female,63,6.6,88,67,3,1,3,4,6.8,No,Yes,No,Yes,4,6.1,26,1
S01759,8,17,Male,89,8.1,78,96,10,0,6,8,7.1,No,Yes,No,No,6,7.1,42,0
S01760,2,22,Female,81,4.68,69,40,26,2,4,5,6.2,No,Yes,Yes,No,1,3.7,50,1
S01761,1,23,Female,78,5.57,80,39,17,2,8,5,6.1,No,Yes,No,No,5,7.6,60,1
S01762,6,24,Female,86,6.47,94,55,9,0,3,5,6.4,Yes,Yes,No,No,8,5.6,60,0
S01763,4,18,Female,96,8.13,96,64,9,0,4,5,6.4,Yes,Yes,Yes,Yes,8,7.1,58,0
S01764,3,18,Female,85,8.84,68,76,17,0,4,3,7.4,Yes,Yes,No,No,6,1.1,27,0
S01765,1,17,Female,94,7.01,55,55,29,0,5,6,7.0,Yes,Yes,Yes,No,8,2.5,12,0
S01766,2,22,Female,70,7.68,65,96,16,3,4,9,7.8,Yes,Yes,No,No,5,5.4,10,0
S01767,2,21,Male,64,5.7,58,69,12,0,2,7,7.2,No,Yes,Yes,No,6,5.4,57,0
S01768,8,24,Female,86,8.1,49,60,15,0,6,4,5.7,Yes,Yes,Yes,Yes,1,5.1,13,0
S01769,7,24,Female,97,6.95,67,82,21,0,1,7,7.3,Yes,Yes,No,No,7,6.6,8,0
S01770,1,24,Female,75,7.02,62,40,7,2,5,3,7.2,Yes,Yes,Yes,No,3,10.1,21,1
S01771,5,22,Male,55,7.69,71,56,8,0,5,1,6.0,Yes,Yes,Yes,Yes,6,8.4,29,1
S01772,5,22,Female,54,6.85,66,69,20,1,6,5,6.9,Yes,Yes,No,No,5,5.5,21,0
S01773,6,18,Female,68,8.81,85,70,23,2,5,8,6.8,Yes,Yes,Yes,Yes,6,5.3,45,0
S01774,8,18,Female,82,4.87,82,67,12,0,7,5,8.1,Yes,Yes,No,Yes,5,4.8,47,0
S01775,7,20,Female,79,8.15,76,71,20,3,5,1,8.6,Yes,No,Yes,No,7,8.3,34,0
S01776,6,23,Male,79,6.17,58,49,23,3,6,8,4.8,Yes,Yes,Yes,No,7,6.5,11,0
S01777,2,22,Female,63,6.01,64,56,10,0,5,7,8.5,Yes,Yes,Yes,No,8,5.7,44,0
S01778,4,19,Male,66,8.16,55,82,10,1,1,6,4.8,Yes,Yes,No,No,2,2.5,36,0
S01779,1,23,Female,92,6.89,83,65,16,2,7,5,8.0,Yes,No,Yes,No,7,2.0,52,0
S01780,6,21,Female,93,7.45,47,64,19,0,1,6,7.5,Yes,Yes,Yes,No,9,8.1,10,0
S01781,5,19,Male,68,6.68,81,100,29,1,7,4,5.7,Yes,Yes,No,Yes,6,3.7,39,0
S01782,8,17,Male,96,7.01,65,65,3,0,5,4,9.4,Yes,Yes,Yes,Yes,8,3.9,58,0
S01783,3,19,Male,100,8.26,66,100,14,2,4,7,6.7,Yes,Yes,Yes,Yes,5,2.6,6,0
S01784,2,20,Male,68,8.4,52,69,20,0,3,6,8.0,Yes,Yes,No,No,4,7.8,38,0
S01785,5,17,Female,70,6.66,65,100,9,2,6,7,6.6,Yes,Yes,No,Yes,8,4.2,0,0
S01786,5,23,Male,71,7.58,48,43,13,0,6,5,7.3,Yes,Yes,No,No,8,4.4,78,0
S01787,3,22,Female,78,5.25,55,86,15,2,4,6,6.2,Yes,Yes,Yes,No,4,3.9,18,0
S01788,2,18,Female,81,7.41,61,76,23,0,1,10,4.7,Yes,No,No,No,7,4.8,54,0
S01789,7,19,Female,74,6.51,89,61,11,1,5,6,5.9,Yes,Yes,Yes,No,7,4.4,28,0
S01790,8,23,Male,80,7.64,54,79,15,1,1,1,6.7,Yes,Yes,Yes,No,6,4.6,25,0
S01791,3,19,Female,77,8.87,100,62,5,0,4,5,6.7,Yes,Yes,No,Yes,2,3.9,42,0
S01792,4,23,Male,66,7.24,81,73,36,2,4,6,6.8,Yes,Yes,No,No,5,4.7,10,0
S01793,8,24,Female,72,7.02,72,68,16,2,6,8,5.4,Yes,Yes,Yes,No,8,5.4,3,0
S01794,8,18,Female,81,7.22,68,81,16,3,4,7,5.5,Yes,Yes,No,Yes,6,6.1,7,0
S01795,8,24,Female,80,7.17,64,76,24,0,5,8,7.0,Yes,Yes,No,No,6,5.9,26,0
S01796,8,23,Male,90,7.22,61,64,9,0,7,6,6.2,Yes,Yes,Yes,No,5,3.8,23,0
S01797,6,19,Male,83,7.7,59,81,12,2,3,3,8.0,Yes,Yes,Yes,No,6,5.0,34,0
S01798,6,23,Male,69,7.66,72,66,18,0,4,6,6.0,No,Yes,No,Yes,4,8.3,14,0
S01799,5,20,Female,81,9.74,86,75,1,0,4,7,6.6,No,Yes,Yes,No,4,8.2,39,0
S01800,1,21,Male,62,8.26,65,72,10,3,2,8,6.2,Yes,Yes,No,No,1,4.2,16,0
S01801,6,20,Female,90,5.87,47,68,21,1,5,10,6.4,Yes,Yes,Yes,No,7,1.8,33,0
S01802,5,20,Female,75,7.6,35,76,21,0,7,4,5.7,Yes,Yes,No,No,5,4.8,54,0
S01803,5,21,Male,79,5.96,68,100,20,2,5,7,5.6,No,Yes,Yes,No,9,5.4,20,0
S01804,6,23,Male,80,8.41,68,91,15,0,8,5,6.8,Yes,Yes,Yes,No,4,6.4,43,0
S01805,6,19,Male,81,7.02,55,76,5,0,3,6,7.7,Yes,Yes,No,No,7,4.9,46,0
S01806,7,19,Male,81,9.01,67,78,1,3,1,5,6.7,Yes,Yes,Yes,No,7,7.2,60,0
S01807,4,23,Female,71,5.16,72,82,24,2,2,3,7.7,No,Yes,No,No,7,8.2,35,1
S01808,7,21,Female,75,6.38,69,100,6,0,7,7,6.1,Yes,Yes,No,No,8,5.8,58,0
S01809,7,20,Male,67,7.17,77,86,27,0,1,5,7.7,Yes,Yes,No,No,3,6.3,65,0
S01810,5,22,Male,87,7.67,58,69,10,0,6,6,6.4,Yes,Yes,No,Yes,6,6.8,37,0
S01811,4,19,Male,88,5.11,60,100,5,0,4,5,7.5,Yes,Yes,No,No,2,4.2,5,0
S01812,7,19,Male,77,8.38,86,94,21,0,4,7,7.3,No,Yes,No,Yes,3,7.8,4,0
S01813,2,17,Male,57,7.22,82,81,20,2,5,6,7.7,Yes,Yes,Yes,No,2,5.8,29,0
S01814,6,17,Male,84,7.64,58,83,7,1,3,7,6.9,Yes,No,Yes,No,3,5.5,39,0
S01815,6,21,Female,82,8.19,53,79,15,1,2,6,7.2,No,No,No,No,5,9.6,55,0
S01816,6,20,Male,77,7.7,65,85,20,2,6,5,6.1,Yes,Yes,No,No,5,6.9,39,0
S01817,1,18,Female,71,6.38,75,53,4,0,6,7,7.1,Yes,Yes,No,No,4,3.3,80,1
S01818,4,17,Male,98,4.73,57,100,10,1,4,6,4.9,Yes,Yes,Yes,Yes,4,5.4,31,0
S01819,2,17,Female,92,7.91,43,44,13,1,4,6,7.7,Yes,Yes,No,No,6,6.8,76,0
S01820,7,21,Male,66,7.99,74,63,20,1,4,7,6.8,Yes,Yes,Yes,No,8,4.0,23,0
S01821,6,21,Male,92,8.83,45,99,29,2,2,7,6.5,Yes,Yes,Yes,No,6,4.6,35,0
S01822,5,20,Male,77,7.64,67,40,6,2,3,4,8.0,Yes,Yes,Yes,No,4,6.9,3,1
S01823,3,18,Female,80,7.07,89,88,21,3,8,9,6.9,Yes,Yes,No,Yes,4,7.6,14,0
S01824,7,17,Female,82,7.33,59,86,4,3,9,3,8.7,Yes,Yes,Yes,No,10,2.9,23,1
S01825,5,19,Male,65,7.13,57,97,16,2,4,5,7.0,No,Yes,No,No,6,4.7,52,0
S01826,6,20,Male,85,7.27,74,89,14,0,4,5,4.8,Yes,Yes,Yes,No,3,1.0,40,0
S01827,2,19,Male,81,7.83,70,89,14,1,4,5,8.4,Yes,Yes,Yes,No,5,4.5,92,0
S01828,5,18,Male,80,8.63,67,81,8,0,7,6,5.8,No,Yes,No,Yes,7,5.5,21,0
S01829,8,19,Female,52,5.81,60,38,14,1,7,7,7.8,Yes,Yes,No,No,1,7.0,43,1
S01830,5,17,Male,74,7.4,54,66,9,1,10,3,5.6,Yes,Yes,No,No,4,3.7,33,0
S01831,7,20,Male,79,6.88,60,64,30,1,4,4,7.6,Yes,Yes,No,Yes,4,2.5,11,0
S01832,3,17,Male,67,4.82,75,84,2,1,2,6,7.8,No,Yes,Yes,No,9,8.2,30,1
S01833,8,17,Female,88,8.74,69,67,18,0,5,8,6.6,Yes,Yes,Yes,Yes,2,6.1,62,0
S01834,1,18,Male,84,6.85,59,91,2,0,4,7,5.4,Yes,Yes,No,No,5,4.7,40,0
S01835,3,17,Female,78,7.34,67,54,29,3,6,4,6.7,No,No,Yes,Yes,8,4.2,15,1
S01836,1,24,Female,63,7.57,73,66,21,0,5,3,5.8,Yes,Yes,Yes,Yes,6,3.5,30,0
S01837,6,19,Female,69,6.37,72,64,18,0,7,4,7.4,Yes,Yes,Yes,No,4,3.5,38,0
S01838,6,23,Male,78,8.02,96,67,3,2,10,5,6.3,Yes,Yes,Yes,No,5,5.8,21,0
S01839,7,24,Male,92,8.89,57,59,25,3,4,7,7.9,Yes,Yes,Yes,No,7,7.8,0,0
S01840,1,21,Female,72,6.09,91,94,23,0,8,9,5.1,Yes,Yes,No,No,8,5.7,66,0
S01841,5,20,Male,77,6.96,36,61,22,0,7,6,7.2,Yes,Yes,Yes,No,7,6.4,32,0
S01842,8,20,Male,91,5.37,44,63,24,1,7,9,7.2,No,Yes,Yes,Yes,5,8.6,45,1
S01843,8,23,Female,69,10.0,56,85,13,1,5,7,6.6,Yes,Yes,Yes,No,4,3.0,87,0
S01844,1,18,Female,69,7.13,51,85,7,0,3,5,7.3,Yes,Yes,Yes,Yes,10,4.2,41,0
S01845,8,19,Male,90,6.28,39,87,12,3,4,7,6.6,Yes,Yes,Yes,Yes,4,7.2,20,0
S01846,2,22,Male,84,7.2,59,83,20,3,5,6,7.6,No,Yes,Yes,No,4,6.5,10,0
S01847,6,24,Female,79,8.68,58,42,9,1,5,8,5.7,Yes,Yes,Yes,Yes,7,6.5,52,0
S01848,7,19,Male,95,10.0,67,80,18,0,3,8,6.5,No,Yes,No,No,6,5.4,21,0
S01849,8,20,Female,61,6.79,75,49,16,2,7,6,6.0,Yes,Yes,Yes,No,9,5.5,41,1
S01850,1,20,Female,60,4.0,92,85,9,2,5,8,7.0,Yes,No,Yes,Yes,1,4.9,17,1
S01851,8,24,Female,88,7.98,74,65,11,0,6,8,7.0,No,Yes,No,No,8,4.3,43,0
S01852,1,19,Female,71,7.64,58,60,7,0,5,4,4.8,Yes,Yes,No,Yes,7,7.1,41,0
S01853,7,24,Male,68,6.28,72,90,32,1,5,5,4.9,Yes,Yes,Yes,Yes,5,8.9,28,0
S01854,6,20,Male,61,9.71,57,83,8,1,3,8,7.0,No,Yes,No,No,5,7.0,19,0
S01855,4,18,Male,72,6.77,73,84,11,0,8,6,5.9,No,Yes,Yes,No,8,5.6,35,0
S01856,5,23,Male,60,6.0,55,60,1,2,10,6,7.7,Yes,Yes,Yes,No,5,6.2,37,1
S01857,4,20,Male,61,8.05,78,92,3,1,4,7,6.4,Yes,Yes,Yes,Yes,4,4.7,25,0
S01858,5,22,Male,73,8.67,78,75,11,0,2,6,6.4,Yes,Yes,Yes,No,7,4.7,4,0
S01859,5,21,Female,62,5.67,69,74,11,1,2,4,6.3,Yes,Yes,No,No,5,5.0,74,0
S01860,2,22,Male,89,6.09,78,85,9,0,8,7,7.3,No,Yes,Yes,No,7,5.1,39,0
S01861,8,21,Female,70,7.05,83,95,19,2,7,9,8.0,Yes,Yes,Yes,No,4,5.0,28,0
S01862,2,22,Male,77,8.21,55,94,9,2,4,3,6.3,Yes,Yes,No,No,5,7.2,21,0
S01863,1,17,Female,72,7.77,57,64,21,1,6,5,6.2,Yes,Yes,Yes,No,7,5.2,28,0
S01864,2,22,Male,64,7.76,68,61,10,2,3,7,6.6,Yes,Yes,Yes,No,4,6.6,46,0
S01865,3,24,Male,69,7.44,88,80,15,2,3,5,5.9,Yes,Yes,Yes,Yes,8,8.0,33,0
S01866,5,19,Male,70,8.16,81,74,27,0,8,1,7.2,Yes,Yes,Yes,No,5,6.4,38,0
S01867,2,20,Female,69,8.25,70,90,7,4,7,6,6.8,Yes,Yes,No,No,4,2.1,38,0
S01868,1,21,Female,88,6.78,68,80,14,1,3,7,7.8,Yes,Yes,Yes,No,4,3.9,18,0
S01869,1,22,Female,81,6.69,100,94,21,0,4,10,7.0,No,Yes,Yes,No,1,1.1,59,0
S01870,2,17,Male,100,6.93,100,78,13,1,1,9,5.8,Yes,Yes,No,Yes,4,7.2,5,0
S01871,8,23,Female,75,8.69,63,73,6,0,7,5,7.0,Yes,Yes,Yes,No,6,4.3,41,0
S01872,7,20,Female,86,8.65,66,89,26,2,6,4,7.7,Yes,Yes,Yes,No,6,6.7,28,0
S01873,5,20,Male,68,5.68,78,90,10,0,5,5,5.8,Yes,Yes,Yes,No,8,5.7,40,0
S01874,6,17,Female,75,8.38,82,86,4,1,6,3,6.9,Yes,Yes,Yes,No,4,4.9,41,0
S01875,7,24,Male,87,6.95,100,43,1,0,3,7,7.7,No,Yes,Yes,No,3,7.7,10,0
S01876,7,21,Male,87,8.03,41,53,15,1,1,1,7.9,Yes,Yes,Yes,No,6,6.0,18,0
S01877,6,17,Male,81,7.0,78,70,12,0,8,6,7.0,Yes,Yes,Yes,Yes,2,3.9,29,0
S01878,3,24,Male,68,7.9,54,46,13,2,4,8,5.1,Yes,Yes,Yes,No,6,5.3,28,0
S01879,4,19,Female,86,6.32,93,66,14,1,2,9,6.7,Yes,Yes,No,Yes,9,9.5,49,0
S01880,1,18,Male,63,8.49,61,93,17,0,4,8,6.5,Yes,Yes,Yes,No,5,5.5,60,0
S01881,6,21,Male,99,6.59,68,100,15,0,3,4,7.4,Yes,Yes,No,No,7,8.9,45,0
S01882,5,18,Female,93,7.3,52,68,20,0,8,6,8.8,Yes,Yes,No,No,3,4.8,41,0
S01883,8,19,Female,100,7.26,93,35,15,1,6,8,7.2,No,Yes,No,No,4,5.9,23,0
S01884,2,19,Male,84,7.81,65,79,9,0,6,3,7.1,Yes,Yes,Yes,No,1,6.4,54,0
S01885,3,23,Male,85,6.89,89,64,5,3,2,8,7.2,No,Yes,Yes,No,10,7.9,31,0
S01886,8,20,Male,75,6.74,88,65,23,0,5,6,7.9,Yes,Yes,Yes,No,6,6.3,74,0
S01887,6,19,Male,72,5.96,60,71,17,0,6,5,6.5,Yes,Yes,No,No,8,5.9,39,0
S01888,4,23,Female,80,8.54,83,77,10,0,4,2,6.5,Yes,Yes,Yes,Yes,7,3.2,39,0
S01889,8,22,Male,82,9.28,84,100,29,4,5,5,7.1,Yes,Yes,Yes,No,3,5.6,36,0
S01890,5,18,Male,83,6.93,78,35,16,1,7,7,7.0,No,Yes,No,Yes,6,4.2,41,0
S01891,2,18,Male,56,8.23,87,76,15,1,6,4,5.8,Yes,Yes,Yes,No,8,5.7,34,0
S01892,7,22,Female,74,6.36,64,56,10,0,1,2,6.9,Yes,Yes,Yes,No,8,3.0,52,0
S01893,8,17,Female,89,5.61,43,79,12,1,5,5,6.4,No,Yes,Yes,No,8,7.0,40,0
S01894,2,23,Male,81,7.67,64,63,22,0,3,5,5.3,Yes,Yes,Yes,No,5,6.9,29,0
S01895,7,18,Male,75,8.55,59,59,12,0,6,8,7.0,No,Yes,Yes,Yes,4,4.6,32,0
S01896,8,17,Female,90,8.06,71,65,23,2,3,5,7.1,No,Yes,Yes,Yes,4,2.6,12,0
S01897,3,20,Female,90,7.12,62,62,18,2,4,5,6.4,Yes,Yes,No,No,6,5.7,6,0
S01898,7,24,Female,59,6.64,80,89,13,0,5,5,7.3,Yes,Yes,Yes,No,7,2.6,0,0
S01899,5,22,Female,85,7.89,100,86,28,0,7,10,6.5,No,Yes,No,No,4,6.3,44,0
S01900,5,17,Male,94,5.99,69,78,7,2,5,5,7.8,No,Yes,Yes,No,5,9.1,25,1
S01901,8,23,Male,81,7.81,67,82,15,1,6,9,8.0,Yes,Yes,Yes,No,5,6.8,55,0
S01902,3,18,Male,87,6.48,84,71,12,1,7,8,8.7,Yes,Yes,No,No,6,8.0,44,0
S01903,6,23,Male,37,8.76,60,95,15,1,5,6,8.3,No,Yes,Yes,Yes,5,5.5,16,0
S01904,6,24,Female,60,8.3,58,98,12,0,6,4,7.3,Yes,Yes,No,No,8,8.6,45,0
S01905,7,19,Male,73,7.29,60,60,8,2,8,7,5.8,Yes,Yes,Yes,No,7,6.0,28,0
S01906,7,21,Male,76,6.9,71,86,21,0,4,7,5.6,No,Yes,No,No,3,5.4,59,0
S01907,7,19,Male,71,7.43,84,87,14,1,4,7,6.9,Yes,Yes,No,No,2,6.8,29,0
S01908,4,21,Male,73,8.64,60,72,24,1,2,4,5.8,No,Yes,Yes,No,6,4.1,31,0
S01909,7,18,Male,84,8.05,63,85,20,0,5,6,5.4,Yes,Yes,Yes,Yes,4,7.3,35,0
S01910,6,23,Male,74,9.21,51,58,11,2,5,6,6.5,Yes,Yes,No,No,6,3.4,16,0
S01911,3,20,Male,93,6.99,52,62,20,0,4,7,6.9,Yes,Yes,Yes,Yes,2,5.7,37,0
S01912,5,24,Female,85,7.75,75,94,11,0,2,6,6.1,Yes,Yes,No,No,6,7.8,53,0
S01913,4,18,Male,77,5.32,68,73,32,1,3,8,6.4,Yes,Yes,No,Yes,8,8.5,7,0
S01914,3,17,Male,93,6.93,83,98,14,1,6,7,7.0,Yes,Yes,No,Yes,3,7.9,2,0
S01915,7,20,Male,53,7.36,92,82,12,3,7,3,6.7,Yes,Yes,Yes,No,7,7.5,20,1
S01916,2,19,Female,70,7.39,100,70,20,3,6,6,5.7,Yes,Yes,Yes,No,6,5.6,11,0
S01917,1,17,Female,66,7.19,39,62,18,0,3,6,7.3,Yes,Yes,Yes,No,7,5.3,18,0
S01918,6,21,Male,83,6.26,50,80,18,0,3,2,5.8,Yes,Yes,No,No,4,7.4,86,0
S01919,4,23,Female,81,8.28,86,69,13,2,5,4,7.8,Yes,Yes,No,No,4,3.1,24,0
S01920,2,19,Male,68,8.06,71,72,17,4,2,9,8.8,No,Yes,Yes,No,5,1.7,23,0
S01921,6,17,Male,68,5.04,69,82,13,0,4,3,7.1,Yes,Yes,Yes,No,6,5.5,3,0
S01922,7,24,Female,76,7.47,58,44,14,0,5,3,9.1,Yes,Yes,No,Yes,3,6.0,69,0
S01923,1,19,Male,78,8.75,58,52,15,2,1,6,6.8,No,Yes,Yes,No,2,7.9,22,0
S01924,5,24,Female,79,8.92,79,35,19,1,3,2,6.6,No,Yes,Yes,No,6,9.7,29,0
S01925,3,23,Male,64,6.44,58,81,13,1,4,5,6.1,Yes,Yes,Yes,Yes,3,2.6,41,0
S01926,3,23,Female,100,8.18,82,93,19,0,4,5,6.5,No,Yes,Yes,No,7,6.2,51,0
S01927,3,21,Female,82,6.64,79,59,13,5,8,7,5.6,No,Yes,Yes,No,5,1.7,51,1
S01928,7,20,Male,76,8.2,51,93,21,3,6,5,7.3,Yes,No,No,Yes,3,6.8,66,0
S01929,1,17,Male,95,7.51,56,100,21,0,7,8,5.8,Yes,Yes,No,Yes,4,8.3,19,0
S01930,5,17,Female,62,6.26,64,100,27,0,3,5,8.0,Yes,Yes,Yes,No,7,6.7,20,0
S01931,6,20,Male,61,7.6,65,83,8,0,2,2,6.0,Yes,No,Yes,No,3,3.8,82,0
S01932,3,23,Female,81,9.18,88,79,31,0,5,5,5.8,Yes,Yes,Yes,Yes,3,8.4,0,0
S01933,4,20,Female,72,6.65,53,86,17,0,6,7,7.4,No,Yes,Yes,No,8,7.3,44,0
S01934,4,24,Male,74,4.3,81,74,20,4,5,5,6.9,Yes,Yes,No,No,7,2.8,27,0
S01935,8,23,Female,53,8.65,55,73,8,0,1,3,7.0,No,Yes,No,No,6,6.9,7,0
S01936,2,19,Female,64,5.47,65,86,4,2,5,3,5.6,Yes,Yes,Yes,No,4,6.8,5,1
S01937,8,22,Female,77,10.0,75,100,29,0,3,5,8.3,Yes,Yes,Yes,Yes,5,5.2,22,0
S01938,8,24,Male,96,5.46,86,55,13,1,4,6,6.9,Yes,Yes,No,No,5,7.0,18,0
S01939,8,18,Female,77,8.15,90,61,20,0,2,4,6.4,Yes,Yes,No,Yes,5,4.0,45,0
S01940,5,20,Female,83,6.24,71,40,12,1,3,6,6.5,No,Yes,Yes,No,6,6.9,29,0
S01941,5,18,Female,80,7.1,78,56,15,0,8,4,6.1,Yes,Yes,No,No,6,4.7,21,0
S01942,8,21,Female,58,6.66,48,61,17,1,5,4,8.2,Yes,No,No,No,8,5.5,23,0
S01943,5,21,Female,75,8.94,53,65,21,2,4,2,5.3,Yes,Yes,Yes,Yes,7,3.9,32,0
S01944,7,17,Male,87,7.49,74,51,19,4,1,3,5.1,Yes,Yes,No,No,6,9.9,97,1
S01945,8,20,Female,97,6.27,34,55,16,2,6,7,5.8,Yes,Yes,Yes,No,5,5.2,37,1
S01946,7,21,Female,84,8.07,49,53,13,1,4,6,5.4,Yes,Yes,No,No,1,7.6,23,0
S01947,1,17,Male,79,8.01,69,74,11,0,6,4,7.9,No,Yes,Yes,No,7,8.0,48,0
S01948,4,20,Female,85,8.29,60,97,11,0,4,4,7.3,No,Yes,Yes,No,6,4.9,30,0
S01949,7,21,Female,88,7.24,59,58,19,2,4,6,8.0,No,Yes,Yes,Yes,8,4.9,38,0
S01950,6,17,Male,80,4.77,80,78,14,0,5,5,7.3,Yes,Yes,Yes,No,8,6.3,18,0
S01951,5,19,Male,92,6.86,82,96,23,0,8,3,6.6,Yes,Yes,No,Yes,6,3.2,56,0
S01952,2,21,Female,87,6.43,73,94,19,0,6,5,8.6,No,Yes,Yes,No,5,7.4,36,0
S01953,5,19,Male,79,6.94,76,67,12,1,8,4,8.2,Yes,Yes,Yes,No,5,6.1,40,0
S01954,5,24,Male,65,8.71,77,66,19,1,4,5,6.6,Yes,Yes,No,No,2,8.1,58,0
S01955,7,24,Male,62,8.4,78,92,20,1,7,4,7.9,No,Yes,Yes,Yes,8,7.2,16,0
S01956,1,18,Male,89,5.99,86,60,15,0,5,6,6.7,No,Yes,No,No,6,3.2,83,0
S01957,3,21,Female,68,8.66,84,73,22,0,5,6,7.2,Yes,Yes,No,Yes,1,7.2,48,0
S01958,4,18,Female,77,7.18,46,64,18,1,5,2,6.6,Yes,Yes,Yes,Yes,8,3.9,19,0
S01959,6,19,Female,77,7.31,64,85,7,0,3,4,7.8,Yes,Yes,Yes,No,5,5.8,20,0
S01960,5,24,Male,87,6.16,66,77,22,1,7,6,6.7,No,Yes,Yes,No,9,5.6,44,0
S01961,4,17,Female,88,7.14,68,35,22,1,8,8,7.2,Yes,Yes,No,No,6,3.8,0,0
S01962,7,17,Female,75,7.14,81,75,9,1,4,8,6.6,Yes,Yes,Yes,No,6,3.6,38,0
S01963,3,21,Male,62,7.09,66,75,6,2,5,6,6.0,Yes,No,No,No,7,4.8,3,0
S01964,1,19,Female,80,7.63,72,69,19,0,4,9,5.9,Yes,No,Yes,No,8,2.3,18,0
S01965,8,17,Male,67,7.84,83,76,23,4,5,3,6.9,Yes,Yes,No,Yes,5,5.2,54,0
S01966,5,17,Male,100,6.84,59,57,26,0,4,5,5.9,No,Yes,No,No,5,5.5,28,0
S01967,3,20,Female,81,7.53,72,100,7,1,7,8,6.4,Yes,Yes,No,No,3,4.4,62,0
S01968,8,22,Male,78,5.23,80,93,19,0,4,10,8.4,No,Yes,Yes,No,3,10.6,50,0
S01969,3,22,Male,90,7.69,76,100,18,1,7,5,7.0,Yes,Yes,No,No,7,5.0,31,0
S01970,3,18,Male,89,6.54,67,60,8,1,1,9,8.8,Yes,Yes,Yes,No,7,7.5,32,0
S01971,6,23,Female,79,9.55,86,44,10,1,4,10,6.6,Yes,Yes,No,No,9,1.5,24,0
S01972,4,20,Male,57,8.5,61,71,3,1,4,4,6.9,Yes,Yes,No,No,6,6.0,20,0
S01973,3,21,Female,74,7.24,76,87,23,0,7,7,5.8,Yes,Yes,No,No,6,8.3,71,0
S01974,1,18,Male,79,7.52,68,54,6,0,3,5,6.5,Yes,Yes,No,No,6,7.4,63,0
S01975,4,20,Female,80,8.56,79,82,14,0,6,5,4.5,Yes,Yes,No,No,8,5.6,12,0
S01976,7,22,Male,56,6.77,62,96,19,3,2,6,7.6,Yes,Yes,No,Yes,6,3.7,31,0
S01977,7,19,Female,90,6.6,55,84,21,0,7,5,6.4,Yes,Yes,No,No,5,3.5,15,0
S01978,8,20,Male,82,6.12,88,66,9,0,3,3,7.0,No,Yes,No,No,6,6.5,37,0
S01979,2,19,Male,72,7.95,57,100,4,1,5,6,7.9,Yes,Yes,No,No,7,3.7,55,0
S01980,1,24,Male,73,7.88,84,91,18,2,2,4,7.0,Yes,Yes,Yes,No,7,2.4,14,0
S01981,3,18,Female,92,6.37,68,73,1,0,5,5,8.7,Yes,Yes,Yes,No,5,6.2,21,0
S01982,2,17,Female,88,8.28,66,99,10,0,4,3,6.9,No,Yes,No,No,6,8.8,31,0
S01983,7,23,Female,70,6.49,100,89,2,3,10,5,5.8,No,Yes,Yes,Yes,7,6.0,69,1
S01984,4,20,Female,85,6.16,49,89,27,0,4,6,6.6,Yes,Yes,No,No,6,6.6,45,0
S01985,5,19,Male,68,7.97,73,71,19,1,5,8,6.2,Yes,Yes,No,No,6,9.4,43,0
S01986,5,22,Male,77,7.88,70,65,22,2,3,6,5.9,Yes,Yes,No,Yes,5,1.6,0,0
S01987,1,22,Male,84,7.27,64,46,15,3,4,5,5.3,Yes,Yes,Yes,No,7,4.9,0,0
S01988,5,23,Female,72,7.35,71,75,9,2,6,6,5.7,No,Yes,Yes,No,7,4.9,34,0
S01989,3,17,Female,80,6.61,81,47,25,0,9,4,6.4,Yes,Yes,Yes,Yes,5,6.5,39,0
S01990,5,23,Female,100,6.97,82,35,22,1,6,5,5.4,Yes,Yes,Yes,No,6,9.3,23,0
S01991,1,17,Male,80,6.94,83,61,23,0,3,7,7.4,Yes,Yes,No,Yes,4,2.9,17,0
S01992,2,19,Female,72,6.91,68,67,14,0,5,4,7.5,No,No,Yes,Yes,5,3.2,49,0
S01993,2,18,Male,52,5.9,65,85,9,1,6,7,7.2,Yes,Yes,Yes,No,4,9.0,44,1
S01994,8,18,Male,91,6.92,93,100,26,4,4,3,5.8,Yes,Yes,No,Yes,4,5.5,75,1
S01995,7,21,Female,79,8.53,81,57,18,2,5,9,6.7,No,Yes,No,No,4,7.1,21,0
S01996,3,22,Female,67,6.97,47,76,14,0,4,5,6.3,Yes,Yes,Yes,No,3,7.1,36,0
S01997,3,20,Female,72,8.09,61,67,23,1,3,8,8.3,Yes,Yes,No,Yes,10,5.4,3,0
S01998,5,23,Female,88,8.86,58,75,15,1,4,4,8.1,Yes,Yes,No,Yes,8,8.7,32,0
S01999,8,21,Female,93,6.64,65,75,25,4,4,4,6.3,Yes,Yes,Yes,Yes,5,3.5,16,0
S02000,7,23,Male,83,8.64,70,91,26,0,2,1,6.9,Yes,Yes,Yes,Yes,4,3.2,24,0
S02001,1,17,Male,79,7.96,61,67,14,0,6,7,8.7,Yes,Yes,No,No,2,5.1,26,0
S02002,7,22,Female,71,7.58,70,63,12,1,5,9,7.5,Yes,Yes,Yes,Yes,5,8.6,44,0
S02003,4,22,Male,100,7.06,58,89,16,2,2,9,9.3,Yes,Yes,Yes,Yes,6,5.6,15,0
S02004,7,21,Female,67,7.73,77,66,3,2,5,5,7.0,Yes,Yes,No,No,4,2.6,18,0
S02005,1,24,Female,92,5.92,65,67,18,2,4,10,5.8,Yes,Yes,No,No,6,5.4,7,0
S02006,8,22,Female,80,7.28,88,83,5,0,3,5,7.2,Yes,Yes,Yes,No,5,5.9,29,0
S02007,5,24,Female,87,5.88,71,91,16,0,5,7,6.9,Yes,Yes,No,No,5,2.9,50,0
S02008,6,23,Male,79,8.18,58,63,21,3,6,9,8.8,Yes,Yes,Yes,No,4,5.4,47,0
S02009,1,21,Female,70,5.42,56,46,19,0,4,4,6.4,No,Yes,No,No,5,5.2,53,1
S02010,4,19,Female,83,8.7,75,47,12,0,5,4,8.2,Yes,Yes,Yes,Yes,6,1.9,44,0
S02011,3,19,Female,93,9.11,84,57,12,3,3,9,7.6,Yes,Yes,Yes,No,5,2.7,31,0
S02012,2,23,Male,71,6.76,90,96,17,0,1,9,5.8,Yes,Yes,No,No,2,5.1,67,0
S02013,6,21,Male,77,7.01,55,95,13,1,1,8,7.4,Yes,Yes,No,Yes,7,6.4,49,0
S02014,3,19,Female,95,8.42,75,88,11,1,3,6,6.9,No,No,Yes,No,5,5.9,33,0
S02015,5,23,Male,91,7.33,68,69,3,0,2,4,7.6,Yes,Yes,Yes,No,5,5.5,4,0
S02016,1,21,Female,84,6.29,64,66,24,1,7,5,6.6,Yes,Yes,No,Yes,7,7.0,58,0
S02017,1,22,Female,96,8.52,55,69,7,1,9,8,8.1,Yes,Yes,Yes,Yes,4,5.8,52,0
S02018,6,23,Female,74,8.65,90,88,1,0,6,3,7.4,No,Yes,No,Yes,5,4.7,26,1
S02019,4,22,Male,77,8.05,68,81,23,3,6,7,5.7,Yes,Yes,Yes,Yes,8,6.4,20,0
S02020,2,20,Male,85,7.46,71,96,10,2,7,6,6.4,Yes,Yes,Yes,No,6,4.9,19,0
S02021,8,24,Female,57,8.36,55,53,8,1,6,5,5.2,Yes,Yes,No,No,6,3.6,17,1
S02022,8,18,Female,92,7.83,56,56,26,3,3,5,7.6,Yes,No,Yes,No,4,4.2,43,0
S02023,1,18,Female,95,7.44,92,73,14,0,1,4,7.2,Yes,Yes,Yes,Yes,4,4.7,73,0
S02024,8,21,Male,100,8.79,75,77,8,0,2,2,6.7,Yes,Yes,No,No,5,7.8,27,0
S02025,3,18,Male,69,4.58,54,93,2,1,5,9,5.5,Yes,Yes,Yes,Yes,7,4.0,66,1
S02026,5,17,Female,65,7.02,82,96,14,0,4,5,5.7,No,Yes,No,No,9,3.8,65,0
S02027,2,23,Female,88,8.46,75,80,16,1,2,7,7.0,Yes,No,No,No,6,7.2,68,0
S02028,3,17,Male,88,7.38,77,80,20,0,6,9,7.9,Yes,Yes,Yes,No,6,3.6,44,0
S02029,5,20,Female,95,5.35,73,78,23,1,3,7,7.5,No,Yes,No,Yes,1,4.8,12,0
S02030,7,17,Female,86,7.04,72,75,16,1,7,5,6.4,Yes,Yes,Yes,No,3,7.1,51,0
S02031,7,20,Female,100,6.88,94,83,8,0,5,9,6.1,Yes,Yes,Yes,No,7,8.0,28,0
S02032,3,19,Female,88,8.61,76,73,3,2,1,6,5.8,Yes,Yes,Yes,No,9,7.7,20,0
S02033,5,23,Male,80,8.32,84,63,13,1,4,3,6.2,Yes,Yes,No,No,7,5.4,33,0
S02034,5,22,Female,79,7.16,62,45,13,0,1,4,6.5,Yes,Yes,No,Yes,8,2.5,28,0
S02035,5,17,Male,74,7.31,100,89,11,0,3,2,6.6,Yes,Yes,Yes,Yes,5,4.9,38,0
S02036,8,20,Male,77,7.06,97,83,17,0,6,4,4.7,Yes,Yes,Yes,No,6,7.0,28,0
S02037,5,17,Female,88,7.96,30,81,5,0,1,9,7.0,Yes,Yes,No,No,9,9.8,0,0
S02038,6,24,Male,78,6.56,66,74,25,5,4,5,6.3,Yes,Yes,Yes,No,8,9.9,22,0
S02039,5,18,Female,93,7.34,75,68,13,0,3,5,8.0,Yes,Yes,Yes,No,8,4.8,30,0
S02040,2,17,Male,87,6.63,71,46,19,2,6,7,7.3,No,Yes,Yes,No,6,4.6,10,0
S02041,7,21,Female,63,7.73,79,95,25,0,8,5,7.1,Yes,Yes,No,No,6,8.5,30,0
S02042,5,18,Male,79,8.31,56,61,8,2,8,4,6.3,Yes,Yes,No,No,7,5.0,43,0
S02043,3,21,Male,86,5.7,60,91,14,1,3,5,6.9,Yes,Yes,No,Yes,3,7.7,53,0
S02044,6,23,Male,77,7.82,53,80,1,3,2,2,5.8,Yes,Yes,Yes,No,5,2.9,55,0
S02045,4,22,Female,70,6.77,87,79,16,0,5,8,6.3,Yes,No,Yes,No,5,5.2,57,0
S02046,4,18,Female,76,5.83,41,72,14,0,7,5,6.1,Yes,Yes,No,Yes,7,3.9,47,1
S02047,4,23,Female,73,8.5,75,49,17,1,2,7,6.3,Yes,Yes,Yes,No,7,3.8,28,0
S02048,7,17,Male,78,7.52,79,83,3,0,3,7,7.3,Yes,Yes,No,No,6,6.8,32,0
S02049,6,24,Male,66,7.45,45,100,6,0,7,7,9.4,Yes,Yes,No,No,4,6.0,32,0
S02050,1,17,Male,47,6.2,68,84,13,0,5,4,7.0,No,Yes,Yes,No,5,4.1,70,0
S02051,4,23,Female,91,6.57,44,81,12,1,5,6,7.0,Yes,Yes,Yes,Yes,4,6.5,62,0
S02052,5,20,Male,79,8.44,56,56,25,0,5,5,6.4,Yes,No,No,No,2,3.1,47,0
S02053,1,21,Female,79,6.63,63,81,1,2,6,9,6.6,Yes,Yes,Yes,No,2,2.3,12,0
S02054,1,19,Male,94,7.86,74,89,15,0,7,4,7.1,Yes,Yes,No,Yes,9,8.1,43,0
S02055,1,20,Female,77,7.96,62,73,19,0,5,7,6.4,No,Yes,No,No,4,3.5,50,0
S02056,2,22,Male,69,5.77,70,42,10,2,6,4,8.2,Yes,Yes,No,Yes,4,7.0,16,1
S02057,8,20,Male,55,6.49,71,70,18,2,3,4,6.7,Yes,Yes,No,No,9,6.7,66,0
S02058,6,22,Female,100,6.8,60,88,22,1,4,7,8.3,Yes,Yes,No,No,5,2.0,50,0
S02059,1,21,Female,85,8.03,76,100,15,0,3,5,6.6,Yes,Yes,Yes,No,6,4.7,29,0
S02060,8,24,Female,79,8.06,74,42,15,2,3,6,6.3,Yes,Yes,Yes,Yes,2,7.1,16,0
S02061,6,23,Female,90,7.96,76,91,30,3,1,4,5.5,No,Yes,Yes,No,1,10.4,66,0
S02062,1,21,Female,83,8.37,95,47,21,1,4,2,7.7,Yes,Yes,Yes,No,2,3.4,57,0
S02063,2,20,Male,68,7.6,42,88,15,2,2,5,6.7,No,Yes,Yes,No,8,3.1,31,0
S02064,3,17,Female,55,7.31,100,91,18,2,2,6,4.7,Yes,No,No,No,4,2.1,46,0
S02065,1,22,Female,81,7.54,84,100,20,0,5,5,6.5,Yes,Yes,Yes,Yes,7,6.5,33,0
S02066,7,23,Female,87,7.45,61,67,18,1,9,6,7.0,Yes,Yes,No,No,4,9.6,53,0
S02067,6,19,Male,86,7.85,51,79,13,2,4,4,6.9,Yes,Yes,Yes,No,7,1.4,7,0
S02068,1,24,Female,88,4.99,96,100,20,0,5,4,7.3,No,Yes,No,Yes,3,5.6,35,0
S02069,5,19,Female,82,5.71,84,77,19,1,4,4,5.7,Yes,Yes,Yes,No,6,6.5,32,0
S02070,4,19,Female,69,6.35,68,61,12,0,7,7,4.5,Yes,No,No,No,6,2.3,20,0
S02071,4,21,Male,68,5.91,93,96,11,2,6,4,7.6,Yes,Yes,Yes,No,3,5.9,5,1
S02072,6,23,Female,85,6.68,49,91,15,0,6,9,4.6,Yes,Yes,No,No,7,5.8,45,0
S02073,4,23,Male,90,6.76,51,100,24,1,3,6,5.9,Yes,Yes,No,No,9,4.8,80,0
S02074,6,19,Male,79,7.38,59,61,5,0,5,4,7.8,Yes,Yes,Yes,No,7,6.4,25,0
S02075,1,21,Female,68,6.13,77,53,9,1,4,6,4.9,Yes,Yes,No,No,5,4.8,45,0
S02076,5,24,Female,94,7.5,67,100,21,1,9,5,6.0,Yes,Yes,Yes,No,5,6.2,47,0
S02077,7,20,Female,84,8.08,53,86,11,0,8,5,6.8,Yes,No,No,Yes,8,5.8,33,0
S02078,8,19,Female,81,8.34,83,81,21,1,8,7,6.2,Yes,Yes,Yes,No,9,2.9,32,0
S02079,1,19,Female,83,5.85,57,61,17,1,6,5,8.3,Yes,No,Yes,No,6,4.1,34,0
S02080,2,21,Male,74,6.4,84,68,9,1,4,8,7.4,Yes,Yes,Yes,No,8,7.8,0,0
S02081,8,22,Female,100,7.47,46,95,15,2,3,8,6.9,Yes,Yes,No,No,8,2.6,58,0
S02082,3,17,Female,66,5.61,70,35,15,0,3,10,7.5,Yes,Yes,No,No,7,6.3,37,0
S02083,7,19,Male,86,9.19,57,70,9,1,3,4,6.0,Yes,Yes,No,No,5,4.9,62,0
S02084,4,23,Female,83,8.35,87,81,30,0,6,4,6.4,No,Yes,No,Yes,7,3.3,65,0
S02085,3,22,Female,75,7.26,58,86,17,0,3,5,6.4,Yes,No,No,Yes,7,5.6,43,0
S02086,5,23,Male,59,7.94,52,79,1,1,6,4,6.6,Yes,Yes,Yes,No,7,5.2,38,0
S02087,6,24,Female,67,4.82,97,100,24,0,4,5,7.2,Yes,Yes,Yes,No,6,1.0,15,0
S02088,1,18,Female,73,9.19,63,86,16,2,6,8,6.6,Yes,Yes,Yes,No,7,6.4,65,0
S02089,8,19,Male,75,7.49,68,64,24,0,5,6,7.4,No,Yes,No,Yes,4,5.7,22,0
S02090,8,22,Female,75,5.55,68,74,12,0,4,5,6.3,Yes,Yes,No,No,6,7.0,39,0
S02091,7,18,Female,94,6.19,88,100,29,1,2,9,6.4,Yes,No,Yes,No,2,5.3,10,0
S02092,5,22,Male,92,7.22,71,91,6,1,2,6,7.2,No,Yes,No,No,5,4.2,40,0
S02093,2,24,Female,100,5.94,75,100,10,1,5,8,8.1,Yes,Yes,No,No,8,5.6,16,0
S02094,3,20,Female,92,7.27,56,84,6,0,1,6,6.1,No,Yes,Yes,No,5,3.8,42,0
S02095,5,21,Male,74,9.13,61,71,15,0,1,7,7.3,Yes,Yes,Yes,No,7,4.4,26,0
S02096,4,20,Male,68,6.99,82,92,9,0,6,3,6.2,No,Yes,Yes,No,3,3.8,26,0
S02097,6,21,Male,83,6.25,65,69,16,1,7,8,5.6,Yes,Yes,Yes,No,8,3.4,35,0
S02098,4,21,Male,85,6.06,82,100,8,0,3,4,7.7,No,Yes,No,No,5,5.2,81,0
S02099,8,24,Female,77,5.64,85,82,20,0,4,5,7.5,Yes,No,Yes,Yes,8,5.7,57,0
S02100,6,19,Male,63,7.31,76,72,7,1,7,4,8.1,Yes,Yes,No,Yes,7,5.6,29,1
S02101,8,18,Male,43,8.49,66,49,37,0,4,6,6.2,Yes,Yes,No,No,5,5.4,0,0
S02102,8,21,Female,75,5.35,46,100,20,2,1,4,6.9,No,Yes,No,Yes,5,5.3,48,1
S02103,3,17,Female,68,7.88,67,91,17,2,4,8,6.2,Yes,Yes,Yes,No,6,5.7,49,0
S02104,4,24,Male,86,7.11,81,48,33,3,4,5,6.2,No,Yes,Yes,No,5,5.8,13,0
S02105,8,22,Female,90,6.88,58,56,20,0,5,5,5.8,Yes,Yes,Yes,No,8,9.3,0,0
S02106,3,18,Female,95,5.98,35,67,22,3,4,7,6.6,Yes,Yes,Yes,Yes,7,5.0,73,1
S02107,7,18,Male,82,6.9,86,44,20,1,9,5,7.3,Yes,Yes,No,No,4,1.4,38,0
S02108,8,22,Male,57,4.32,63,100,22,0,5,2,9.0,Yes,Yes,No,No,4,5.1,25,1
S02109,5,19,Female,59,6.47,69,89,14,0,7,7,5.0,Yes,Yes,No,No,6,5.3,45,0
S02110,2,24,Male,69,5.66,80,56,9,0,3,5,5.7,Yes,Yes,Yes,No,6,5.8,33,1
S02111,3,21,Male,72,9.08,74,75,14,2,6,8,7.8,No,Yes,Yes,Yes,6,7.5,56,0
S02112,2,19,Female,86,5.68,76,62,10,2,2,5,7.6,Yes,No,Yes,No,1,5.8,28,0
S02113,5,20,Male,93,6.24,89,56,7,0,8,5,7.6,Yes,Yes,No,Yes,5,6.6,15,1
S02114,3,23,Male,76,5.52,90,76,20,1,4,6,5.8,No,Yes,Yes,No,10,2.2,16,0
S02115,1,23,Female,72,6.59,89,86,9,3,10,5,6.2,No,Yes,No,No,8,7.9,5,1
S02116,8,22,Male,79,8.28,86,64,5,1,5,7,5.8,Yes,Yes,No,No,8,4.1,30,0
S02117,2,18,Female,70,6.37,53,71,16,2,1,4,6.8,Yes,Yes,Yes,Yes,5,5.6,62,0
S02118,6,21,Female,84,6.35,82,65,21,1,7,4,6.0,Yes,Yes,No,No,4,1.6,49,0
S02119,4,18,Female,87,7.93,54,80,4,2,5,4,5.8,Yes,Yes,No,No,5,7.6,51,0
S02120,4,22,Female,83,8.21,65,95,23,0,7,3,7.7,Yes,Yes,Yes,Yes,6,3.9,35,0
S02121,7,24,Female,76,5.4,70,79,1,1,3,8,5.9,No,Yes,Yes,No,7,7.6,23,0
S02122,3,23,Female,73,6.17,64,77,16,1,4,10,7.3,Yes,No,Yes,Yes,7,5.6,41,0
S02123,6,23,Male,73,7.12,72,75,16,0,3,5,8.8,Yes,Yes,Yes,No,8,5.1,12,0
S02124,4,19,Female,83,6.8,83,72,11,2,1,6,7.5,No,Yes,Yes,No,5,8.3,37,0
S02125,4,22,Male,69,7.45,79,59,26,2,5,9,6.3,Yes,Yes,No,No,4,7.8,36,0
S02126,7,22,Female,71,8.24,52,80,17,2,2,2,5.5,Yes,Yes,Yes,No,1,8.2,59,1
S02127,8,22,Female,67,5.43,59,69,28,1,4,8,6.2,No,Yes,No,No,10,4.5,66,0
S02128,4,24,Male,96,7.39,67,93,23,1,4,5,6.3,Yes,Yes,Yes,Yes,5,4.9,29,0
S02129,2,18,Female,82,7.16,71,43,16,0,2,7,7.6,Yes,Yes,No,No,8,7.7,0,0
S02130,1,18,Male,78,5.3,85,70,25,1,3,8,5.4,Yes,Yes,No,Yes,2,5.9,6,0
S02131,1,23,Female,96,8.64,100,93,12,1,5,7,5.7,Yes,Yes,Yes,No,6,7.6,7,0
S02132,1,18,Female,84,5.86,82,91,15,1,3,5,7.0,Yes,Yes,No,Yes,5,2.7,6,0
S02133,7,24,Male,81,5.42,72,78,20,2,6,6,6.7,Yes,Yes,Yes,No,3,8.1,0,1
S02134,6,17,Male,70,6.56,67,78,2,2,6,5,6.6,Yes,Yes,Yes,Yes,6,4.4,52,1
S02135,2,23,Male,75,7.92,62,67,22,1,8,6,4.6,Yes,No,Yes,Yes,6,7.4,8,0
S02136,8,18,Male,77,6.69,81,68,18,1,6,4,6.1,Yes,Yes,Yes,No,5,6.0,20,0
S02137,2,24,Male,76,6.01,57,71,9,3,1,2,6.6,Yes,Yes,Yes,No,4,5.3,38,0
S02138,1,20,Male,60,5.68,67,82,10,1,5,5,7.4,Yes,Yes,Yes,No,7,1.0,11,0
S02139,5,21,Male,76,7.79,65,100,14,0,4,5,6.3,Yes,Yes,No,No,10,3.3,36,0
S02140,8,22,Male,76,6.52,78,76,17,1,7,6,6.1,Yes,Yes,No,No,6,3.8,37,0
S02141,1,20,Female,71,8.05,84,77,18,2,10,3,7.2,Yes,Yes,No,No,4,6.8,4,1
S02142,6,21,Female,75,8.08,82,53,12,2,3,4,7.2,No,Yes,No,No,7,8.2,45,0
S02143,1,23,Male,85,7.97,58,86,1,4,4,3,7.9,Yes,Yes,Yes,Yes,4,4.8,20,1
S02144,5,20,Male,71,6.86,95,83,29,1,10,3,7.6,No,Yes,Yes,No,8,7.6,30,0
S02145,4,17,Male,90,7.71,53,80,15,1,6,6,6.1,Yes,Yes,Yes,Yes,4,5.7,51,0
S02146,7,23,Female,77,6.17,64,85,19,2,2,5,6.6,No,Yes,No,No,7,5.4,31,0
S02147,1,20,Male,99,6.63,44,64,15,0,3,5,6.4,Yes,Yes,No,No,8,6.8,60,0
S02148,5,23,Female,66,8.61,67,60,13,0,3,7,8.0,No,Yes,Yes,No,6,4.8,17,0
S02149,7,21,Male,86,5.39,75,61,11,1,3,5,6.9,Yes,Yes,Yes,Yes,6,5.5,0,0
S02150,6,23,Male,98,6.05,73,75,12,0,3,5,5.5,Yes,Yes,No,No,3,4.1,71,0
S02151,5,18,Female,90,5.71,100,69,17,3,6,8,6.4,Yes,Yes,Yes,No,3,5.3,26,0
S02152,5,19,Female,86,8.92,93,63,10,0,4,9,6.3,Yes,Yes,No,No,4,5.9,63,0
S02153,6,19,Male,72,7.86,71,84,16,1,3,3,6.7,Yes,Yes,Yes,No,6,2.5,5,0
S02154,3,18,Female,86,6.58,89,90,14,0,4,8,6.5,Yes,No,No,No,6,5.3,37,0
S02155,7,18,Female,84,7.79,59,73,21,1,4,3,7.4,Yes,Yes,No,No,5,5.3,15,0
S02156,3,17,Female,67,7.92,72,60,20,3,8,5,6.8,Yes,No,Yes,No,5,5.5,25,0
S02157,7,21,Female,71,6.29,86,77,24,2,1,5,7.5,Yes,Yes,No,Yes,6,5.7,37,0
S02158,1,20,Male,66,8.02,68,97,14,0,6,7,8.2,Yes,Yes,Yes,Yes,8,2.4,0,0
S02159,4,19,Female,89,7.77,57,64,17,2,5,5,6.2,Yes,Yes,No,No,5,4.5,12,0
S02160,7,21,Female,100,7.37,80,100,20,2,4,7,6.1,Yes,Yes,Yes,No,4,4.8,15,0
S02161,4,24,Male,59,6.96,68,100,10,0,6,5,5.8,Yes,Yes,Yes,No,8,7.1,27,0
S02162,4,18,Female,61,7.9,99,54,22,0,4,6,7.8,Yes,Yes,Yes,Yes,6,7.1,69,0
S02163,7,18,Female,80,6.9,76,89,14,1,1,7,6.8,Yes,Yes,No,No,10,6.8,42,0
S02164,3,19,Male,75,7.97,76,77,18,0,5,4,8.3,Yes,Yes,Yes,No,5,1.3,4,0
S02165,3,18,Male,82,7.8,59,69,6,5,6,7,7.5,No,Yes,No,Yes,7,3.9,50,0
S02166,3,17,Male,87,7.53,82,61,4,0,7,3,6.8,Yes,Yes,No,No,7,4.4,26,0
S02167,4,20,Male,100,7.2,92,100,28,1,3,6,7.1,Yes,Yes,No,Yes,8,4.3,20,0
S02168,6,20,Male,70,6.61,60,52,1,1,4,2,6.6,Yes,Yes,Yes,No,5,5.5,20,1
S02169,6,19,Female,68,7.25,54,67,11,3,5,4,7.7,No,Yes,Yes,No,5,2.0,25,0
S02170,8,20,Female,67,7.02,70,100,21,0,4,6,7.0,Yes,Yes,Yes,Yes,7,5.3,44,0
S02171,4,17,Female,62,7.46,47,91,14,0,5,6,7.4,Yes,Yes,No,Yes,5,5.2,56,0
S02172,5,24,Male,79,7.14,77,73,16,2,4,4,7.0,No,Yes,No,No,4,7.7,2,0
S02173,6,24,Female,69,6.05,81,77,9,0,2,6,5.5,Yes,Yes,No,No,4,4.0,35,0
S02174,5,24,Male,85,7.21,58,90,2,0,5,7,6.1,Yes,Yes,No,No,5,4.9,55,0
S02175,5,23,Male,98,6.34,82,65,19,2,5,5,6.9,Yes,Yes,No,Yes,6,4.5,22,0
S02176,6,24,Male,80,6.46,89,94,10,2,5,3,7.5,Yes,Yes,No,No,4,4.8,29,0
S02177,6,17,Male,59,6.4,45,35,19,3,7,2,5.8,Yes,Yes,Yes,No,4,5.3,29,1
S02178,3,23,Female,48,8.18,72,67,24,3,3,1,5.7,Yes,Yes,No,No,2,6.4,50,1
S02179,4,21,Male,91,7.81,68,70,13,2,5,5,6.1,Yes,Yes,Yes,No,6,6.2,22,0
S02180,7,17,Female,80,7.95,63,100,8,1,4,5,5.7,No,Yes,No,No,5,10.3,40,0
S02181,3,17,Female,66,5.45,68,67,17,1,3,6,8.2,Yes,No,No,Yes,5,2.7,60,0
S02182,1,24,Female,64,7.91,61,84,8,0,4,8,6.8,Yes,No,Yes,No,8,1.3,39,0
S02183,1,23,Male,86,7.98,50,60,19,1,3,3,6.4,Yes,Yes,Yes,No,10,4.1,2,0
S02184,2,18,Male,96,8.86,63,67,4,0,8,5,7.5,Yes,No,No,No,3,4.9,31,0
S02185,7,18,Male,96,7.55,89,52,4,0,8,6,7.7,Yes,No,Yes,Yes,8,8.1,29,1
S02186,2,20,Female,88,6.75,75,100,21,0,2,3,7.4,Yes,Yes,Yes,No,7,7.7,15,0
S02187,5,24,Female,66,6.72,71,75,13,3,5,5,6.1,No,Yes,Yes,No,5,8.2,40,0
S02188,2,24,Male,88,8.8,58,68,12,2,6,1,5.9,Yes,Yes,No,No,5,1.5,64,0
S02189,5,23,Female,56,6.57,62,62,25,0,5,5,7.1,Yes,Yes,No,No,5,4.8,43,0
S02190,8,21,Male,78,5.93,34,100,15,0,6,4,7.2,Yes,Yes,Yes,Yes,5,8.6,12,1
S02191,5,24,Female,48,7.48,77,65,6,1,8,9,8.0,Yes,Yes,No,No,6,5.1,67,0
S02192,2,24,Female,62,5.47,79,100,16,1,2,6,6.8,Yes,Yes,Yes,No,3,6.0,54,0
S02193,6,18,Female,68,6.89,71,57,11,3,5,7,5.7,Yes,Yes,No,Yes,5,4.8,19,1
S02194,1,24,Male,89,7.07,88,95,8,0,2,6,8.1,Yes,Yes,Yes,No,1,4.1,31,0
S02195,2,19,Female,87,7.78,43,52,14,1,5,5,6.1,Yes,Yes,No,No,5,2.6,63,0
S02196,3,17,Female,71,7.05,58,72,14,1,5,1,7.3,Yes,Yes,No,No,8,4.1,3,0
S02197,7,24,Male,78,7.91,70,77,22,1,5,4,6.6,Yes,Yes,No,No,4,2.7,23,0
S02198,1,17,Female,79,7.26,64,69,12,1,4,3,8.1,No,Yes,No,No,6,4.4,28,0
S02199,5,18,Female,93,9.11,50,100,1,1,3,1,7.7,Yes,Yes,Yes,No,6,6.6,9,0
S02200,6,23,Female,69,6.35,63,63,14,1,4,3,7.3,Yes,Yes,Yes,Yes,4,7.4,64,0
S02201,5,19,Male,72,7.61,85,93,5,0,3,5,6.3,No,Yes,Yes,Yes,10,4.5,11,0
S02202,8,19,Female,79,7.91,83,87,21,0,2,8,6.4,Yes,Yes,Yes,No,7,7.5,55,0
S02203,1,23,Female,83,7.33,51,70,6,0,6,7,7.5,Yes,Yes,No,No,8,7.7,2,0
S02204,4,18,Male,80,7.62,77,53,16,0,8,7,7.1,Yes,Yes,Yes,No,1,9.1,27,0
S02205,6,21,Male,55,6.55,63,62,19,2,7,8,7.5,Yes,Yes,Yes,No,5,8.0,0,0
S02206,4,24,Female,61,7.57,73,68,12,1,5,2,6.4,Yes,Yes,Yes,No,9,4.4,32,0
S02207,8,19,Female,76,8.7,75,77,1,3,4,8,9.5,Yes,Yes,No,No,8,8.5,16,0
S02208,5,18,Male,96,5.29,80,73,18,3,6,5,9.0,Yes,No,No,No,6,7.3,10,0
S02209,5,18,Male,69,7.27,74,79,12,0,1,7,8.3,Yes,Yes,No,No,7,6.1,31,0
S02210,4,21,Male,59,7.86,57,97,17,1,6,4,6.0,Yes,Yes,Yes,No,4,7.6,27,0
S02211,5,23,Female,92,8.26,65,100,19,2,1,5,8.1,No,No,No,Yes,3,3.6,40,0
S02212,8,22,Male,87,6.23,55,87,8,2,6,5,7.2,No,Yes,No,No,5,1.0,41,0
S02213,2,20,Female,57,6.24,61,71,10,1,7,3,6.0,Yes,Yes,Yes,Yes,2,7.0,41,1
S02214,2,18,Female,80,8.03,89,61,23,2,7,7,6.8,Yes,No,Yes,Yes,4,5.8,49,0
S02215,2,23,Female,64,7.2,66,69,11,0,6,8,7.5,Yes,Yes,Yes,No,7,8.5,43,0
S02216,8,21,Male,83,7.89,100,86,8,0,3,4,6.3,Yes,Yes,Yes,No,5,8.5,11,0
S02217,8,24,Female,74,8.35,72,80,21,0,5,6,7.9,Yes,Yes,No,No,5,3.9,3,0
S02218,2,19,Male,69,5.4,63,62,13,0,5,3,7.9,Yes,Yes,No,No,2,9.0,42,1
S02219,2,19,Female,91,7.28,87,78,3,1,4,4,6.5,Yes,Yes,Yes,Yes,5,5.2,59,0
S02220,6,22,Male,70,6.68,52,52,12,2,4,7,7.7,No,Yes,Yes,No,9,5.9,32,0
S02221,3,20,Female,92,6.9,92,55,20,0,7,5,7.0,Yes,No,Yes,Yes,5,7.1,30,0
S02222,7,19,Male,67,7.47,84,100,11,3,4,5,6.4,Yes,Yes,No,No,1,2.6,35,0
S02223,1,17,Female,81,5.88,85,53,22,0,6,7,5.7,Yes,Yes,Yes,Yes,7,3.3,30,1
S02224,2,23,Male,74,6.38,87,89,9,0,1,1,6.0,Yes,No,Yes,No,5,5.2,21,0
S02225,2,20,Female,82,7.63,62,58,18,1,4,7,5.9,No,Yes,No,No,6,5.6,68,0
S02226,4,21,Female,92,6.19,100,93,17,0,5,5,7.1,No,Yes,No,Yes,5,5.0,0,0
S02227,8,17,Female,74,7.67,57,93,2,0,3,9,5.6,Yes,Yes,No,No,3,6.1,12,0
S02228,3,18,Female,62,7.27,71,69,36,0,3,10,5.3,Yes,Yes,Yes,No,2,6.1,14,0
S02229,2,24,Male,88,7.08,58,100,9,0,2,2,8.6,No,Yes,Yes,No,4,6.9,16,0
S02230,3,22,Male,94,6.94,71,71,15,0,8,7,7.6,Yes,Yes,No,Yes,8,8.1,1,0
S02231,4,21,Female,67,7.39,53,56,6,0,4,6,6.1,No,Yes,No,No,5,2.9,12,0
S02232,5,24,Female,78,7.52,78,97,11,0,5,7,5.9,Yes,Yes,Yes,No,2,8.6,39,0
S02233,7,24,Male,58,8.9,32,77,12,1,3,6,7.5,No,Yes,Yes,No,4,8.3,52,1
S02234,7,20,Male,71,7.02,69,82,20,0,4,2,7.6,Yes,Yes,Yes,No,6,6.4,13,0
S02235,8,22,Male,79,6.93,39,55,12,0,6,7,8.3,No,Yes,No,Yes,5,3.6,0,1
S02236,5,20,Male,60,6.9,48,89,9,1,5,7,8.1,Yes,Yes,Yes,No,2,3.0,26,0
S02237,1,23,Male,80,6.59,64,84,19,1,2,7,6.7,Yes,Yes,Yes,No,7,5.6,42,0
S02238,6,21,Female,69,8.34,74,66,13,1,7,5,4.9,Yes,Yes,No,No,5,5.8,47,0
S02239,2,23,Male,70,6.55,73,100,17,0,2,4,6.5,No,Yes,No,No,7,5.5,18,0
S02240,4,18,Male,82,7.55,73,81,18,0,6,9,6.1,Yes,Yes,Yes,Yes,5,3.5,13,0
S02241,8,20,Male,61,5.23,70,79,20,1,5,7,6.8,Yes,Yes,No,No,5,4.5,85,0
S02242,6,21,Female,77,8.06,89,71,14,0,4,4,5.7,Yes,Yes,Yes,Yes,4,3.3,38,0
S02243,7,24,Male,82,7.5,100,73,11,0,4,7,5.7,Yes,Yes,Yes,Yes,3,6.6,66,0
S02244,5,23,Female,72,6.51,49,59,10,3,6,5,5.5,Yes,Yes,Yes,No,4,5.1,44,1
S02245,4,19,Male,89,5.18,85,66,17,1,6,8,6.4,Yes,Yes,Yes,No,5,8.1,62,0
S02246,6,17,Female,70,5.9,60,98,12,1,3,9,4.4,Yes,Yes,No,No,4,3.1,77,0
S02247,6,21,Female,75,7.3,63,94,15,1,2,5,6.4,Yes,Yes,No,No,7,6.7,41,0
S02248,7,17,Male,82,9.32,66,57,13,0,8,10,7.0,Yes,Yes,No,No,3,4.1,42,0
S02249,6,21,Female,70,8.38,94,89,9,0,6,3,6.2,Yes,Yes,Yes,Yes,5,6.2,41,0
S02250,7,23,Male,82,7.15,73,41,19,1,5,6,4.7,Yes,Yes,Yes,No,2,1.2,49,0
S02251,8,17,Female,82,6.79,89,67,24,4,3,2,5.4,No,Yes,Yes,No,5,6.3,38,0
S02252,2,22,Male,97,7.17,86,73,13,0,4,6,5.9,Yes,Yes,No,No,6,4.5,38,0
S02253,8,19,Male,80,7.84,62,84,17,2,5,6,7.5,Yes,Yes,Yes,No,5,4.9,19,0
S02254,7,23,Male,54,7.4,51,100,1,1,9,6,7.5,No,Yes,No,No,3,5.8,44,1
S02255,3,22,Male,87,6.25,67,44,16,1,5,9,5.9,Yes,Yes,Yes,Yes,6,8.2,70,0
S02256,3,17,Female,80,7.66,50,73,2,0,4,6,5.4,Yes,Yes,Yes,No,5,5.5,58,0
S02257,5,19,Female,77,8.3,87,100,20,2,2,5,7.5,Yes,Yes,Yes,No,6,3.6,50,0
S02258,5,22,Female,77,7.07,68,73,1,1,7,7,8.7,Yes,Yes,No,No,5,4.2,62,0
S02259,1,17,Male,89,7.07,71,53,31,2,4,2,6.4,No,No,Yes,No,7,7.7,19,0
S02260,1,17,Female,91,5.6,44,55,10,0,7,9,7.1,Yes,Yes,Yes,No,7,7.9,54,1
S02261,3,20,Female,74,8.35,67,82,14,0,5,4,7.2,Yes,Yes,Yes,No,6,5.4,28,0
S02262,3,17,Male,59,9.83,51,69,5,0,9,5,6.6,No,Yes,No,No,8,4.3,0,1
S02263,3,18,Male,73,7.07,53,100,12,2,5,4,7.8,Yes,Yes,No,Yes,6,7.5,0,0
S02264,6,18,Male,82,7.71,56,66,12,2,6,5,6.8,Yes,Yes,No,No,10,4.5,10,0
S02265,6,17,Male,97,6.74,43,100,21,0,3,5,6.6,Yes,Yes,Yes,Yes,9,4.3,21,0
S02266,1,19,Male,87,5.18,59,75,26,2,2,2,8.0,Yes,Yes,No,No,5,7.9,18,0
S02267,2,19,Female,75,8.58,89,46,18,0,4,5,8.1,Yes,Yes,Yes,No,7,6.3,31,0
S02268,1,18,Male,100,7.51,51,77,8,3,5,5,7.6,Yes,Yes,No,No,4,1.0,62,0
S02269,6,23,Male,85,5.77,70,92,12,0,5,7,5.7,Yes,Yes,No,No,9,4.9,15,0
S02270,4,22,Female,78,6.73,72,53,13,2,5,4,5.3,No,Yes,Yes,Yes,6,5.5,25,1
S02271,5,23,Male,82,9.34,68,81,23,2,5,7,8.7,Yes,Yes,No,No,3,3.7,33,0
S02272,8,24,Male,86,6.38,91,57,18,2,7,7,7.8,Yes,Yes,Yes,No,3,5.0,29,0
S02273,6,19,Male,92,7.03,88,58,17,2,6,4,6.9,Yes,No,Yes,No,5,4.1,13,0
S02274,6,19,Male,73,7.21,67,100,21,1,7,7,4.3,No,Yes,Yes,No,7,6.5,31,0
S02275,6,24,Female,86,4.86,88,92,14,2,6,8,7.6,No,Yes,Yes,No,3,2.4,45,1
S02276,6,20,Female,74,7.89,53,69,8,0,7,10,8.8,Yes,Yes,No,Yes,6,7.0,40,0
S02277,7,24,Male,91,7.37,83,54,6,0,3,6,6.9,Yes,Yes,Yes,No,7,7.4,33,0
S02278,3,24,Female,77,7.32,70,65,1,1,1,7,7.0,Yes,Yes,Yes,No,7,4.9,61,0
S02279,1,18,Female,86,8.52,68,67,16,0,8,6,6.8,Yes,Yes,Yes,Yes,6,6.9,23,0
S02280,2,17,Female,72,7.25,30,83,22,2,8,9,5.4,Yes,Yes,Yes,No,7,6.4,9,1
S02281,1,21,Female,59,5.98,76,85,16,2,5,6,7.4,Yes,Yes,Yes,Yes,5,6.2,33,1
S02282,5,20,Female,76,7.06,77,75,10,1,6,7,5.4,Yes,Yes,No,No,6,1.0,58,0
S02283,5,21,Male,86,7.0,56,73,19,4,6,7,7.1,Yes,Yes,Yes,No,7,7.1,46,0
S02284,3,17,Female,63,4.97,77,86,8,5,4,7,7.1,Yes,Yes,No,Yes,6,4.7,26,1
S02285,1,23,Male,59,8.13,82,35,17,0,6,10,8.6,Yes,Yes,No,Yes,8,6.9,16,0
S02286,1,17,Female,75,4.96,57,43,9,2,2,3,5.8,Yes,Yes,No,No,7,3.4,87,1
S02287,5,20,Male,81,7.6,83,100,19,0,6,5,5.9,Yes,Yes,Yes,Yes,1,7.1,40,0
S02288,3,23,Male,75,7.79,91,51,13,1,1,4,6.3,Yes,Yes,No,Yes,5,3.6,44,0
S02289,3,17,Female,74,8.89,45,63,20,1,5,6,7.9,Yes,Yes,Yes,Yes,5,2.3,31,0
S02290,8,19,Male,95,6.7,69,100,11,0,2,8,7.8,Yes,Yes,Yes,No,5,3.6,64,0
S02291,1,20,Female,99,6.57,82,60,7,2,4,3,5.9,Yes,Yes,Yes,No,7,5.0,29,1
S02292,1,18,Male,62,7.08,73,100,23,2,8,5,8.3,No,Yes,No,Yes,3,6.8,34,1
S02293,4,18,Male,87,4.01,75,86,20,2,5,4,7.5,Yes,Yes,No,Yes,9,3.1,25,0
S02294,1,22,Male,92,7.94,81,85,15,0,8,2,6.8,Yes,Yes,No,Yes,7,8.6,31,0
S02295,4,22,Male,86,6.5,67,57,20,2,8,4,7.3,No,Yes,No,No,6,5.1,36,1
S02296,6,19,Female,74,6.34,44,74,1,0,1,5,6.6,No,Yes,Yes,No,3,6.5,40,1
S02297,3,19,Female,100,8.5,78,64,17,2,3,6,6.0,Yes,No,No,No,6,6.6,15,0
S02298,8,19,Female,100,6.26,47,77,7,2,6,4,4.0,Yes,Yes,No,Yes,4,5.3,27,1
S02299,7,23,Male,60,8.04,99,64,17,2,6,9,6.8,Yes,Yes,No,No,6,1.0,24,0
S02300,7,18,Male,95,6.39,72,63,8,0,1,6,6.6,Yes,Yes,Yes,No,5,4.2,38,0
S02301,2,22,Female,85,8.41,85,100,20,0,2,4,4.6,Yes,Yes,No,Yes,4,3.0,50,0
S02302,6,21,Female,53,6.51,74,42,19,0,3,5,6.6,Yes,Yes,Yes,No,5,3.3,33,0
S02303,3,17,Female,76,5.42,74,53,17,2,2,9,7.5,Yes,Yes,Yes,Yes,6,10.7,48,1
S02304,4,17,Male,81,7.11,100,45,22,1,6,5,6.6,No,No,Yes,No,7,3.9,19,0
S02305,1,19,Female,64,7.7,60,87,12,0,5,10,5.4,Yes,No,No,No,4,5.7,7,0
S02306,3,17,Female,81,9.59,84,94,15,1,5,4,5.7,Yes,Yes,Yes,Yes,4,6.4,19,0
S02307,5,22,Female,84,7.14,75,59,5,3,4,6,6.2,Yes,Yes,Yes,No,3,3.8,36,0
S02308,7,18,Male,86,7.33,81,36,10,3,5,7,8.5,Yes,Yes,No,No,6,7.5,53,0
S02309,2,22,Male,82,7.1,90,87,2,0,1,5,7.3,Yes,Yes,Yes,Yes,3,3.3,30,0
S02310,5,24,Female,81,6.45,79,80,9,1,5,8,6.1,Yes,Yes,Yes,Yes,6,7.6,85,0
S02311,7,24,Male,90,6.39,60,100,10,1,4,9,6.5,Yes,Yes,Yes,Yes,6,4.3,2,0
S02312,3,21,Male,93,6.01,68,69,1,3,2,9,6.3,Yes,Yes,No,Yes,8,7.6,12,0
S02313,4,19,Female,71,7.77,63,69,21,3,7,1,7.7,No,Yes,No,No,3,7.3,0,1
S02314,8,24,Female,94,6.31,84,72,23,2,3,4,6.9,Yes,Yes,No,No,5,10.1,46,0
S02315,6,17,Male,61,8.58,69,51,19,0,5,4,5.6,Yes,Yes,Yes,No,6,6.6,19,0
S02316,3,23,Male,87,6.47,60,60,6,0,4,8,6.4,Yes,Yes,Yes,No,6,5.2,18,0
S02317,2,23,Female,86,6.7,99,72,31,1,5,2,6.4,Yes,Yes,Yes,No,4,1.6,11,0
S02318,5,20,Female,73,7.04,87,99,16,0,4,5,5.9,Yes,Yes,Yes,Yes,8,3.6,41,0
S02319,2,24,Male,81,6.15,93,93,18,2,1,2,5.0,No,Yes,Yes,Yes,10,2.9,5,1
S02320,4,22,Male,85,8.41,89,47,28,1,5,6,5.0,Yes,Yes,No,No,7,8.6,10,0
S02321,8,17,Female,72,6.32,88,80,11,0,5,5,6.0,Yes,Yes,Yes,No,9,7.3,61,0
S02322,7,23,Female,84,5.5,88,77,9,3,2,6,5.5,Yes,Yes,Yes,No,8,5.4,27,0
S02323,2,23,Female,80,4.91,58,74,16,0,3,8,6.8,Yes,Yes,Yes,No,5,4.0,28,0
S02324,4,19,Male,68,7.69,64,100,5,0,8,6,7.6,Yes,Yes,Yes,No,5,2.4,32,0
S02325,1,19,Female,69,7.82,62,100,1,0,5,3,7.2,Yes,Yes,No,Yes,4,6.3,52,0
S02326,3,22,Female,88,7.31,40,87,19,2,7,5,7.6,Yes,Yes,No,No,5,4.1,20,0
S02327,6,24,Male,80,6.13,82,68,30,1,6,5,5.3,Yes,Yes,Yes,No,4,6.8,66,0
S02328,3,18,Male,66,7.3,60,50,15,2,6,2,7.5,Yes,Yes,No,Yes,5,2.6,47,1
S02329,7,20,Female,81,8.23,46,72,18,3,5,6,6.8,Yes,Yes,Yes,No,7,4.2,22,0
S02330,2,23,Female,93,5.15,60,91,14,0,5,10,5.4,Yes,No,Yes,No,8,5.3,62,0
S02331,5,17,Female,68,6.61,73,75,13,1,2,8,6.4,No,No,Yes,No,5,3.8,18,0
S02332,2,24,Male,72,7.55,85,61,17,0,2,6,6.0,Yes,Yes,Yes,No,6,5.6,39,0
S02333,3,21,Female,72,6.23,66,76,29,0,6,4,7.1,Yes,Yes,No,No,5,2.6,49,0
S02334,3,24,Female,93,6.47,80,84,21,3,6,5,5.4,Yes,Yes,No,Yes,6,3.0,57,0
S02335,7,21,Female,87,5.81,89,73,13,1,5,8,5.5,Yes,Yes,Yes,No,9,4.9,0,0
S02336,4,18,Male,71,7.86,80,66,21,0,2,9,6.0,Yes,No,Yes,Yes,6,8.3,23,0
S02337,2,18,Male,100,8.5,66,65,15,0,5,7,8.5,Yes,Yes,No,Yes,5,4.9,33,0
S02338,1,19,Male,69,8.71,59,97,19,1,3,10,6.6,No,No,No,No,7,1.6,53,0
S02339,3,21,Female,91,6.79,73,59,22,0,6,5,7.8,No,Yes,No,No,7,3.0,73,0
S02340,8,19,Female,92,6.92,52,43,15,1,3,6,6.6,No,Yes,Yes,No,6,5.4,44,0
S02341,4,21,Female,69,5.97,56,100,17,1,7,8,5.8,Yes,Yes,Yes,No,5,2.2,67,0
S02342,1,22,Male,85,5.62,91,98,12,0,4,7,7.0,Yes,Yes,No,No,7,3.3,49,0
S02343,2,17,Male,82,5.9,76,58,1,3,8,7,7.0,Yes,Yes,Yes,No,5,4.1,50,1
S02344,1,23,Male,78,6.95,35,93,15,2,1,4,8.7,Yes,Yes,No,No,4,11.7,33,1
S02345,2,23,Male,68,6.39,69,76,24,0,4,8,5.5,No,Yes,No,Yes,4,1.8,24,0
S02346,6,23,Male,95,5.77,100,100,1,0,4,6,5.3,No,Yes,Yes,No,8,7.4,43,0
S02347,3,21,Male,85,6.61,47,46,12,1,5,7,6.8,Yes,Yes,Yes,Yes,6,6.7,36,0
S02348,4,22,Male,64,6.88,60,60,9,3,2,6,5.7,No,Yes,No,No,4,6.3,39,1
S02349,7,17,Male,80,5.75,50,45,1,1,7,2,6.7,Yes,Yes,No,No,6,6.3,34,1
S02350,4,22,Male,88,8.27,70,66,21,0,4,6,7.9,Yes,Yes,Yes,No,6,6.8,40,0
S02351,8,22,Female,92,7.4,59,90,13,1,5,5,7.8,Yes,Yes,Yes,No,3,5.4,54,0
S02352,6,17,Female,82,8.08,69,68,15,1,2,8,9.2,Yes,Yes,No,No,1,4.7,43,0
S02353,5,21,Male,81,6.8,46,69,9,1,7,5,7.2,Yes,Yes,Yes,No,5,6.9,26,0
S02354,4,17,Male,91,4.81,70,81,10,0,9,4,8.2,Yes,Yes,No,No,5,5.8,11,0
S02355,5,23,Male,82,7.92,63,64,21,1,5,8,7.1,Yes,Yes,No,No,7,6.5,57,0
S02356,1,19,Male,75,6.95,77,66,10,1,8,3,6.0,Yes,Yes,Yes,No,3,6.3,31,0
S02357,1,22,Male,84,8.05,79,52,19,2,3,4,7.2,Yes,Yes,No,No,7,6.9,46,0
S02358,4,19,Male,74,6.97,68,76,9,0,5,9,6.0,No,Yes,No,Yes,3,3.3,47,0
S02359,8,21,Male,79,6.35,79,72,20,0,4,6,6.1,No,Yes,No,No,7,5.5,1,0
S02360,2,21,Female,62,7.42,68,60,14,3,5,6,6.8,Yes,Yes,Yes,No,5,4.9,44,0
S02361,4,18,Male,83,7.09,73,79,6,2,4,2,7.2,No,Yes,Yes,No,7,3.0,20,0
S02362,7,20,Female,79,7.54,65,100,2,0,6,5,5.8,Yes,Yes,Yes,No,9,8.7,14,0
S02363,2,19,Male,79,6.83,65,100,10,0,4,8,5.9,Yes,Yes,Yes,Yes,4,4.3,71,0
S02364,4,21,Female,73,7.26,87,64,20,0,3,3,6.0,Yes,Yes,No,No,7,7.2,46,0
S02365,4,18,Male,81,6.29,47,100,9,4,4,3,7.8,Yes,No,No,No,7,3.8,65,0
S02366,4,20,Female,69,6.39,71,87,11,2,6,5,5.6,Yes,Yes,No,No,4,4.7,38,1
S02367,4,20,Female,70,7.19,45,56,17,1,5,6,7.8,Yes,No,Yes,No,6,3.3,48,0
S02368,6,18,Male,88,7.45,74,37,6,2,9,5,6.3,No,Yes,Yes,Yes,8,2.6,19,1
S02369,2,18,Female,84,7.49,76,58,17,1,4,6,7.1,No,Yes,No,No,4,5.2,20,0
S02370,5,23,Male,84,6.89,72,85,19,0,2,4,7.4,Yes,No,Yes,Yes,5,3.9,41,0
S02371,4,20,Female,79,6.8,96,100,15,3,1,3,7.6,Yes,Yes,Yes,No,7,4.0,39,0
S02372,5,21,Male,80,6.25,78,62,23,0,2,5,7.4,No,Yes,Yes,No,3,6.8,32,0
S02373,5,20,Female,75,5.17,64,54,21,0,4,5,5.6,Yes,Yes,No,No,7,2.3,47,0
S02374,5,23,Female,69,7.23,30,81,17,3,1,3,6.3,Yes,Yes,No,Yes,7,5.9,50,1
S02375,4,18,Male,78,6.93,79,77,13,0,5,5,5.2,Yes,No,No,No,8,4.2,47,0
S02376,3,19,Male,95,7.02,63,60,6,1,2,5,7.6,Yes,Yes,No,No,7,9.7,36,0
S02377,7,22,Female,92,8.2,68,54,10,0,4,3,6.2,Yes,Yes,No,No,6,4.9,50,0
S02378,4,22,Female,63,7.66,66,65,14,0,9,7,6.3,Yes,Yes,No,No,4,4.5,36,0
S02379,8,21,Female,78,8.4,75,35,14,1,3,5,7.3,No,Yes,Yes,No,4,5.4,15,0
S02380,4,17,Male,82,8.66,68,69,29,2,6,2,6.9,No,Yes,Yes,No,5,3.3,56,0
S02381,7,20,Female,83,7.33,60,72,13,3,1,1,5.2,No,No,Yes,Yes,5,6.0,68,0
S02382,2,23,Male,78,5.05,45,95,13,0,3,6,6.6,No,Yes,Yes,No,3,4.4,36,0
S02383,3,18,Female,80,5.5,70,42,7,1,2,6,5.9,Yes,No,No,Yes,4,1.3,63,1
S02384,1,18,Female,70,6.11,71,81,19,1,4,6,7.5,Yes,Yes,No,No,6,9.0,35,0
S02385,4,21,Female,86,8.82,53,68,14,2,1,10,7.7,Yes,Yes,Yes,No,6,6.9,34,0
S02386,1,21,Female,50,7.32,82,78,5,1,9,4,4.3,No,Yes,Yes,No,8,5.7,0,1
S02387,5,21,Female,88,4.99,70,75,24,0,5,4,6.0,Yes,Yes,Yes,No,1,6.5,16,0
S02388,2,23,Female,74,8.65,80,75,15,1,6,8,6.4,Yes,Yes,No,No,4,3.8,15,0
S02389,2,20,Male,69,6.01,80,56,19,1,2,5,8.0,No,Yes,No,Yes,4,6.1,55,1
S02390,6,23,Female,90,6.17,57,64,7,3,8,3,6.7,Yes,Yes,No,No,6,11.2,46,1
S02391,1,23,Male,85,7.35,78,96,8,0,8,1,6.7,Yes,Yes,Yes,No,5,4.9,21,0
S02392,4,20,Male,85,6.88,59,100,25,2,4,4,5.4,No,Yes,No,No,7,6.0,35,0
S02393,7,21,Male,81,6.91,58,100,10,1,5,5,9.4,Yes,Yes,No,No,5,7.1,56,0
S02394,5,18,Female,76,5.75,74,71,11,0,7,4,7.3,Yes,Yes,Yes,No,6,5.8,41,0
S02395,1,19,Male,77,7.43,63,67,15,1,5,5,6.8,No,Yes,Yes,No,4,6.0,51,0
S02396,6,21,Female,68,6.46,77,65,1,3,8,4,6.5,Yes,Yes,No,No,6,7.9,39,1
S02397,6,24,Male,80,7.98,73,96,5,3,5,6,7.1,Yes,Yes,Yes,No,10,5.1,25,0
S02398,3,18,Female,94,6.45,61,71,8,2,7,3,7.5,No,No,Yes,Yes,6,5.0,46,1
S02399,8,21,Female,73,6.63,81,68,9,1,6,7,7.3,Yes,Yes,Yes,No,3,5.4,20,0
S02400,5,21,Female,95,7.97,84,71,16,2,4,6,7.1,Yes,Yes,Yes,No,5,7.8,38,0
S02401,5,18,Male,78,7.17,64,87,13,2,2,4,7.6,Yes,Yes,Yes,No,4,8.5,46,0
S02402,8,22,Female,72,8.8,63,80,12,1,1,9,7.4,No,Yes,Yes,No,4,7.5,53,0
S02403,6,22,Female,69,8.03,76,63,23,0,6,6,6.9,Yes,No,No,No,5,3.6,34,0
S02404,2,17,Male,87,7.77,54,80,11,1,8,6,7.8,Yes,No,Yes,Yes,7,9.2,23,0
S02405,6,20,Female,80,6.65,59,84,1,0,1,6,7.3,Yes,Yes,Yes,No,8,6.6,35,0
S02406,3,22,Female,91,7.28,53,87,16,2,5,2,8.0,Yes,Yes,No,Yes,6,6.3,46,0
S02407,4,23,Male,80,8.17,40,48,22,1,4,4,7.0,Yes,Yes,Yes,No,6,3.8,33,0
S02408,3,17,Male,80,6.21,63,87,6,1,2,2,6.3,No,Yes,No,No,9,6.1,50,0
S02409,7,19,Female,88,7.06,58,71,1,3,2,2,6.6,Yes,Yes,Yes,No,9,7.3,2,0
S02410,6,20,Female,75,7.1,30,67,5,3,2,7,7.1,Yes,No,No,Yes,9,3.9,29,0
S02411,3,24,Male,84,6.92,73,80,17,2,6,7,6.0,Yes,Yes,No,No,3,5.8,72,0
S02412,7,22,Female,86,8.84,62,40,18,1,5,7,7.7,Yes,Yes,No,Yes,3,3.1,21,0
S02413,8,21,Female,92,8.61,58,41,27,2,6,5,6.7,Yes,Yes,Yes,No,3,3.8,43,0
S02414,3,17,Male,72,5.52,69,100,5,2,5,2,8.8,Yes,Yes,Yes,Yes,4,5.8,85,1
S02415,2,18,Female,84,5.92,66,58,16,1,6,3,6.5,Yes,Yes,Yes,No,5,6.7,25,1
S02416,4,23,Male,65,6.36,73,47,18,1,8,6,6.2,Yes,Yes,Yes,No,8,5.0,66,0
S02417,8,18,Male,66,7.01,66,71,25,2,5,4,8.0,No,Yes,No,No,9,4.8,27,0
S02418,7,23,Male,79,6.87,60,84,14,2,5,6,8.3,Yes,Yes,No,No,5,4.4,40,0
S02419,4,20,Male,62,6.36,100,87,15,0,8,7,6.0,Yes,Yes,Yes,No,4,6.6,62,0
S02420,8,19,Male,80,8.64,70,57,4,1,2,6,6.9,Yes,Yes,Yes,No,3,5.2,51,0
S02421,7,22,Male,49,7.71,85,74,16,1,1,6,4.7,Yes,Yes,Yes,No,8,4.7,31,0
S02422,6,24,Female,76,7.06,58,60,10,1,4,7,8.1,No,No,No,No,2,8.5,33,0
S02423,5,21,Female,94,7.0,45,68,18,0,5,7,6.9,Yes,Yes,No,No,6,7.2,47,0
S02424,3,24,Female,68,8.23,40,80,14,0,7,8,7.6,Yes,Yes,Yes,No,5,7.3,15,0
S02425,8,23,Male,93,4.17,70,62,5,1,5,6,5.3,Yes,Yes,Yes,No,5,6.9,71,0
S02426,5,24,Female,64,8.11,84,91,27,0,6,8,7.7,No,Yes,No,No,7,3.2,47,0
S02427,7,21,Male,73,6.87,48,85,6,4,2,5,5.8,No,Yes,Yes,Yes,6,6.1,29,1
S02428,1,23,Male,73,6.36,67,64,5,0,6,5,5.8,Yes,Yes,No,No,2,5.7,53,1
S02429,4,18,Female,100,8.01,82,65,26,1,2,4,3.7,Yes,Yes,No,Yes,9,3.5,18,0
S02430,3,21,Female,83,6.74,61,86,13,1,3,7,7.0,Yes,Yes,Yes,No,6,6.5,36,0
S02431,7,17,Male,82,7.15,66,77,13,1,6,4,7.3,Yes,Yes,No,No,4,8.6,52,0
S02432,4,23,Male,88,6.19,51,58,14,1,1,7,5.6,Yes,No,Yes,Yes,9,5.9,55,0
S02433,8,17,Male,77,8.89,63,71,13,1,3,5,6.7,Yes,Yes,No,No,5,5.5,80,0
S02434,1,18,Male,64,8.95,87,78,10,0,5,6,5.9,Yes,Yes,No,Yes,6,2.2,33,0
S02435,6,24,Female,99,6.27,63,100,9,2,5,7,7.0,Yes,Yes,Yes,No,6,12.0,51,0
S02436,5,18,Female,64,6.28,62,100,11,2,8,4,6.6,Yes,Yes,Yes,No,4,9.1,43,1
S02437,4,20,Male,94,7.2,78,100,8,1,5,4,8.1,No,Yes,No,No,6,3.6,29,0
S02438,6,20,Female,72,7.66,50,62,19,1,6,6,7.3,Yes,Yes,Yes,No,5,6.4,21,0
S02439,1,18,Male,89,7.44,53,83,9,1,5,1,6.1,Yes,Yes,No,No,7,8.4,35,0
S02440,1,23,Male,68,5.67,49,81,14,0,7,3,6.2,Yes,No,No,No,5,4.8,32,1
S02441,7,18,Male,79,7.11,77,84,24,0,8,1,7.0,Yes,Yes,Yes,No,5,8.4,33,0
S02442,6,24,Male,80,5.04,70,69,16,1,4,4,7.0,Yes,Yes,Yes,No,6,4.1,0,0
S02443,2,19,Female,73,8.26,84,100,7,1,5,4,7.2,No,Yes,Yes,Yes,8,7.0,45,0
S02444,2,19,Female,97,7.23,56,96,19,0,4,3,5.5,Yes,Yes,Yes,Yes,8,5.8,45,0
S02445,5,20,Male,90,9.2,76,85,24,1,6,4,7.1,No,Yes,No,No,4,4.3,59,0
S02446,7,20,Female,67,6.54,67,89,13,0,5,4,8.5,Yes,Yes,Yes,Yes,7,5.0,47,0
S02447,8,18,Female,62,7.18,65,86,13,1,5,5,7.3,Yes,Yes,No,No,5,7.5,57,0
S02448,6,17,Male,86,7.51,62,72,18,3,5,2,5.7,No,Yes,No,Yes,6,6.2,26,0
S02449,7,20,Female,89,5.88,85,63,17,2,4,8,5.5,Yes,Yes,Yes,No,5,1.1,27,0
S02450,8,19,Female,68,7.13,59,89,1,2,3,4,6.5,No,Yes,Yes,No,4,6.8,0,1
S02451,1,24,Female,86,7.28,53,100,10,1,5,4,7.5,Yes,No,Yes,No,6,8.5,50,0
S02452,8,22,Male,100,6.23,60,87,16,0,1,8,6.0,Yes,Yes,No,No,3,3.3,10,0
S02453,7,22,Female,77,9.29,63,78,7,1,8,6,5.1,Yes,Yes,Yes,No,8,5.4,43,0
S02454,8,20,Female,82,7.78,51,100,14,2,5,6,8.2,Yes,Yes,No,Yes,4,7.7,10,0
S02455,6,24,Female,72,5.9,52,48,22,0,7,7,7.7,Yes,Yes,Yes,Yes,3,4.5,3,1
S02456,6,20,Male,84,8.42,83,68,11,2,5,6,7.3,Yes,Yes,Yes,Yes,5,8.6,1,0
S02457,1,24,Male,84,9.59,89,62,13,2,5,6,7.7,No,Yes,Yes,No,4,4.7,49,0
S02458,2,23,Female,65,8.0,82,79,4,2,4,5,5.7,Yes,Yes,No,No,6,6.5,44,0
S02459,1,21,Male,91,6.33,97,100,19,0,3,4,7.4,Yes,Yes,No,Yes,5,6.4,21,0
S02460,2,22,Female,52,5.9,86,69,23,0,5,4,8.1,Yes,Yes,No,No,1,7.5,55,1
S02461,8,17,Female,98,5.87,66,95,19,0,4,4,7.6,Yes,Yes,No,No,5,1.9,6,0
S02462,7,21,Female,79,7.88,62,80,15,0,2,6,6.9,Yes,Yes,Yes,No,7,4.1,43,0
S02463,2,20,Male,93,6.56,60,90,11,0,6,7,4.2,No,Yes,No,No,4,6.6,30,0
S02464,5,23,Male,80,7.32,65,57,10,4,5,7,6.4,Yes,Yes,Yes,No,4,2.0,31,0
S02465,8,21,Female,66,6.58,69,59,10,0,6,9,6.2,Yes,Yes,Yes,No,2,6.7,47,0
S02466,2,17,Female,100,8.15,81,71,5,0,6,7,6.8,Yes,Yes,Yes,Yes,2,6.5,25,0
S02467,3,18,Male,92,4.22,39,53,1,1,5,6,7.5,Yes,Yes,No,No,6,5.6,46,1
S02468,4,17,Female,81,7.05,90,81,18,0,5,6,7.9,No,Yes,No,No,3,6.0,25,0
S02469,8,18,Female,64,6.53,48,35,18,1,3,6,5.0,Yes,No,Yes,Yes,1,8.2,23,1
S02470,1,20,Male,82,9.17,89,87,14,0,5,5,6.7,Yes,Yes,No,No,4,5.2,54,0
S02471,4,22,Male,93,7.89,54,88,19,0,4,6,7.7,Yes,Yes,Yes,No,7,6.2,21,0
S02472,7,23,Female,91,5.54,100,73,21,2,1,6,6.1,No,Yes,No,No,8,6.9,22,0
S02473,7,24,Male,83,6.68,68,87,14,0,3,5,7.5,No,No,Yes,No,5,4.5,31,0
S02474,7,24,Male,79,5.82,57,49,14,1,3,9,6.4,Yes,Yes,Yes,No,4,5.1,28,0
S02475,1,23,Female,67,8.37,78,81,19,2,4,2,5.2,Yes,Yes,Yes,Yes,8,5.4,31,0
S02476,8,18,Male,65,8.52,59,62,14,2,6,10,5.7,Yes,No,Yes,No,2,4.5,12,0
S02477,4,22,Female,73,6.38,38,63,20,1,8,4,5.9,Yes,Yes,Yes,No,5,7.6,73,1
S02478,3,19,Female,81,7.46,79,88,18,2,3,7,6.7,Yes,Yes,No,No,3,3.3,18,0
S02479,6,22,Male,78,7.62,51,47,28,4,2,4,5.8,No,Yes,Yes,No,9,5.5,27,0
S02480,7,21,Male,74,7.82,87,86,1,2,4,6,8.0,Yes,Yes,Yes,No,5,6.6,36,0
S02481,7,21,Female,55,7.39,91,85,6,2,5,7,7.0,Yes,Yes,Yes,Yes,6,6.8,14,1
S02482,5,22,Female,68,6.83,73,36,21,2,4,7,7.0,Yes,Yes,Yes,No,8,2.4,75,0
S02483,2,22,Male,80,7.81,85,72,12,2,3,2,6.7,Yes,Yes,Yes,No,6,2.0,22,0
S02484,8,23,Male,83,7.26,77,63,20,0,2,10,6.7,Yes,Yes,No,Yes,3,7.5,63,0
S02485,5,24,Male,69,7.53,86,95,7,2,4,6,7.3,Yes,Yes,No,No,6,5.6,51,0
S02486,1,21,Female,78,5.45,64,72,3,2,4,6,6.4,No,Yes,No,No,4,3.9,42,1
S02487,8,21,Male,61,8.36,51,58,13,1,4,2,6.6,Yes,No,Yes,No,7,9.2,44,1
S02488,8,20,Male,93,9.54,100,58,24,0,2,6,6.6,Yes,Yes,No,No,6,4.4,17,0
S02489,2,21,Female,82,5.92,46,100,14,0,7,5,5.1,Yes,No,Yes,No,5,5.6,0,1
S02490,6,18,Male,60,5.48,84,54,27,4,4,8,7.7,No,Yes,Yes,Yes,5,7.9,16,1
S02491,1,18,Female,49,6.76,67,94,8,1,4,8,7.0,Yes,Yes,No,No,6,8.6,34,0
S02492,1,17,Female,78,6.37,86,77,7,3,5,4,6.8,No,Yes,Yes,Yes,4,2.7,21,1
S02493,4,18,Male,89,9.5,85,85,1,1,4,5,7.5,Yes,Yes,Yes,No,4,8.2,39,0
S02494,8,19,Male,68,8.33,62,57,18,1,8,8,7.6,Yes,Yes,Yes,Yes,6,1.3,50,0
S02495,1,20,Female,74,6.48,79,87,15,1,3,5,6.6,Yes,Yes,Yes,No,3,6.3,22,0
S02496,8,24,Male,51,7.08,82,35,13,0,4,5,7.3,Yes,Yes,No,No,8,6.6,3,0
S02497,3,18,Female,78,7.93,81,79,28,0,4,6,7.3,Yes,Yes,No,Yes,7,5.2,23,0
S02498,2,21,Male,85,7.92,63,74,9,3,5,6,5.2,Yes,Yes,No,No,7,5.5,40,0
S02499,8,24,Male,88,6.66,83,76,18,1,1,9,8.3,Yes,Yes,Yes,No,1,7.6,21,0
S02500,5,20,Female,91,6.73,74,71,8,3,3,6,6.5,Yes,Yes,No,No,8,6.1,61,0
S02501,2,21,Male,67,6.11,85,91,22,2,6,3,8.5,No,Yes,Yes,No,5,2.7,7,1
S02502,1,20,Female,59,6.96,70,65,4,1,4,7,6.0,Yes,Yes,Yes,No,4,3.7,33,0
S02503,5,20,Female,56,6.56,46,100,11,2,4,10,6.4,No,Yes,No,Yes,5,6.8,8,1
S02504,8,21,Female,66,8.32,100,85,21,1,5,6,7.8,No,No,Yes,No,3,10.8,13,0
S02505,8,22,Female,78,7.59,86,76,26,1,4,9,5.9,Yes,Yes,No,No,2,7.0,34,0
S02506,1,21,Male,91,6.93,72,56,23,1,4,3,6.1,Yes,Yes,No,Yes,6,6.6,13,0
S02507,7,24,Male,73,5.89,96,82,12,1,5,7,4.7,Yes,Yes,Yes,No,5,10.2,28,0
S02508,6,20,Male,61,7.06,68,79,22,0,6,7,7.0,Yes,Yes,Yes,No,3,7.0,85,0
S02509,1,22,Male,82,8.25,84,53,5,2,6,6,7.3,Yes,Yes,No,No,7,3.2,86,0
S02510,7,18,Female,88,8.4,73,81,10,0,5,5,6.9,Yes,Yes,No,No,6,4.5,27,0
S02511,8,20,Male,72,7.55,69,75,13,0,4,6,7.5,No,Yes,Yes,No,4,3.8,46,0
S02512,7,19,Male,82,7.39,73,80,20,2,4,5,8.8,Yes,Yes,Yes,Yes,2,8.9,40,0
S02513,5,24,Male,87,8.1,55,89,3,2,3,5,5.8,No,Yes,Yes,No,4,4.9,20,1
S02514,1,17,Male,87,7.8,77,55,10,0,4,4,6.8,Yes,Yes,No,Yes,1,6.5,37,0
S02515,3,19,Male,81,9.31,44,74,6,0,3,6,6.4,Yes,No,No,Yes,5,5.0,10,0
S02516,5,21,Female,70,8.06,71,81,8,1,4,5,6.0,Yes,Yes,Yes,Yes,7,4.7,45,0
S02517,1,20,Male,80,6.97,84,100,10,2,3,5,4.8,Yes,Yes,No,No,5,6.4,44,0
S02518,8,18,Male,72,6.48,79,53,17,1,7,4,7.9,Yes,No,No,No,3,4.5,53,0
S02519,5,18,Male,57,6.42,77,35,7,2,4,3,6.6,No,Yes,Yes,Yes,9,7.7,34,1
S02520,5,22,Male,93,6.34,84,49,27,0,4,5,5.9,Yes,Yes,Yes,No,2,3.4,10,0
S02521,4,23,Female,94,7.05,36,94,19,0,1,7,7.0,Yes,Yes,Yes,No,4,3.8,6,0
S02522,1,22,Male,81,8.84,64,78,28,2,4,3,6.5,No,Yes,No,Yes,6,1.9,36,0
S02523,8,18,Male,72,8.02,79,55,8,1,3,6,5.7,Yes,Yes,Yes,No,8,5.5,70,0
S02524,3,20,Male,94,6.99,81,72,1,2,4,4,5.8,Yes,Yes,Yes,Yes,5,3.9,83,1
S02525,5,20,Male,77,7.2,63,96,19,3,6,6,6.3,Yes,Yes,Yes,No,5,7.2,63,0
S02526,6,24,Female,71,6.5,66,100,1,2,5,6,7.6,Yes,Yes,Yes,Yes,7,7.4,36,0
S02527,7,17,Male,99,9.22,62,50,16,2,7,8,7.5,Yes,Yes,Yes,No,8,5.8,27,0
S02528,5,21,Female,75,6.8,68,77,1,0,3,4,6.6,Yes,Yes,No,No,5,4.3,47,0
S02529,1,20,Male,78,6.71,58,63,3,2,3,7,8.2,No,Yes,No,No,6,7.0,36,0
S02530,5,24,Female,80,6.96,100,85,1,4,3,8,7.8,Yes,Yes,Yes,No,5,5.3,24,0
S02531,3,21,Female,97,7.21,38,98,12,2,6,7,6.3,No,Yes,Yes,No,7,7.2,13,0
S02532,3,18,Female,90,6.36,47,54,8,1,2,6,7.5,Yes,Yes,No,No,6,4.4,44,0
S02533,6,24,Female,89,6.73,66,72,12,0,6,8,7.1,Yes,Yes,No,No,7,7.9,58,0
S02534,8,23,Female,100,6.85,83,89,19,2,7,6,6.2,Yes,Yes,Yes,No,7,4.4,61,0
S02535,4,17,Female,85,5.19,47,39,12,0,5,4,6.1,No,Yes,No,Yes,4,5.2,24,1
S02536,3,19,Female,70,5.99,48,66,26,3,5,4,6.7,Yes,Yes,No,No,5,5.1,50,1
S02537,1,20,Male,84,7.85,91,83,12,2,4,6,8.0,Yes,Yes,No,Yes,7,6.9,42,0
S02538,6,22,Female,87,7.42,84,74,9,2,5,6,5.8,Yes,Yes,No,No,7,4.6,33,0
S02539,3,18,Female,96,8.1,77,100,8,2,7,5,7.0,Yes,Yes,Yes,Yes,7,4.0,54,0
S02540,3,17,Female,98,6.65,79,77,17,3,5,4,5.3,No,Yes,No,No,9,3.7,24,0
S02541,2,20,Male,74,8.17,63,100,13,0,3,4,7.4,Yes,Yes,Yes,No,7,6.5,1,0
S02542,7,18,Male,67,5.7,61,78,32,1,9,7,6.9,Yes,Yes,Yes,No,6,5.0,21,0
S02543,7,19,Female,72,5.77,69,84,9,2,7,6,5.5,Yes,Yes,No,No,6,7.2,28,1
S02544,4,23,Male,77,6.05,55,71,17,0,7,5,7.2,Yes,Yes,Yes,No,4,6.5,64,0
S02545,2,19,Male,64,8.15,43,47,27,1,2,1,6.1,Yes,Yes,No,No,2,3.6,59,1
S02546,4,19,Male,77,6.96,63,79,18,0,6,8,5.2,Yes,Yes,No,Yes,5,10.5,43,0
S02547,3,18,Male,74,7.25,44,77,5,1,1,7,7.6,Yes,Yes,No,No,5,3.0,73,0
S02548,7,19,Male,73,6.52,44,100,6,0,2,5,6.8,Yes,Yes,Yes,No,7,3.1,51,0
S02549,3,23,Female,80,8.34,94,58,23,0,5,5,6.1,Yes,Yes,No,No,4,4.8,34,0
S02550,5,22,Male,95,6.49,54,77,9,1,5,8,6.2,No,Yes,Yes,Yes,6,2.7,22,0
S02551,4,20,Female,71,7.18,76,100,14,0,4,6,7.6,Yes,Yes,Yes,Yes,6,5.1,15,0
S02552,8,19,Male,89,7.03,81,55,15,0,8,10,5.4,Yes,Yes,No,No,3,4.3,38,0
S02553,5,22,Female,100,6.3,70,78,17,2,2,4,6.7,No,Yes,No,Yes,9,7.2,48,0
S02554,3,17,Female,53,7.75,71,86,19,0,4,2,5.9,No,Yes,Yes,No,6,5.2,42,0
S02555,7,22,Male,68,8.33,74,75,21,0,4,6,5.7,Yes,Yes,No,Yes,6,6.1,55,0
S02556,5,18,Female,74,4.57,65,66,3,0,6,2,7.5,Yes,Yes,No,No,6,8.7,10,1
S02557,5,22,Male,93,7.48,65,97,14,2,5,5,6.9,No,Yes,No,No,6,4.7,13,0
S02558,2,21,Male,86,7.07,68,95,12,0,3,5,5.5,No,Yes,No,No,5,4.6,46,0
S02559,4,21,Male,66,7.74,44,52,13,2,7,5,6.6,Yes,Yes,No,No,4,5.9,41,1
S02560,2,24,Male,68,7.69,70,78,16,4,6,3,5.1,Yes,Yes,Yes,No,5,8.0,46,0
S02561,6,19,Male,85,7.24,65,68,15,1,6,2,7.4,No,Yes,No,No,6,7.2,19,0
S02562,1,23,Female,93,7.91,53,84,17,0,3,4,6.5,Yes,Yes,No,No,2,6.4,13,0
S02563,8,20,Male,55,6.26,90,69,30,2,6,8,7.7,Yes,Yes,No,No,5,3.5,60,0
S02564,3,23,Male,65,6.41,75,100,20,1,10,4,6.7,Yes,Yes,Yes,No,7,7.2,32,0
S02565,3,24,Male,64,6.38,68,75,8,1,2,4,6.5,Yes,Yes,Yes,No,5,5.9,0,0
S02566,7,20,Male,86,6.51,63,81,20,0,6,6,4.8,Yes,Yes,Yes,No,6,6.4,34,0
S02567,7,18,Male,76,6.3,71,51,7,1,6,6,5.8,Yes,Yes,Yes,No,1,3.5,19,1
S02568,8,22,Male,78,7.5,71,100,21,2,3,6,6.5,Yes,Yes,Yes,No,5,8.5,39,0
S02569,2,24,Male,58,8.96,87,61,19,1,4,7,6.6,Yes,Yes,No,No,1,3.1,33,0
S02570,6,20,Male,74,7.14,81,68,16,2,4,8,6.3,No,Yes,No,No,6,5.7,9,0
S02571,3,21,Female,72,7.43,57,95,19,1,3,5,8.8,Yes,Yes,No,No,3,6.9,44,0
S02572,8,20,Female,49,5.88,57,100,10,1,6,7,6.9,Yes,Yes,Yes,No,5,4.5,30,0
S02573,8,23,Female,91,6.21,83,86,14,2,5,8,6.9,Yes,Yes,Yes,No,6,6.9,17,0
S02574,8,17,Female,81,6.06,56,59,13,4,6,4,7.3,Yes,Yes,Yes,No,5,3.8,42,0
S02575,5,24,Female,84,5.88,87,85,7,1,6,4,5.6,Yes,Yes,Yes,No,3,2.5,53,1
S02576,1,19,Female,76,6.96,52,84,21,3,3,5,8.4,Yes,Yes,Yes,No,6,5.1,52,0
S02577,6,24,Female,76,8.12,55,49,16,0,2,7,8.5,No,Yes,No,No,6,8.0,54,0
S02578,1,24,Female,79,6.35,44,93,1,1,5,3,7.7,Yes,Yes,No,Yes,4,8.1,28,1
S02579,2,22,Female,94,8.26,87,67,13,3,4,6,7.8,Yes,Yes,Yes,No,7,7.7,12,0
S02580,8,17,Female,70,5.86,51,98,16,2,6,10,7.4,Yes,Yes,No,Yes,4,6.2,32,1
S02581,1,21,Male,79,7.08,66,85,20,0,7,6,7.3,Yes,Yes,Yes,No,5,3.4,37,0
S02582,5,21,Male,80,5.67,87,64,27,0,3,5,6.9,No,Yes,No,No,7,4.1,18,0
S02583,1,24,Male,65,8.01,64,100,9,2,5,5,5.1,Yes,Yes,No,Yes,6,4.9,58,0
S02584,6,20,Male,81,5.9,77,89,13,3,5,3,6.7,Yes,Yes,Yes,No,5,6.0,2,0
S02585,1,23,Female,98,6.85,74,63,1,3,5,8,7.8,No,Yes,Yes,No,4,5.4,64,0
S02586,7,23,Female,66,6.25,95,72,17,1,5,5,6.3,Yes,Yes,Yes,No,6,5.5,35,0
S02587,8,19,Male,78,6.42,50,35,1,2,2,6,6.2,Yes,Yes,No,No,5,6.9,28,0
S02588,4,19,Male,72,7.12,67,83,12,1,4,2,7.0,Yes,Yes,Yes,No,8,6.9,0,0
S02589,4,23,Male,69,8.22,74,63,22,2,5,7,8.1,No,Yes,Yes,Yes,9,7.0,47,0
S02590,5,21,Male,70,6.99,71,49,9,2,6,5,8.5,Yes,No,No,Yes,3,7.2,6,1
S02591,5,23,Male,76,6.23,38,84,5,0,4,5,7.3,Yes,Yes,No,No,5,2.8,63,0
S02592,8,18,Male,84,7.43,36,75,15,1,2,3,6.7,No,No,No,No,8,8.4,35,0
S02593,7,19,Female,80,7.89,82,98,17,3,3,6,7.4,Yes,Yes,No,No,7,7.4,20,0
S02594,6,24,Male,83,7.59,67,78,11,2,1,6,6.2,Yes,Yes,No,No,6,4.4,62,0
S02595,1,19,Female,86,7.8,67,78,11,1,4,7,7.3,Yes,Yes,No,No,2,4.7,58,0
S02596,5,18,Male,83,5.72,63,81,33,0,5,7,7.2,Yes,Yes,No,No,5,6.0,67,0
S02597,7,19,Male,77,6.43,44,72,4,2,1,4,9.3,Yes,Yes,No,No,8,5.4,26,1
S02598,8,17,Female,64,7.45,32,88,20,1,5,7,8.4,Yes,Yes,No,No,4,4.4,1,0
S02599,6,21,Male,59,6.53,68,78,24,1,3,6,6.5,Yes,Yes,Yes,No,10,4.1,37,0
S02600,1,24,Male,92,6.48,94,86,12,1,4,5,8.6,Yes,Yes,Yes,No,8,6.7,7,0
S02601,7,23,Female,90,8.43,69,80,16,0,5,8,6.2,Yes,Yes,No,No,6,8.3,48,0
S02602,1,23,Female,77,5.6,64,77,15,2,2,5,8.2,Yes,Yes,No,No,4,3.2,61,0
S02603,6,18,Male,75,7.07,58,58,27,0,8,5,8.8,Yes,Yes,No,No,6,8.0,39,0
S02604,1,17,Male,90,8.96,61,42,25,4,6,3,7.7,Yes,Yes,Yes,Yes,7,1.9,23,1
S02605,8,18,Female,86,7.23,74,89,4,0,3,6,6.7,Yes,Yes,No,No,6,4.9,55,0
S02606,7,24,Male,86,5.99,88,76,7,0,6,7,5.3,Yes,Yes,Yes,No,8,3.6,53,0
S02607,6,18,Male,80,5.52,66,62,19,1,5,8,8.0,Yes,Yes,Yes,Yes,9,4.3,32,0
S02608,1,22,Female,65,8.37,33,100,17,1,8,7,6.9,No,No,No,No,8,3.3,0,0
S02609,4,18,Female,60,7.09,71,78,23,0,6,5,7.4,Yes,Yes,No,No,5,4.1,45,0
S02610,5,17,Female,63,7.4,76,89,29,0,4,6,6.3,Yes,Yes,Yes,Yes,5,5.6,41,0
S02611,1,20,Male,78,4.51,86,84,21,3,5,7,8.2,No,Yes,Yes,No,5,5.2,15,0
S02612,1,24,Female,82,8.18,72,100,16,2,4,4,8.1,Yes,Yes,No,Yes,8,6.8,52,0
S02613,1,21,Female,72,9.19,86,71,13,0,4,8,6.0,Yes,Yes,No,No,3,3.4,9,0
S02614,2,18,Female,60,8.28,75,75,16,1,1,2,5.9,No,Yes,No,Yes,4,7.7,10,1
S02615,5,22,Female,81,4.97,76,69,17,0,6,4,5.5,Yes,Yes,No,No,5,8.3,0,0
S02616,3,23,Male,90,8.96,66,69,13,0,1,8,9.5,Yes,Yes,Yes,No,5,5.9,25,0
S02617,7,24,Male,93,7.18,62,77,3,1,1,5,6.7,No,Yes,No,Yes,8,4.8,55,0
S02618,8,19,Female,92,6.62,79,100,14,0,7,5,8.3,Yes,Yes,Yes,No,10,7.3,30,0
S02619,3,24,Male,84,6.18,65,83,21,2,2,3,7.1,Yes,Yes,Yes,No,6,3.5,33,0
S02620,3,18,Female,88,6.12,53,54,24,2,5,3,7.0,Yes,No,No,No,3,5.7,17,1
S02621,5,20,Female,92,6.57,55,64,14,3,5,4,7.1,No,Yes,No,Yes,6,3.7,56,0
S02622,6,20,Male,88,6.86,53,60,20,2,2,4,6.2,No,Yes,Yes,No,8,6.9,38,0
S02623,8,19,Male,91,7.85,51,85,13,3,4,6,7.9,Yes,Yes,No,Yes,4,4.6,47,0
S02624,7,18,Female,61,5.87,56,85,15,0,4,6,6.1,Yes,Yes,Yes,No,7,2.8,37,0
S02625,7,23,Female,81,6.53,65,74,27,0,6,5,6.8,Yes,Yes,Yes,No,6,6.6,22,0
S02626,8,19,Male,84,6.28,77,74,15,1,3,6,7.7,Yes,Yes,No,Yes,7,3.1,35,0
S02627,8,24,Female,75,9.44,51,79,35,3,5,5,6.2,Yes,Yes,Yes,Yes,4,3.5,44,0
S02628,2,18,Female,75,5.16,78,60,15,1,5,4,5.4,Yes,Yes,No,No,7,7.6,19,0
S02629,3,19,Female,79,6.59,72,40,15,1,6,6,7.1,Yes,Yes,Yes,No,3,7.0,17,0
S02630,4,20,Female,85,7.6,85,79,12,1,7,9,5.2,No,Yes,Yes,No,5,4.5,37,0
S02631,2,17,Male,76,7.99,57,100,23,1,4,3,4.6,No,Yes,No,No,4,1.0,11,0
S02632,5,21,Male,77,8.59,60,83,11,0,3,9,6.4,Yes,Yes,No,No,5,6.3,45,0
S02633,5,19,Male,67,7.24,77,86,30,2,5,5,7.1,Yes,Yes,Yes,No,5,5.1,19,0
S02634,8,24,Male,62,9.35,81,52,15,0,3,7,5.8,Yes,Yes,Yes,No,8,3.1,22,0
S02635,3,19,Male,65,7.07,80,87,4,1,5,5,5.0,Yes,Yes,No,No,7,5.0,0,0
S02636,4,20,Male,92,8.03,61,80,8,1,4,3,6.2,Yes,Yes,Yes,No,9,4.5,20,0
S02637,1,22,Female,85,7.28,70,100,17,0,2,5,9.4,No,Yes,No,No,8,6.4,32,0
S02638,5,21,Male,79,7.51,98,87,23,2,3,6,8.3,Yes,Yes,Yes,No,6,7.0,56,0
S02639,5,19,Male,88,6.91,61,63,18,1,9,5,7.6,Yes,Yes,No,No,6,2.0,40,0
S02640,8,20,Female,74,7.56,67,63,22,1,7,10,5.9,Yes,Yes,Yes,No,8,5.1,28,0
S02641,3,17,Male,85,8.8,65,59,18,1,2,5,7.5,No,Yes,Yes,No,7,7.0,32,0
S02642,2,19,Male,100,7.09,74,86,10,3,4,8,6.2,Yes,Yes,No,No,6,2.1,27,0
S02643,2,18,Male,77,7.28,59,82,12,0,3,5,7.9,Yes,Yes,No,Yes,4,5.8,6,0
S02644,8,22,Male,93,8.31,69,66,17,2,3,8,4.5,Yes,Yes,Yes,No,5,5.7,24,0
S02645,4,21,Male,94,8.75,73,52,12,0,5,7,6.4,Yes,Yes,Yes,Yes,5,5.7,38,0
S02646,2,22,Female,100,7.89,71,61,21,2,7,9,7.1,No,Yes,Yes,No,3,5.3,25,0
S02647,2,24,Female,75,7.6,78,85,16,0,8,9,5.6,Yes,Yes,No,No,9,3.4,16,0
S02648,7,22,Female,87,8.64,70,71,13,2,1,7,7.0,No,Yes,No,No,4,9.0,32,0
S02649,1,18,Female,73,8.31,83,91,13,2,3,5,6.4,No,Yes,Yes,Yes,3,5.1,16,0
S02650,6,19,Male,75,7.79,67,100,10,1,5,5,7.4,No,Yes,Yes,Yes,6,4.6,17,0
S02651,6,23,Female,71,7.67,85,94,22,0,1,7,7.1,Yes,Yes,No,No,9,7.1,79,0
S02652,6,24,Female,75,6.96,42,81,7,1,5,6,6.0,Yes,Yes,Yes,No,4,2.1,3,0
S02653,5,17,Female,76,6.47,90,69,22,1,6,10,6.7,Yes,Yes,No,No,1,4.6,29,0
S02654,1,23,Female,69,5.96,68,71,16,0,7,8,7.1,Yes,Yes,No,Yes,6,3.8,20,0
S02655,1,22,Male,70,8.02,78,55,19,0,6,7,7.0,Yes,Yes,Yes,No,6,3.8,44,0
S02656,1,20,Female,100,8.35,57,69,9,1,5,4,6.4,Yes,Yes,Yes,No,7,6.8,56,0
S02657,5,23,Male,85,7.95,60,85,2,0,8,5,7.1,Yes,Yes,No,No,7,4.9,36,0
S02658,5,22,Female,88,6.39,72,55,12,2,4,3,6.1,No,Yes,Yes,Yes,4,8.0,46,1
S02659,8,23,Male,66,5.5,87,65,5,0,2,5,7.5,Yes,Yes,No,No,4,7.4,5,1
S02660,3,21,Female,88,7.34,84,91,25,2,4,3,7.4,Yes,Yes,Yes,No,5,4.9,32,0
S02661,4,21,Female,100,9.22,90,100,21,0,6,5,5.9,Yes,Yes,No,Yes,3,4.2,13,0
S02662,8,22,Female,95,7.11,85,91,21,0,8,4,7.1,Yes,Yes,No,No,4,6.3,20,0
S02663,7,21,Female,64,6.49,62,78,25,1,6,6,4.7,Yes,No,No,No,3,9.0,61,1
S02664,4,23,Male,59,6.95,70,61,1,1,8,4,7.9,No,Yes,No,No,5,7.0,33,1
S02665,8,21,Female,100,10.0,70,100,18,2,4,9,7.9,Yes,Yes,Yes,Yes,7,7.4,15,0
S02666,3,23,Female,70,4.93,70,68,11,1,3,4,4.2,Yes,Yes,Yes,No,3,5.4,0,0
S02667,7,23,Female,75,5.69,49,89,20,1,4,3,6.4,No,No,No,No,1,5.8,21,1
S02668,6,18,Male,98,6.33,73,79,22,0,5,7,6.4,Yes,Yes,Yes,No,1,3.6,72,0
S02669,7,19,Female,81,10.0,77,61,9,0,2,9,7.5,Yes,Yes,No,No,5,7.2,27,0
S02670,4,18,Female,81,10.0,76,40,1,1,2,2,9.3,Yes,Yes,No,No,4,5.7,28,0
S02671,1,18,Female,82,6.62,56,54,4,1,2,3,7.7,Yes,Yes,Yes,No,7,10.0,12,1
S02672,7,18,Male,76,8.42,76,75,19,2,7,5,7.9,Yes,Yes,No,No,4,6.6,35,0
S02673,5,20,Female,68,8.41,80,77,12,3,2,6,6.5,Yes,Yes,No,Yes,4,3.5,0,0
S02674,2,22,Male,96,8.59,82,62,17,2,3,6,6.0,Yes,No,No,Yes,3,4.2,48,0
S02675,7,18,Female,86,6.52,69,72,17,1,4,5,6.3,Yes,Yes,Yes,Yes,4,9.0,44,0
S02676,4,21,Female,86,7.43,53,93,16,0,7,6,5.6,Yes,Yes,Yes,Yes,5,6.1,13,0
S02677,4,23,Female,92,8.47,75,68,15,0,5,4,5.6,No,Yes,Yes,No,3,6.2,19,0
S02678,5,22,Male,80,8.53,61,77,9,3,6,5,5.0,Yes,Yes,Yes,No,7,6.1,15,0
S02679,2,17,Female,72,8.82,63,50,14,0,5,5,5.9,Yes,Yes,Yes,Yes,7,3.8,0,0
S02680,2,23,Male,55,6.47,66,97,10,0,7,10,8.0,Yes,Yes,Yes,Yes,5,4.8,28,0
S02681,8,18,Female,79,7.83,55,89,8,2,4,5,7.0,Yes,Yes,Yes,No,2,2.2,25,0
S02682,1,23,Male,81,7.99,64,65,14,0,2,9,7.4,Yes,Yes,Yes,No,3,4.2,21,0
S02683,8,19,Male,76,8.03,52,50,15,0,2,7,6.0,Yes,Yes,Yes,No,4,5.0,0,0
S02684,7,17,Male,88,9.38,64,65,15,0,8,6,6.1,Yes,No,No,No,1,3.8,48,0
S02685,6,20,Female,87,7.18,42,70,10,2,4,7,5.2,Yes,Yes,Yes,No,6,5.4,45,0
S02686,3,18,Male,82,8.38,94,70,15,0,6,8,5.9,No,Yes,No,No,7,8.9,31,0
S02687,7,22,Female,78,6.09,51,77,10,1,3,7,6.2,Yes,Yes,No,Yes,7,6.9,60,0
S02688,8,17,Female,81,7.17,62,75,18,2,4,5,6.5,Yes,Yes,No,No,4,5.8,13,0
S02689,6,18,Female,99,6.36,51,83,17,2,9,4,7.8,Yes,Yes,Yes,No,5,2.9,30,0
S02690,6,20,Female,58,7.24,30,69,15,3,5,4,9.1,Yes,Yes,No,No,6,5.7,30,1
S02691,3,21,Male,80,7.19,72,55,21,1,2,7,6.7,No,Yes,Yes,No,5,4.5,45,0
S02692,4,23,Male,83,5.05,61,60,17,0,8,7,7.7,Yes,Yes,Yes,Yes,6,5.3,8,0
S02693,2,22,Male,72,5.57,62,84,19,0,10,5,7.7,Yes,Yes,No,No,5,5.3,14,0
S02694,5,20,Female,89,6.59,76,38,1,2,1,2,6.5,Yes,Yes,Yes,Yes,6,6.5,20,1
S02695,2,21,Male,76,7.87,76,88,12,1,6,5,5.6,Yes,Yes,No,Yes,3,5.2,30,0
S02696,2,24,Female,81,6.34,70,100,30,4,4,6,6.2,Yes,Yes,Yes,No,4,9.1,50,0
S02697,6,21,Female,87,8.17,82,68,19,1,5,5,7.3,Yes,Yes,Yes,No,7,3.7,22,0
S02698,4,20,Female,68,6.26,79,69,26,5,2,8,7.9,No,Yes,Yes,No,6,6.4,26,0
S02699,1,20,Female,65,5.78,51,69,12,0,7,6,6.2,No,Yes,No,No,9,5.2,49,0
S02700,8,17,Female,79,6.45,62,100,20,0,3,1,6.1,No,Yes,Yes,Yes,2,2.7,24,0
S02701,7,23,Male,70,7.37,68,47,29,1,3,7,8.6,No,Yes,No,No,3,6.9,35,0
S02702,3,20,Female,82,7.0,86,78,34,2,2,7,7.1,Yes,No,Yes,No,5,7.2,56,0
S02703,8,24,Female,70,6.6,80,75,22,2,5,1,7.0,Yes,No,Yes,No,6,6.5,67,0
S02704,3,21,Female,90,7.76,76,64,23,1,3,7,7.6,No,Yes,Yes,No,6,4.6,32,0
S02705,4,21,Male,94,8.5,62,83,15,0,4,8,8.2,Yes,Yes,No,No,4,4.3,33,0
S02706,5,24,Female,90,7.2,59,100,25,0,2,5,5.3,Yes,Yes,Yes,No,6,6.9,39,0
S02707,2,21,Male,83,6.88,86,61,1,0,1,7,6.6,Yes,Yes,No,No,6,5.5,69,0
S02708,8,20,Male,78,7.29,81,71,11,1,3,2,5.3,Yes,Yes,Yes,No,6,7.6,67,0
S02709,6,17,Male,88,8.73,79,48,18,0,6,4,5.9,Yes,Yes,No,No,5,3.1,70,0
S02710,6,22,Male,94,7.73,56,76,24,0,4,7,6.2,Yes,Yes,No,No,7,6.3,26,0
S02711,4,22,Female,73,7.66,47,91,6,4,5,5,6.2,No,Yes,No,No,8,5.8,57,1
S02712,4,22,Female,72,6.13,73,90,16,0,3,2,7.6,Yes,Yes,Yes,No,6,5.0,50,0
S02713,2,17,Female,68,8.81,68,68,6,1,2,6,6.8,Yes,Yes,Yes,Yes,3,4.6,28,0
S02714,5,20,Male,91,7.16,79,56,6,2,5,3,7.2,Yes,Yes,Yes,No,1,6.0,37,1
S02715,2,22,Male,74,7.83,48,52,11,0,1,7,7.4,Yes,Yes,No,Yes,1,11.0,43,1
S02716,1,24,Female,88,7.85,49,100,15,0,6,5,7.7,No,Yes,No,Yes,5,6.6,31,0
S02717,5,22,Male,100,6.61,86,95,17,0,6,6,6.7,No,Yes,Yes,No,2,4.5,63,0
S02718,7,20,Male,79,7.8,66,77,11,2,3,6,5.9,Yes,Yes,Yes,Yes,4,6.6,38,0
S02719,5,24,Male,85,6.79,86,77,18,0,6,5,8.0,Yes,No,No,No,6,6.3,16,0
S02720,7,22,Male,82,7.94,62,63,15,2,3,4,4.4,Yes,Yes,Yes,No,6,5.9,50,0
S02721,4,21,Female,62,9.83,83,65,14,0,3,6,7.4,No,Yes,No,No,4,5.8,33,0
S02722,3,17,Female,86,8.01,70,48,7,0,5,10,6.4,Yes,Yes,No,Yes,7,6.1,52,0
S02723,2,19,Male,73,7.44,65,68,10,3,10,5,4.9,Yes,Yes,Yes,No,7,4.5,0,0
S02724,1,21,Female,81,7.65,71,82,11,1,2,5,8.8,No,Yes,Yes,No,7,5.8,35,0
S02725,8,17,Female,100,8.28,95,100,5,1,4,3,6.0,No,Yes,No,No,5,6.2,18,0
S02726,4,20,Female,85,7.68,57,73,29,0,6,3,6.3,Yes,Yes,No,No,3,5.6,54,0
S02727,2,21,Male,82,7.19,96,55,14,0,3,5,7.4,No,Yes,Yes,No,3,2.9,13,0
S02728,2,18,Female,81,6.16,78,78,12,0,5,6,7.6,Yes,No,Yes,No,9,5.9,54,0
S02729,7,20,Female,86,6.68,73,67,14,4,5,10,6.6,Yes,Yes,Yes,No,8,3.0,29,0
S02730,8,22,Male,65,8.14,64,54,9,0,2,8,7.1,Yes,Yes,No,No,7,6.5,48,0
S02731,4,21,Male,58,9.05,39,92,13,1,7,6,8.8,Yes,Yes,No,Yes,4,7.6,19,1
S02732,5,21,Male,100,7.76,60,79,13,0,7,5,7.6,Yes,Yes,Yes,No,8,2.3,27,0
S02733,7,21,Female,72,8.22,88,65,20,2,2,4,6.8,Yes,Yes,No,No,5,6.8,44,0
S02734,4,17,Male,98,7.96,74,75,6,2,5,8,6.7,No,Yes,Yes,No,10,7.6,52,0
S02735,5,22,Female,89,6.4,30,54,25,1,3,4,6.5,Yes,Yes,No,No,3,8.6,1,1
S02736,8,23,Female,73,6.72,64,65,7,0,3,3,5.2,Yes,No,No,No,7,8.8,37,1
S02737,1,24,Female,83,7.75,76,97,1,2,7,5,7.1,No,Yes,No,Yes,7,4.2,76,1
S02738,7,18,Female,97,6.76,82,70,1,0,9,1,5.7,Yes,Yes,No,Yes,2,2.6,75,1
S02739,3,17,Female,61,7.85,79,81,9,0,3,5,7.0,Yes,Yes,Yes,Yes,3,4.8,44,0
S02740,7,17,Male,96,5.64,48,71,14,1,6,6,5.9,Yes,Yes,Yes,Yes,7,2.4,17,1
S02741,3,21,Male,62,8.34,82,99,17,0,6,7,6.1,Yes,Yes,Yes,No,10,8.3,33,0
S02742,6,24,Male,87,7.03,74,57,14,2,4,8,6.7,Yes,Yes,Yes,No,8,5.2,17,0
S02743,6,20,Female,79,7.04,71,88,1,0,2,7,6.0,No,Yes,No,Yes,5,3.2,46,0
S02744,5,23,Female,60,7.22,67,53,12,0,3,5,7.5,Yes,Yes,Yes,No,6,6.0,16,0
S02745,4,21,Male,84,6.32,84,85,22,4,3,10,8.7,Yes,Yes,No,No,6,7.4,13,0
S02746,4,20,Female,73,8.79,75,78,9,3,4,4,8.0,No,Yes,No,No,5,6.8,46,0
S02747,8,20,Male,76,5.9,75,83,12,0,3,6,7.5,Yes,Yes,No,Yes,3,8.4,26,0
S02748,3,21,Male,84,7.74,68,35,23,1,5,5,7.1,Yes,Yes,No,Yes,7,3.6,37,0
S02749,4,18,Female,69,6.52,95,41,20,3,6,5,7.1,Yes,Yes,No,Yes,10,4.5,47,1
S02750,4,18,Female,77,5.9,81,58,8,2,2,3,5.1,Yes,Yes,Yes,No,4,8.4,60,1
S02751,2,22,Female,80,5.26,71,89,7,1,4,2,8.1,Yes,Yes,Yes,No,3,8.0,19,1
S02752,3,19,Female,88,7.38,59,38,1,1,6,5,6.9,Yes,Yes,Yes,Yes,5,7.2,61,0
S02753,6,24,Male,92,6.05,86,100,8,4,4,7,6.7,Yes,Yes,Yes,Yes,7,6.7,61,0
S02754,5,22,Female,86,6.04,41,88,10,0,4,3,5.0,No,Yes,Yes,No,6,4.1,17,0
S02755,1,18,Male,98,6.22,97,71,16,1,9,5,7.8,Yes,Yes,No,No,5,6.6,28,0
S02756,3,18,Female,83,6.2,61,73,21,2,7,5,7.3,Yes,Yes,No,Yes,7,2.6,55,0
S02757,4,19,Male,74,7.2,85,81,15,1,5,6,7.8,Yes,Yes,Yes,No,10,1.8,38,0
S02758,1,24,Female,86,5.4,80,76,15,3,2,6,5.5,Yes,Yes,Yes,No,7,6.6,43,0
S02759,7,24,Male,95,7.32,75,68,18,0,4,8,7.1,Yes,Yes,Yes,Yes,9,6.5,29,0
S02760,4,21,Male,81,7.26,71,76,4,1,6,5,6.8,Yes,Yes,No,Yes,7,2.0,57,0
S02761,6,20,Male,87,9.65,85,81,1,0,2,6,7.2,No,Yes,No,No,7,9.2,15,0
S02762,1,23,Female,93,6.67,69,72,12,0,3,3,7.7,Yes,Yes,Yes,Yes,5,6.8,61,0
S02763,3,20,Male,80,6.12,68,89,15,3,8,7,6.1,No,Yes,Yes,Yes,5,9.0,19,1
S02764,7,20,Male,67,6.68,95,72,10,3,3,3,7.1,Yes,Yes,No,Yes,3,5.6,57,1
S02765,4,23,Male,79,7.72,59,53,3,0,5,9,8.8,Yes,Yes,No,No,6,5.1,66,0
S02766,2,20,Male,90,7.12,53,69,21,0,6,6,9.5,Yes,Yes,No,No,7,6.9,46,0
S02767,3,23,Female,77,7.89,66,69,5,3,4,5,7.4,Yes,Yes,Yes,No,7,4.0,23,0
S02768,3,20,Female,89,8.5,52,42,16,0,6,5,7.2,Yes,Yes,No,No,7,8.2,51,0
S02769,5,20,Male,77,8.73,55,79,15,0,3,4,6.0,Yes,Yes,Yes,Yes,8,1.7,25,0
S02770,6,18,Female,91,9.37,67,77,12,0,5,4,7.7,No,Yes,No,No,3,7.7,24,0
S02771,1,17,Male,87,7.43,75,40,17,2,3,2,8.7,No,Yes,Yes,No,6,10.0,0,1
S02772,3,19,Female,89,7.99,73,89,10,0,3,8,6.9,Yes,Yes,No,No,6,1.7,72,0
S02773,5,20,Female,81,7.9,59,100,12,2,2,1,5.9,Yes,Yes,Yes,Yes,5,1.7,0,0
S02774,7,19,Male,89,5.53,83,56,6,0,3,3,7.6,Yes,Yes,No,No,3,7.3,18,1
S02775,6,17,Female,84,7.56,60,72,25,1,3,7,5.9,Yes,Yes,Yes,No,4,9.6,36,0
S02776,2,19,Male,76,5.99,49,84,13,0,1,3,8.8,Yes,Yes,Yes,No,7,7.0,0,0
S02777,4,20,Male,82,7.99,89,79,4,0,3,6,7.4,Yes,Yes,No,No,7,3.5,53,0
S02778,7,22,Male,77,7.91,50,100,16,0,4,7,6.8,Yes,Yes,No,No,5,5.1,23,0
S02779,1,21,Female,79,6.42,91,40,21,0,1,5,9.2,Yes,Yes,No,No,6,3.9,43,0
S02780,6,18,Female,72,5.83,84,86,20,1,6,6,8.7,Yes,Yes,Yes,No,5,4.6,47,0
S02781,7,24,Female,89,6.19,63,44,9,0,4,4,8.1,No,Yes,Yes,Yes,8,7.2,23,0
S02782,8,24,Male,70,8.78,83,85,13,0,6,3,6.1,Yes,Yes,Yes,No,9,5.4,37,0
S02783,2,19,Male,86,7.13,64,97,12,1,3,5,8.0,Yes,Yes,No,No,4,10.1,40,0
S02784,6,22,Female,68,6.74,64,78,8,2,3,2,5.7,Yes,Yes,Yes,No,4,4.8,49,1
S02785,5,24,Male,77,7.59,32,67,7,1,6,10,7.9,No,Yes,Yes,No,5,6.6,47,0
S02786,5,17,Male,67,7.64,58,96,16,1,4,7,7.2,Yes,Yes,No,No,8,2.8,17,0
S02787,8,19,Male,68,7.87,52,53,22,1,5,6,7.8,Yes,Yes,No,No,8,9.0,63,0
S02788,8,21,Female,91,8.51,72,55,23,1,7,5,6.8,Yes,Yes,Yes,No,8,6.0,50,0
S02789,7,24,Male,89,9.33,73,65,18,0,3,4,4.8,Yes,Yes,Yes,No,5,6.6,41,0
S02790,5,24,Male,76,5.81,66,51,20,1,5,3,9.1,Yes,Yes,No,Yes,7,4.5,55,1
S02791,7,23,Male,73,6.27,58,40,16,2,6,5,6.9,No,Yes,No,No,4,6.7,36,1
S02792,4,20,Female,76,7.92,72,67,7,2,6,7,8.6,No,Yes,Yes,No,5,4.5,25,0
S02793,6,17,Male,81,6.95,95,94,22,1,6,6,7.7,Yes,Yes,No,No,4,4.6,32,0
S02794,2,22,Male,86,7.87,30,100,14,0,5,2,6.7,Yes,Yes,Yes,No,8,5.3,44,0
S02795,3,19,Female,100,6.31,79,53,21,2,6,4,6.4,Yes,No,No,No,7,6.6,39,0
S02796,6,17,Male,76,8.41,54,76,21,1,9,3,7.9,Yes,Yes,Yes,No,4,5.8,39,0
S02797,5,21,Female,78,6.03,82,60,17,3,5,2,7.6,Yes,Yes,No,No,4,7.6,24,0
S02798,7,23,Male,87,7.33,53,59,12,1,3,4,6.7,No,No,Yes,No,5,5.5,41,0
S02799,1,21,Female,84,7.55,59,61,19,4,6,6,7.2,Yes,Yes,Yes,Yes,4,4.5,18,0
S02800,6,24,Male,78,6.0,80,92,30,3,5,6,7.1,Yes,Yes,No,No,5,6.9,9,0
S02801,3,20,Female,86,7.34,76,65,13,1,5,8,6.1,No,Yes,Yes,Yes,2,3.0,22,0
S02802,6,20,Female,81,7.97,61,77,19,3,2,5,7.0,Yes,Yes,No,No,2,5.5,24,0
S02803,8,24,Female,66,8.19,69,97,26,0,2,6,6.9,Yes,Yes,No,Yes,7,7.6,20,0
S02804,5,20,Male,90,6.5,94,100,12,0,3,6,6.2,Yes,Yes,Yes,No,6,7.2,0,0
S02805,6,22,Male,100,8.18,90,75,10,0,8,7,5.4,Yes,Yes,No,Yes,8,1.8,23,0
S02806,2,22,Male,52,7.06,50,45,9,1,3,3,6.5,Yes,Yes,No,Yes,4,7.5,25,1
S02807,1,23,Male,81,8.48,63,79,12,0,1,4,5.9,Yes,Yes,No,Yes,4,6.0,21,0
S02808,2,21,Female,78,7.03,61,67,2,1,5,5,7.4,Yes,Yes,No,No,10,6.7,39,0
S02809,7,24,Female,79,7.44,62,98,23,2,5,6,9.0,Yes,Yes,No,No,5,6.8,0,0
S02810,4,18,Female,72,8.04,71,46,23,0,6,6,5.8,No,Yes,No,Yes,5,6.2,50,0
S02811,5,21,Female,83,7.15,67,66,12,1,4,8,8.4,Yes,Yes,No,Yes,5,5.2,35,0
S02812,4,23,Male,79,7.13,75,84,7,0,2,1,6.6,Yes,Yes,Yes,Yes,6,10.9,54,0
S02813,8,19,Female,68,6.89,100,74,20,1,5,4,6.4,No,Yes,Yes,Yes,7,8.1,21,0
S02814,4,20,Female,66,5.41,63,81,10,1,8,8,8.4,Yes,Yes,Yes,No,3,3.6,50,0
S02815,8,17,Female,87,5.88,84,78,24,1,3,8,7.9,Yes,Yes,Yes,Yes,4,6.1,50,0
S02816,1,21,Female,80,8.48,70,52,24,2,4,7,6.7,Yes,Yes,Yes,Yes,8,2.0,66,0
S02817,6,19,Male,85,7.55,69,65,18,4,5,4,6.6,Yes,Yes,No,Yes,4,6.1,49,0
S02818,1,23,Male,75,7.51,74,100,7,0,7,6,5.3,Yes,Yes,Yes,No,5,8.0,30,0
S02819,8,24,Male,92,8.99,62,100,25,0,3,8,4.8,Yes,Yes,Yes,Yes,4,6.8,14,0
S02820,2,22,Male,69,9.21,50,95,21,1,5,5,7.5,No,Yes,Yes,No,6,7.2,23,0
S02821,7,20,Male,73,7.36,66,55,11,0,2,2,6.1,Yes,Yes,No,Yes,3,4.2,24,0
S02822,7,23,Female,78,7.86,77,98,26,1,6,4,7.7,Yes,Yes,Yes,Yes,4,5.5,52,0
S02823,2,18,Male,91,5.49,64,57,6,0,7,1,6.0,No,Yes,Yes,Yes,7,5.2,67,1
S02824,8,17,Female,71,7.49,82,57,20,0,5,10,8.2,No,Yes,No,Yes,1,5.6,23,0
S02825,5,19,Female,79,8.44,94,69,11,0,6,7,6.4,Yes,No,No,No,5,6.7,40,0
S02826,3,20,Female,72,7.47,89,77,15,3,4,1,4.9,No,Yes,No,No,2,3.1,32,1
S02827,4,18,Female,90,8.24,77,89,18,0,6,6,6.6,Yes,Yes,Yes,No,6,5.8,45,0
S02828,5,22,Male,78,7.52,62,91,14,2,1,5,7.7,Yes,Yes,Yes,No,6,7.0,35,0
S02829,1,19,Female,79,8.33,89,86,21,0,3,5,7.0,Yes,No,Yes,No,7,5.8,55,0
S02830,2,23,Female,98,6.98,100,63,5,3,5,3,8.2,Yes,Yes,Yes,No,10,5.1,54,0
S02831,1,24,Female,70,6.18,80,60,9,1,3,4,5.6,Yes,Yes,No,No,7,5.7,83,0
S02832,2,23,Male,75,6.53,97,100,12,0,9,6,6.3,Yes,Yes,Yes,No,8,5.9,45,0
S02833,4,18,Female,77,4.99,80,88,9,2,8,5,5.9,Yes,Yes,No,No,4,3.6,39,1
S02834,8,24,Male,78,7.44,83,80,16,0,4,3,6.8,Yes,Yes,Yes,No,9,8.4,32,0
S02835,3,21,Male,86,7.53,79,61,24,2,7,3,5.3,Yes,Yes,Yes,No,5,6.5,52,0
S02836,7,22,Male,62,7.9,100,100,22,0,3,10,6.1,Yes,Yes,Yes,No,7,6.9,46,0
S02837,4,19,Female,48,7.45,70,53,1,1,4,6,9.5,Yes,Yes,No,No,4,7.2,30,1
S02838,6,17,Female,67,9.95,94,60,4,0,2,8,5.5,Yes,Yes,No,Yes,3,6.1,36,0
S02839,6,23,Female,51,9.02,64,78,20,1,1,7,6.5,No,Yes,No,No,6,3.0,39,0
S02840,7,19,Female,85,8.48,82,88,10,0,5,9,7.8,Yes,Yes,Yes,No,6,4.0,52,0
S02841,2,17,Female,64,5.81,75,62,16,0,4,5,7.0,Yes,Yes,Yes,No,3,4.7,48,1
S02842,1,18,Male,83,7.52,79,57,27,1,7,7,5.7,Yes,Yes,Yes,Yes,4,7.3,17,0
S02843,1,24,Male,72,7.43,71,69,12,0,4,5,5.8,Yes,Yes,No,No,5,1.9,23,0
S02844,3,20,Male,81,8.22,62,69,13,0,3,5,8.4,Yes,Yes,Yes,Yes,4,4.1,40,0
S02845,3,24,Female,72,6.63,71,57,1,1,6,6,4.8,Yes,Yes,No,No,6,6.5,25,1
S02846,6,21,Male,83,6.87,98,95,17,0,6,7,8.1,Yes,Yes,Yes,Yes,6,6.2,44,0
S02847,1,17,Female,73,6.18,65,100,11,2,3,8,6.4,Yes,Yes,No,No,2,7.5,64,0
S02848,5,21,Male,92,6.35,43,98,25,0,4,9,7.8,Yes,Yes,No,Yes,6,8.3,39,0
S02849,4,18,Female,85,9.29,90,91,22,1,9,6,8.5,Yes,Yes,Yes,No,4,5.5,0,0
S02850,5,20,Male,57,7.57,75,62,18,0,3,6,6.8,No,Yes,Yes,No,5,8.2,53,0
S02851,2,21,Female,57,7.83,67,56,18,0,1,7,9.0,Yes,Yes,No,No,5,8.4,37,0
S02852,2,21,Male,79,8.34,81,38,24,0,4,4,7.4,Yes,Yes,Yes,Yes,9,3.6,31,0
S02853,2,19,Female,85,7.87,47,64,13,0,5,6,5.8,Yes,Yes,No,No,7,8.9,30,0
S02854,2,24,Female,56,7.81,51,98,10,0,5,4,7.8,No,Yes,No,Yes,7,4.0,39,0
S02855,8,21,Female,87,8.38,73,69,23,2,5,7,7.2,No,Yes,Yes,Yes,8,4.9,51,0
S02856,3,22,Female,79,5.91,80,59,10,1,4,5,7.3,No,Yes,Yes,No,6,5.5,46,0
S02857,8,18,Female,72,4.84,51,73,5,5,5,7,8.1,Yes,Yes,Yes,No,3,6.4,37,1
S02858,7,18,Female,87,7.69,46,63,17,0,3,3,6.3,No,Yes,Yes,Yes,4,4.6,19,0
S02859,7,21,Female,85,8.27,72,100,12,4,5,7,6.4,Yes,Yes,Yes,Yes,3,4.8,33,0
S02860,4,21,Female,97,7.79,87,83,1,3,5,4,6.9,Yes,Yes,No,Yes,5,6.2,35,0
S02861,3,24,Female,95,6.26,100,63,10,0,2,5,5.8,Yes,Yes,Yes,No,2,4.2,12,0
S02862,3,21,Male,83,8.29,81,46,15,2,3,2,6.9,No,Yes,Yes,No,4,4.3,57,1
S02863,4,19,Male,75,6.9,77,67,12,1,4,8,7.0,Yes,Yes,Yes,No,1,6.4,46,0
S02864,2,19,Female,80,6.02,83,81,15,1,9,7,7.4,Yes,Yes,No,No,10,2.0,40,0
S02865,4,23,Male,86,7.25,89,92,10,0,4,1,7.0,Yes,Yes,No,Yes,1,6.4,91,0
S02866,4,17,Female,84,8.16,82,44,8,0,7,5,5.8,No,Yes,Yes,No,5,3.0,0,0
S02867,6,21,Male,98,6.7,64,66,16,1,4,6,6.1,Yes,Yes,No,No,6,8.5,36,0
S02868,4,17,Male,75,6.84,54,60,17,1,6,6,5.5,Yes,Yes,No,Yes,7,7.7,13,0
S02869,5,22,Female,53,5.73,64,41,13,0,5,2,6.8,No,Yes,No,No,4,2.7,65,1
S02870,6,24,Male,62,7.52,66,64,10,0,5,6,6.7,No,Yes,No,No,8,8.3,10,0
S02871,8,17,Male,93,7.63,58,82,10,2,4,9,6.6,Yes,Yes,No,No,7,6.7,17,0
S02872,1,22,Male,94,6.82,48,63,14,3,6,4,6.1,No,Yes,No,Yes,5,6.9,16,1
S02873,5,23,Male,82,8.42,54,67,16,2,3,6,6.4,Yes,Yes,Yes,No,1,8.3,11,0
S02874,7,18,Male,80,6.84,63,82,10,0,2,5,6.2,Yes,No,Yes,No,7,4.2,9,0
S02875,7,24,Female,67,9.12,78,49,18,0,10,6,5.7,No,Yes,Yes,No,3,5.9,10,1
S02876,5,23,Female,49,7.58,84,48,16,0,2,5,5.0,Yes,Yes,Yes,Yes,5,2.9,34,1
S02877,5,22,Female,72,7.0,66,75,16,0,1,4,6.6,Yes,Yes,No,No,6,4.6,0,0
S02878,3,20,Female,72,7.03,38,98,17,1,1,4,6.6,Yes,Yes,Yes,No,3,4.2,63,0
S02879,8,17,Male,83,7.44,98,92,13,0,3,6,7.0,No,Yes,No,No,7,5.4,48,0
S02880,1,20,Female,61,7.38,84,61,20,0,3,5,5.0,Yes,Yes,No,No,3,8.2,64,0
S02881,3,23,Female,84,6.55,58,80,5,3,5,7,7.3,No,Yes,No,No,5,6.2,82,0
S02882,8,24,Male,84,6.12,78,100,1,1,7,6,7.3,Yes,No,No,Yes,5,5.5,31,0
S02883,5,23,Male,84,8.28,68,53,4,2,1,7,5.7,No,Yes,No,No,5,5.2,46,1
S02884,1,17,Female,57,8.52,67,67,11,2,8,7,6.7,Yes,Yes,No,No,6,1.4,27,0
S02885,4,24,Male,70,6.55,69,75,15,2,4,7,6.3,Yes,Yes,No,No,5,1.3,41,0
S02886,5,18,Male,80,6.58,66,95,15,0,8,9,6.2,Yes,Yes,Yes,No,5,1.0,25,0
S02887,6,21,Female,63,6.89,53,74,4,2,8,6,5.9,Yes,Yes,Yes,Yes,3,7.2,43,1
S02888,1,18,Female,73,4.97,71,51,7,0,8,7,6.8,Yes,Yes,No,No,5,6.5,55,1
S02889,6,19,Female,59,6.64,70,69,10,0,6,6,8.3,Yes,Yes,Yes,No,5,4.1,43,0
S02890,4,24,Male,75,7.39,80,100,13,0,4,9,8.0,Yes,Yes,No,No,4,2.5,14,0
S02891,8,17,Female,84,7.75,97,67,17,1,8,9,8.5,Yes,Yes,Yes,Yes,4,2.8,23,0
S02892,6,19,Male,87,7.33,91,48,10,0,5,4,7.1,Yes,Yes,No,Yes,8,7.2,43,0
S02893,1,21,Male,61,6.03,69,67,17,0,6,6,6.4,Yes,Yes,Yes,Yes,4,4.2,54,0
S02894,4,22,Male,82,6.52,78,45,20,1,5,6,8.1,Yes,Yes,Yes,Yes,7,4.6,36,0
S02895,1,17,Male,63,7.32,58,76,19,2,8,6,3.8,Yes,Yes,No,No,7,3.6,41,1
S02896,3,18,Male,72,9.08,65,79,19,1,4,4,5.9,Yes,Yes,Yes,No,6,6.3,73,0
S02897,7,22,Female,69,7.17,71,82,18,0,5,4,5.6,Yes,Yes,No,No,4,5.6,33,0
S02898,4,17,Male,93,6.41,60,100,19,1,5,5,7.2,Yes,No,No,Yes,4,3.7,48,0
S02899,2,21,Female,86,7.54,62,96,17,0,2,7,6.1,Yes,Yes,Yes,No,6,6.6,32,0
S02900,5,19,Male,92,6.43,87,85,2,1,3,6,6.6,Yes,Yes,No,No,5,5.2,27,0
S02901,1,17,Male,95,7.03,63,69,12,2,6,4,4.6,Yes,Yes,Yes,No,4,6.8,21,0
S02902,2,17,Female,67,8.04,51,69,5,0,6,4,5.2,Yes,Yes,Yes,No,9,7.9,38,0
S02903,5,19,Male,59,6.07,59,43,14,1,6,6,5.7,Yes,Yes,No,No,3,5.4,60,1
S02904,5,21,Female,82,7.73,62,61,11,0,2,7,5.3,Yes,Yes,Yes,No,2,7.2,35,0
S02905,4,21,Female,78,8.42,50,43,7,2,9,4,6.5,No,Yes,No,No,4,5.2,46,1
S02906,1,18,Male,72,7.48,76,100,9,0,1,5,6.8,Yes,No,No,Yes,2,6.6,62,0
S02907,5,18,Male,87,6.63,56,88,5,1,7,6,8.1,Yes,Yes,Yes,No,7,2.5,11,0
S02908,4,17,Male,92,6.81,58,64,16,2,8,6,7.2,No,Yes,Yes,No,4,3.4,58,0
S02909,2,24,Female,86,6.99,67,54,20,2,5,7,6.3,Yes,Yes,Yes,No,4,7.3,40,0
S02910,3,24,Male,63,7.64,30,92,8,2,7,7,7.2,Yes,Yes,Yes,Yes,4,3.2,66,1
S02911,4,17,Male,82,6.77,91,58,13,0,6,4,8.4,Yes,Yes,Yes,No,5,7.4,47,0
S02912,4,20,Male,66,7.38,49,94,19,1,6,7,7.3,No,Yes,No,No,3,4.1,42,0
S02913,6,22,Male,83,6.47,57,95,20,0,4,7,7.5,Yes,Yes,Yes,No,5,4.8,17,0
S02914,3,20,Female,71,6.98,62,71,16,0,3,5,7.6,No,Yes,No,No,4,4.6,62,0
S02915,8,17,Male,82,7.85,67,67,19,0,3,4,6.0,Yes,Yes,Yes,Yes,7,4.2,45,0
S02916,3,20,Male,64,8.43,75,100,26,0,3,8,7.3,No,Yes,No,No,7,3.0,60,0
S02917,5,21,Male,95,8.16,72,100,9,0,3,4,5.8,Yes,Yes,No,No,3,7.3,0,0
S02918,3,22,Male,70,7.5,67,83,11,0,4,8,7.1,Yes,Yes,Yes,No,5,3.7,70,0
S02919,3,17,Female,66,7.23,72,50,13,0,6,5,6.8,Yes,No,Yes,No,3,8.2,32,0
S02920,3,17,Female,100,8.9,89,76,12,0,5,7,5.3,Yes,Yes,Yes,Yes,6,6.7,27,0
S02921,2,17,Female,87,7.3,79,63,9,1,6,3,5.8,Yes,Yes,No,Yes,6,6.0,72,0
S02922,8,23,Male,65,7.64,73,75,20,0,7,5,5.6,Yes,Yes,Yes,No,5,4.7,0,0
S02923,8,21,Male,82,6.01,100,95,11,1,5,5,6.7,Yes,Yes,No,No,6,3.9,0,0
S02924,6,17,Male,65,5.36,48,90,23,0,3,3,6.4,No,Yes,Yes,Yes,5,1.8,36,1
S02925,5,23,Male,88,7.47,80,63,3,0,5,8,7.5,Yes,Yes,Yes,No,10,9.9,65,0
S02926,7,17,Male,73,8.03,76,51,22,1,5,2,6.1,Yes,Yes,Yes,No,8,7.9,34,0
S02927,6,17,Male,84,7.91,71,50,14,1,2,7,9.4,Yes,Yes,No,Yes,6,1.6,33,0
S02928,4,19,Male,100,5.79,100,53,22,0,7,5,5.9,Yes,Yes,Yes,No,6,7.3,36,1
S02929,1,20,Male,83,4.94,70,53,11,1,3,5,6.2,Yes,Yes,No,No,6,5.8,65,0
S02930,6,21,Male,87,9.32,47,77,2,0,3,8,5.7,No,Yes,Yes,Yes,7,6.2,10,0
S02931,3,19,Male,85,8.8,62,56,8,0,2,4,6.1,Yes,Yes,Yes,No,5,7.7,26,0
S02932,5,18,Male,60,5.51,76,88,23,0,1,4,6.2,Yes,Yes,No,No,6,4.6,0,0
S02933,8,17,Male,87,7.74,84,69,27,0,5,6,6.2,Yes,Yes,Yes,No,6,7.8,48,0
S02934,6,18,Male,87,7.8,92,61,16,2,3,6,7.8,Yes,No,Yes,No,7,2.4,33,0
S02935,1,19,Male,97,6.28,72,100,13,0,4,3,8.9,Yes,Yes,Yes,Yes,4,4.9,0,0
S02936,1,17,Female,63,9.02,41,92,14,0,5,6,7.6,Yes,Yes,No,No,7,5.2,54,0
S02937,8,20,Female,66,5.58,74,76,21,2,7,7,4.9,Yes,Yes,No,No,3,6.6,27,1
S02938,4,21,Male,88,8.96,73,65,13,2,4,5,6.6,Yes,Yes,Yes,No,6,9.1,39,0
S02939,2,17,Female,92,7.1,60,88,29,2,4,4,6.8,Yes,No,Yes,No,3,6.3,20,0
S02940,1,23,Male,77,7.35,71,76,12,2,5,7,6.2,Yes,Yes,Yes,No,4,9.4,17,0
S02941,5,19,Male,64,8.59,79,100,14,1,5,7,7.1,Yes,Yes,Yes,Yes,5,3.9,20,0
S02942,7,19,Male,70,7.1,60,98,18,2,6,7,7.6,Yes,Yes,Yes,No,5,8.1,12,0
S02943,7,17,Male,71,8.52,79,61,20,3,3,7,7.1,No,Yes,No,Yes,1,8.5,0,0
S02944,3,17,Male,75,8.48,85,56,21,0,3,3,7.3,Yes,Yes,Yes,No,6,6.3,55,0
S02945,5,23,Female,71,6.15,63,55,16,1,6,6,6.9,No,Yes,No,No,3,7.1,60,0
S02946,8,19,Male,90,8.11,54,64,15,1,5,6,6.4,Yes,Yes,No,Yes,4,5.0,48,0
S02947,2,22,Male,91,9.85,92,100,12,1,7,6,7.1,Yes,Yes,Yes,No,2,7.7,29,0
S02948,2,20,Male,83,7.68,62,54,17,3,4,4,7.5,Yes,Yes,No,Yes,4,4.9,47,0
S02949,8,19,Female,100,6.01,72,73,23,0,5,4,7.3,No,No,No,No,6,7.5,52,0
S02950,5,20,Male,95,8.42,74,100,10,1,3,7,8.6,No,Yes,No,Yes,6,7.0,35,0
S02951,3,19,Male,68,8.05,83,73,13,0,5,8,6.7,Yes,Yes,Yes,No,10,4.1,33,0
S02952,1,21,Female,71,8.59,64,70,17,4,3,5,5.7,Yes,Yes,Yes,No,6,7.4,31,0
S02953,4,17,Male,100,6.71,66,63,16,3,7,9,7.0,Yes,Yes,Yes,No,5,1.0,41,0
S02954,4,20,Male,77,7.05,76,90,17,0,5,7,6.7,Yes,Yes,No,No,5,2.6,21,0
S02955,7,17,Male,78,7.86,66,48,21,2,8,7,6.3,Yes,Yes,Yes,Yes,6,4.8,42,0
S02956,3,24,Male,72,7.64,81,62,17,0,6,4,8.9,No,Yes,No,No,8,4.3,26,0
S02957,6,24,Male,63,6.61,61,100,9,0,1,4,6.9,Yes,Yes,Yes,Yes,6,8.1,0,0
S02958,1,21,Female,71,7.8,49,55,15,1,8,9,7.6,Yes,Yes,No,No,5,7.7,22,0
S02959,7,17,Male,100,7.67,74,67,17,1,4,4,9.1,Yes,Yes,No,No,3,2.3,34,0
S02960,5,21,Female,95,8.12,72,55,11,3,1,7,7.2,Yes,Yes,Yes,No,4,2.7,76,0
S02961,6,21,Male,64,8.26,70,65,21,0,2,6,5.0,Yes,No,No,No,8,8.6,52,0
S02962,6,18,Female,92,6.02,48,54,8,2,3,6,6.2,Yes,Yes,Yes,No,5,4.8,42,0
S02963,1,23,Female,85,7.82,62,84,21,1,9,1,6.2,Yes,Yes,No,No,7,6.0,48,0
S02964,1,21,Male,88,5.75,77,40,36,0,5,5,6.3,No,Yes,Yes,No,3,1.5,38,1
S02965,1,23,Female,86,10.0,76,77,19,0,5,6,5.4,Yes,Yes,No,No,8,2.7,73,0
S02966,2,17,Male,64,10.0,60,76,1,0,4,6,5.5,No,Yes,Yes,No,4,7.9,33,1
S02967,4,22,Male,100,6.63,71,81,32,1,7,6,7.3,No,Yes,Yes,No,5,3.4,5,0
S02968,8,21,Male,69,6.88,43,74,19,1,4,10,7.5,Yes,Yes,Yes,Yes,3,4.3,51,0
S02969,4,19,Female,77,6.85,55,87,14,3,9,5,6.8,Yes,Yes,No,Yes,7,1.9,57,0
S02970,3,17,Male,92,7.18,47,51,28,2,7,7,6.9,Yes,Yes,Yes,No,5,4.6,54,0
S02971,2,19,Male,91,5.01,76,90,18,1,3,5,8.3,Yes,Yes,No,No,8,7.5,64,0
S02972,8,22,Female,59,6.87,73,71,20,1,5,5,7.6,Yes,Yes,Yes,Yes,5,3.6,6,0
S02973,8,21,Female,83,6.34,85,72,7,1,5,3,8.0,Yes,No,No,Yes,8,4.0,58,0
S02974,7,24,Male,61,6.05,59,53,22,2,4,6,6.8,Yes,Yes,Yes,No,6,5.0,1,1
S02975,8,19,Male,65,6.67,67,66,15,2,8,7,7.5,Yes,Yes,No,No,1,7.8,20,0
S02976,5,17,Female,74,7.91,67,73,19,3,1,7,6.3,Yes,Yes,No,No,4,5.5,59,0
S02977,6,18,Male,57,8.49,61,93,15,0,6,5,6.5,Yes,Yes,Yes,No,6,8.4,53,0
S02978,8,24,Male,70,6.33,58,76,6,0,2,5,6.0,Yes,Yes,Yes,No,8,4.4,49,0
S02979,1,18,Female,46,8.89,63,100,4,2,7,6,8.2,Yes,No,Yes,No,3,4.3,55,1
S02980,3,20,Male,56,7.49,66,80,14,0,5,5,8.2,Yes,Yes,Yes,No,4,4.1,21,0
S02981,6,24,Female,61,7.13,80,54,7,0,1,7,7.4,No,Yes,Yes,No,4,6.9,71,1
S02982,5,20,Male,69,6.75,62,69,23,2,4,3,8.2,Yes,Yes,Yes,No,3,10.1,55,1
S02983,4,23,Male,89,6.93,36,100,17,0,4,1,5.3,No,No,Yes,No,3,9.1,37,1
S02984,5,19,Female,66,8.18,63,66,16,0,6,4,7.9,Yes,Yes,No,No,8,4.2,19,0
S02985,1,21,Male,89,5.53,69,84,16,1,6,8,6.8,Yes,Yes,Yes,Yes,5,3.8,15,0
S02986,2,24,Male,72,7.41,76,55,13,3,4,4,6.0,No,No,No,No,7,8.8,32,1
S02987,8,21,Female,65,8.78,52,96,13,2,6,4,7.5,Yes,Yes,Yes,No,2,5.0,22,0
S02988,8,24,Male,94,5.33,70,81,30,2,5,4,8.0,No,Yes,Yes,No,5,3.8,10,0
S02989,4,19,Male,76,6.73,73,71,15,1,4,8,5.1,Yes,Yes,No,No,5,6.3,47,0
S02990,7,18,Female,86,7.82,55,95,16,1,4,7,6.2,Yes,Yes,No,No,8,2.8,34,0
S02991,3,21,Male,84,8.65,72,49,6,0,2,3,7.1,No,Yes,No,No,6,5.9,56,0
S02992,8,24,Male,72,5.9,77,41,18,1,5,6,5.2,Yes,Yes,Yes,No,5,9.1,28,1
S02993,6,18,Female,99,8.07,80,94,11,1,7,7,5.8,No,Yes,No,No,3,7.9,29,0
S02994,1,17,Female,89,6.37,64,40,13,0,3,7,6.2,Yes,Yes,Yes,No,8,7.4,58,0
S02995,2,21,Male,68,6.21,92,83,7,0,5,3,7.3,Yes,Yes,Yes,Yes,5,5.8,39,0
S02996,7,20,Female,92,8.24,82,60,24,1,2,6,7.9,Yes,Yes,Yes,Yes,7,5.2,44,0
S02997,7,22,Female,86,7.98,72,55,14,1,6,8,7.3,Yes,Yes,Yes,No,7,6.0,53,0
S02998,8,19,Male,64,5.63,50,60,10,0,1,6,6.5,Yes,Yes,Yes,No,4,7.5,17,0
S02999,5,22,Male,83,10.0,77,78,15,0,6,6,5.1,Yes,Yes,Yes,Yes,3,5.0,23,0
S03000,5,23,Male,58,7.26,76,59,10,3,1,7,7.2,Yes,Yes,No,No,3,4.4,12,1
S03001,2,18,Male,91,5.3,57,62,15,1,5,3,6.2,Yes,Yes,No,Yes,7,5.8,26,0
S03002,2,17,Male,66,6.57,52,100,12,1,1,3,7.6,Yes,No,Yes,Yes,3,5.6,75,0
S03003,7,20,Female,85,8.27,83,49,23,1,6,8,8.0,Yes,Yes,Yes,No,4,4.3,60,0
S03004,5,19,Female,86,5.75,72,87,17,0,7,5,6.8,Yes,No,Yes,No,4,9.7,72,0
S03005,1,21,Male,59,7.58,62,71,12,1,8,10,7.7,Yes,Yes,No,No,4,2.4,15,0
S03006,4,22,Male,94,8.7,72,91,14,1,2,9,8.7,Yes,Yes,Yes,Yes,7,6.8,0,0
S03007,2,17,Male,99,4.12,36,98,11,0,3,8,8.1,Yes,Yes,No,No,6,4.5,0,0
S03008,2,17,Female,61,8.07,75,99,12,0,4,6,9.1,Yes,Yes,No,Yes,9,5.9,40,0
S03009,2,18,Female,69,6.89,89,94,16,0,8,5,6.4,Yes,Yes,Yes,No,5,8.0,45,0
S03010,2,22,Male,58,6.7,80,81,14,0,4,9,6.7,Yes,Yes,No,Yes,6,1.1,43,0
S03011,4,21,Female,84,5.96,56,71,9,3,3,6,7.7,Yes,Yes,No,Yes,7,6.2,37,0
S03012,5,19,Male,70,5.39,62,59,15,0,1,8,4.6,Yes,Yes,Yes,No,7,8.8,53,1
S03013,8,17,Male,84,7.27,99,88,15,1,6,6,6.0,Yes,Yes,No,No,4,9.1,8,0
S03014,6,20,Male,52,8.53,72,66,15,0,7,3,7.4,Yes,Yes,Yes,No,4,6.5,47,0
S03015,8,24,Male,68,8.43,46,100,17,0,6,6,5.9,Yes,Yes,No,No,8,4.5,35,0
S03016,8,17,Male,89,8.26,54,77,20,0,3,6,4.5,No,Yes,Yes,No,6,7.0,1,0
S03017,8,19,Male,57,8.76,95,76,1,1,5,4,7.0,Yes,Yes,Yes,No,5,4.0,0,0
S03018,5,21,Female,85,8.51,82,80,14,1,4,7,6.0,Yes,Yes,Yes,No,6,5.6,33,0
S03019,2,24,Male,76,7.83,67,39,12,0,3,3,6.8,Yes,Yes,No,No,8,9.5,25,0
S03020,3,17,Male,73,7.22,52,91,12,0,6,7,7.1,Yes,Yes,Yes,No,6,3.4,40,0
S03021,7,23,Female,78,7.38,100,71,15,1,5,3,7.1,Yes,Yes,No,Yes,7,3.6,34,0
S03022,1,23,Male,85,5.8,69,77,19,1,6,4,6.2,Yes,Yes,Yes,Yes,5,4.3,31,0
S03023,5,17,Male,92,5.83,76,91,18,0,7,9,7.2,Yes,Yes,Yes,No,6,7.5,29,0
S03024,8,20,Female,73,7.52,92,89,8,1,2,4,8.1,Yes,Yes,Yes,Yes,7,6.3,48,0
S03025,5,21,Male,87,8.47,79,62,17,1,5,5,5.5,Yes,Yes,No,No,5,6.9,15,0
S03026,5,24,Female,84,7.15,37,85,20,1,4,6,8.1,Yes,Yes,No,Yes,6,6.2,75,0
S03027,1,20,Male,67,5.77,61,55,18,1,7,7,7.5,Yes,Yes,No,No,4,6.8,47,1
S03028,2,17,Male,70,7.61,54,59,19,0,6,1,8.3,Yes,Yes,No,No,7,7.4,1,0
S03029,7,21,Male,68,6.42,66,88,10,1,4,7,8.3,No,Yes,No,No,8,6.2,61,0
S03030,5,24,Male,87,5.12,53,71,12,0,5,7,6.1,Yes,Yes,No,No,6,3.5,36,0
S03031,4,23,Female,77,6.95,76,91,13,0,6,7,6.8,No,Yes,Yes,Yes,8,5.2,26,0
S03032,3,24,Male,53,5.88,74,61,6,0,7,4,5.5,Yes,Yes,Yes,No,8,5.5,11,1
S03033,8,21,Male,54,6.45,90,48,4,1,5,6,5.9,Yes,Yes,Yes,No,4,3.7,1,1
S03034,5,18,Female,100,6.13,73,42,18,0,7,5,7.2,No,Yes,Yes,Yes,6,3.8,33,0
S03035,8,18,Female,78,6.06,66,81,14,2,5,6,7.3,Yes,Yes,Yes,No,4,5.1,86,0
S03036,4,19,Male,69,7.32,92,63,6,2,2,6,6.6,Yes,Yes,Yes,No,7,4.7,47,0
S03037,7,20,Female,93,7.97,76,84,17,0,1,10,8.0,Yes,Yes,No,No,6,3.5,15,0
S03038,8,23,Female,89,6.62,59,84,18,2,7,5,5.2,No,Yes,No,No,6,4.3,16,0
S03039,7,17,Female,56,7.93,79,85,12,0,5,5,6.5,No,Yes,Yes,Yes,7,6.2,43,0
S03040,8,22,Female,84,7.11,71,44,17,2,2,3,7.5,Yes,Yes,Yes,No,4,4.4,41,0
S03041,5,24,Male,57,7.38,85,70,13,0,6,5,7.9,No,Yes,No,Yes,7,4.8,43,0
S03042,8,21,Female,94,5.4,85,82,21,0,5,5,6.9,Yes,Yes,Yes,No,6,5.1,21,0
S03043,1,20,Female,52,8.31,74,76,1,0,6,8,6.6,Yes,Yes,Yes,No,7,4.1,55,0
S03044,1,22,Female,67,8.35,55,75,7,0,6,3,6.2,Yes,Yes,No,No,8,8.7,52,0
S03045,4,23,Female,83,7.77,59,84,19,2,4,7,5.9,Yes,Yes,Yes,No,3,6.2,63,0
S03046,8,19,Female,78,8.8,76,70,13,0,3,4,6.1,Yes,Yes,Yes,No,5,2.6,31,0
S03047,5,21,Female,62,8.7,72,93,13,1,3,6,6.9,No,Yes,Yes,No,7,6.5,3,0
S03048,6,24,Female,67,7.18,79,67,16,1,4,6,7.6,Yes,Yes,No,Yes,5,3.7,85,0
S03049,3,23,Female,62,7.04,71,49,6,0,3,5,6.3,Yes,Yes,No,No,6,6.8,8,1
S03050,4,21,Male,70,5.1,55,97,13,1,3,6,6.3,Yes,Yes,Yes,Yes,6,5.7,59,0
S03051,1,24,Male,68,9.08,60,82,24,1,5,8,7.3,Yes,Yes,Yes,No,5,5.2,16,0
S03052,4,18,Female,57,7.19,62,71,11,2,3,7,8.0,No,Yes,No,No,4,2.6,34,0
S03053,4,20,Female,77,8.83,60,83,15,1,3,6,7.8,Yes,Yes,No,Yes,5,2.1,42,0
S03054,8,18,Female,71,7.36,59,80,19,3,9,4,5.4,Yes,Yes,No,Yes,4,8.9,69,1
S03055,5,18,Female,84,7.57,52,67,18,0,6,6,8.9,Yes,Yes,Yes,No,9,1.7,24,0
S03056,3,23,Male,55,7.81,88,38,18,3,4,7,7.2,Yes,Yes,No,No,4,8.3,7,1
S03057,5,17,Male,82,7.2,86,79,21,1,6,8,5.2,Yes,Yes,Yes,No,1,6.5,15,0
S03058,7,19,Male,84,8.39,64,96,19,0,9,3,6.2,Yes,Yes,Yes,No,5,6.0,29,0
S03059,5,23,Female,86,6.18,84,87,14,1,1,4,6.2,Yes,Yes,Yes,Yes,4,4.2,33,0
S03060,1,17,Male,80,8.13,72,63,19,0,3,8,8.6,No,Yes,No,No,5,4.7,44,0
S03061,4,23,Female,75,6.1,77,93,5,2,6,5,6.2,Yes,No,No,No,8,5.0,47,0
S03062,7,20,Male,79,7.93,73,64,18,0,5,4,6.8,Yes,Yes,No,No,8,1.0,42,0
S03063,8,21,Male,99,5.55,67,56,22,1,5,8,7.5,Yes,Yes,No,No,5,5.8,53,0
S03064,6,21,Male,84,6.91,82,100,15,0,1,4,8.7,Yes,Yes,No,No,6,3.5,21,0
S03065,3,24,Female,84,8.7,67,87,13,0,6,3,7.0,Yes,Yes,No,No,6,5.2,36,0
S03066,1,24,Female,100,8.92,35,54,10,1,8,8,7.0,Yes,Yes,No,No,7,3.2,27,0
S03067,1,23,Female,75,6.86,55,65,15,0,3,5,7.7,Yes,Yes,Yes,No,7,10.0,24,0
S03068,2,20,Male,100,8.11,68,64,21,0,4,5,6.9,No,Yes,Yes,Yes,6,5.7,75,0
S03069,2,24,Female,63,8.11,100,91,13,3,7,6,7.7,Yes,No,No,No,7,7.2,10,0
S03070,8,22,Female,69,6.12,37,69,10,2,6,5,7.1,Yes,Yes,No,No,5,7.3,13,1
S03071,2,23,Female,60,6.5,82,82,12,0,1,4,7.6,Yes,Yes,Yes,No,3,6.0,53,0
S03072,2,19,Male,70,6.78,84,78,20,1,2,3,6.7,Yes,Yes,No,No,4,7.3,0,0
S03073,4,22,Male,82,8.32,77,97,14,0,4,10,6.3,Yes,Yes,Yes,No,6,8.1,20,0
S03074,1,22,Female,87,6.3,74,90,18,1,10,1,6.1,Yes,No,No,Yes,7,2.4,2,0
S03075,4,20,Female,67,7.39,83,51,19,2,8,2,7.8,Yes,Yes,Yes,Yes,5,6.6,60,1
S03076,7,19,Male,88,7.42,49,36,19,0,6,5,8.8,Yes,Yes,No,No,5,6.1,48,0
S03077,4,19,Male,90,7.38,77,58,17,1,2,7,6.1,Yes,Yes,Yes,Yes,1,4.8,45,0
S03078,7,20,Female,93,6.73,61,100,14,4,5,5,7.7,Yes,Yes,Yes,No,5,2.9,22,0
S03079,7,21,Male,74,7.61,54,78,13,1,5,7,6.4,Yes,Yes,No,No,9,5.4,14,0
S03080,2,22,Female,44,6.59,56,77,15,1,6,8,4.5,Yes,Yes,Yes,Yes,4,4.9,38,1
S03081,8,19,Male,100,6.37,71,71,24,0,4,5,7.1,Yes,Yes,Yes,No,6,4.7,37,0
S03082,4,19,Female,76,8.23,75,84,20,1,8,2,7.5,Yes,Yes,Yes,Yes,7,7.0,56,0
S03083,5,19,Male,70,7.93,74,100,35,2,7,6,7.6,Yes,Yes,No,No,3,5.2,56,0
S03084,7,21,Male,89,9.57,62,63,20,0,3,6,8.1,No,Yes,Yes,Yes,6,2.1,11,0
S03085,8,17,Male,75,7.85,74,100,23,0,3,5,6.2,No,Yes,Yes,No,10,10.4,53,0
S03086,8,20,Male,81,6.21,91,58,6,0,7,5,5.9,Yes,Yes,Yes,No,5,2.5,45,1
S03087,4,18,Female,65,9.07,81,75,15,0,1,3,6.7,Yes,Yes,No,No,3,4.0,29,0
S03088,1,19,Male,65,5.93,43,53,11,2,5,5,6.5,Yes,Yes,No,No,4,3.7,43,1
S03089,1,19,Female,72,6.76,54,71,11,2,3,1,7.2,Yes,Yes,No,No,6,3.3,48,0
S03090,8,19,Male,93,6.61,59,71,24,3,5,5,5.6,Yes,No,No,No,8,5.4,19,0
S03091,4,19,Female,69,6.69,88,54,26,0,7,3,8.3,Yes,Yes,Yes,No,7,6.2,20,0
S03092,6,18,Female,67,7.94,45,71,21,0,2,5,8.0,No,Yes,Yes,Yes,3,8.5,22,1
S03093,1,21,Male,67,6.6,68,82,22,0,5,6,7.1,Yes,Yes,Yes,Yes,4,6.1,18,0
S03094,5,19,Female,86,7.7,67,65,10,0,8,5,7.9,Yes,Yes,No,No,5,4.9,23,0
S03095,3,24,Female,55,6.97,60,53,14,0,7,5,6.7,Yes,Yes,No,No,6,4.9,61,1
S03096,3,24,Female,87,6.25,53,81,14,1,9,9,6.8,No,Yes,Yes,No,5,5.5,16,0
S03097,8,20,Male,55,5.25,82,75,18,0,3,9,6.1,Yes,Yes,No,No,7,2.4,44,0
S03098,2,22,Female,80,7.87,48,80,24,0,2,4,6.5,Yes,Yes,Yes,No,6,3.0,61,0
S03099,1,24,Male,98,6.77,52,81,19,0,4,6,7.3,Yes,Yes,Yes,Yes,6,4.9,0,0
S03100,8,22,Male,69,7.35,65,57,13,2,1,6,6.9,Yes,Yes,Yes,No,4,5.9,36,0
S03101,5,18,Female,65,7.53,58,70,27,4,5,5,6.6,Yes,Yes,No,No,4,7.3,31,0
S03102,3,19,Female,67,9.27,56,93,7,0,4,3,6.7,Yes,Yes,No,No,7,8.6,73,0
S03103,1,21,Female,76,7.65,61,51,17,1,5,5,6.8,Yes,Yes,Yes,No,6,6.3,20,0
S03104,3,20,Male,96,4.73,74,63,1,0,5,3,5.6,Yes,Yes,Yes,No,6,5.1,2,1
S03105,2,19,Male,68,7.97,44,71,2,0,7,6,8.4,Yes,Yes,No,No,4,6.1,42,0
S03106,2,24,Male,59,6.68,46,71,17,0,4,6,5.6,No,Yes,Yes,No,3,5.1,27,1
S03107,2,22,Male,91,6.15,75,63,11,1,4,3,7.0,Yes,Yes,Yes,No,4,5.4,16,0
S03108,8,21,Female,97,7.47,63,81,10,0,4,6,7.7,Yes,Yes,Yes,No,7,5.7,50,0
S03109,6,18,Male,72,6.79,87,62,23,1,7,9,6.9,No,Yes,Yes,No,3,6.3,17,0
S03110,8,19,Female,78,6.48,69,71,13,0,6,7,5.8,Yes,Yes,Yes,Yes,5,7.1,11,0
S03111,7,18,Male,61,6.93,54,86,16,2,3,8,6.9,Yes,Yes,No,Yes,6,6.0,69,0
S03112,1,17,Female,88,8.52,88,66,16,0,6,8,7.2,Yes,Yes,Yes,No,3,6.4,24,0
S03113,4,17,Female,92,8.09,48,100,6,0,4,9,5.5,Yes,Yes,Yes,Yes,2,2.5,49,0
S03114,1,22,Male,54,9.29,58,94,6,1,2,2,7.0,Yes,Yes,No,No,7,4.5,72,0
S03115,6,22,Male,66,7.85,94,82,26,2,3,4,4.6,Yes,Yes,No,No,4,3.9,58,0
S03116,2,17,Male,100,7.7,54,79,20,2,7,4,6.4,Yes,Yes,Yes,No,5,6.7,70,0
S03117,6,23,Female,75,6.17,77,66,20,1,6,4,5.8,No,Yes,Yes,No,8,8.5,57,0
S03118,5,20,Male,66,7.38,73,91,7,0,5,3,5.8,Yes,No,No,No,4,6.7,9,0
S03119,8,17,Male,84,6.51,65,86,17,0,1,6,5.2,Yes,Yes,Yes,No,8,7.0,65,0
S03120,2,18,Male,85,5.94,89,90,5,0,1,5,8.2,Yes,Yes,Yes,No,5,9.0,8,0
S03121,1,23,Female,96,7.07,85,82,9,2,5,5,8.1,Yes,Yes,No,No,4,7.0,33,0
S03122,8,17,Female,88,8.23,91,74,9,2,3,4,6.4,Yes,Yes,Yes,No,6,9.7,50,0
S03123,8,19,Male,63,7.66,95,72,14,5,3,10,6.6,Yes,Yes,No,No,6,2.8,36,0
S03124,1,18,Female,100,5.6,78,70,13,0,5,5,6.0,Yes,Yes,Yes,Yes,5,5.3,6,0
S03125,5,23,Female,86,6.65,76,84,9,0,1,10,5.7,Yes,Yes,Yes,Yes,3,4.2,9,0
S03126,2,21,Male,93,5.51,78,73,29,1,7,5,6.1,Yes,Yes,No,No,5,4.0,65,0
S03127,8,18,Female,58,8.18,72,83,21,1,4,8,7.1,Yes,Yes,Yes,Yes,5,5.2,38,0
S03128,1,18,Male,67,7.59,76,75,9,1,5,4,5.8,Yes,Yes,Yes,No,6,5.3,50,0
S03129,2,19,Female,57,7.28,58,96,3,1,3,9,7.0,Yes,Yes,Yes,No,6,6.7,48,0
S03130,2,23,Female,76,6.01,70,72,1,0,5,3,7.0,Yes,Yes,No,No,7,1.9,10,0
S03131,6,17,Male,75,7.0,100,77,18,1,5,6,7.6,Yes,Yes,No,Yes,3,8.8,18,0
S03132,5,23,Female,74,9.87,68,49,19,1,3,6,6.3,Yes,Yes,Yes,Yes,5,12.0,26,0
S03133,3,19,Female,58,9.16,98,56,9,1,2,3,6.4,Yes,Yes,No,No,4,3.9,33,1
S03134,6,19,Male,52,7.43,76,85,24,1,3,3,6.3,No,Yes,Yes,No,1,8.2,52,1
S03135,3,23,Female,98,9.53,75,67,9,1,10,3,8.6,Yes,Yes,Yes,Yes,4,8.5,54,0
S03136,2,23,Male,74,8.02,81,75,15,0,6,6,8.0,No,Yes,Yes,No,5,11.1,28,0
S03137,4,23,Male,96,7.12,100,72,8,0,4,6,7.3,No,Yes,Yes,Yes,5,4.7,37,0
S03138,2,21,Male,84,5.72,71,84,12,0,5,6,5.5,Yes,Yes,No,Yes,3,3.9,20,0
S03139,7,22,Male,56,7.53,83,79,1,1,5,5,7.1,No,Yes,No,Yes,3,7.8,8,1
S03140,1,23,Female,99,7.35,85,80,15,0,8,4,7.0,Yes,Yes,No,Yes,3,1.9,13,0
S03141,4,24,Male,100,7.68,94,89,7,0,3,4,7.7,Yes,Yes,Yes,No,3,1.7,42,0
S03142,1,23,Male,71,7.48,60,78,16,2,2,9,7.0,Yes,Yes,Yes,Yes,7,5.7,15,0
S03143,2,19,Male,74,8.55,82,67,19,1,3,7,7.1,No,Yes,Yes,No,9,5.0,8,0
S03144,5,23,Female,70,7.8,76,80,19,0,6,3,6.5,Yes,Yes,Yes,Yes,6,6.1,52,0
S03145,8,23,Female,100,5.26,72,48,21,2,8,5,5.4,Yes,Yes,Yes,Yes,4,4.7,30,1
S03146,6,23,Male,86,7.53,81,85,4,2,4,4,7.1,No,Yes,Yes,No,6,2.3,0,0
S03147,3,19,Male,99,8.25,43,66,11,0,5,8,7.4,No,Yes,Yes,No,5,4.3,45,0
S03148,5,17,Male,85,9.26,82,52,23,0,7,7,6.8,No,No,Yes,No,6,9.5,40,0
S03149,6,18,Male,100,6.79,57,62,21,0,1,7,7.4,Yes,Yes,No,No,2,7.7,0,0
S03150,8,24,Male,90,6.62,64,69,16,1,5,6,8.5,Yes,Yes,No,No,6,6.4,70,0
S03151,1,17,Male,68,6.25,69,36,12,3,7,3,7.1,No,Yes,No,No,8,6.4,37,1
S03152,1,18,Male,83,7.78,77,83,5,3,4,6,7.3,Yes,Yes,Yes,No,6,8.3,0,0
S03153,6,18,Female,79,7.55,65,80,7,0,3,3,7.2,Yes,Yes,Yes,No,6,1.3,25,0
S03154,8,20,Female,95,9.49,78,86,5,0,5,6,5.3,Yes,Yes,No,No,5,3.7,38,0
S03155,1,23,Female,84,8.13,73,59,4,2,7,5,7.5,Yes,Yes,Yes,No,3,5.1,28,1
S03156,4,17,Female,90,7.65,74,77,13,1,4,4,7.0,Yes,Yes,No,Yes,10,3.0,35,0
S03157,3,21,Female,82,7.9,49,62,17,2,5,7,8.1,Yes,Yes,No,No,4,5.3,55,0
S03158,2,21,Male,70,7.35,64,97,24,0,4,4,6.3,Yes,Yes,No,Yes,4,4.4,49,0
S03159,3,20,Female,69,7.18,79,72,15,1,1,5,8.3,Yes,Yes,No,No,1,3.2,48,0
S03160,1,20,Female,77,6.77,90,66,15,2,9,7,6.4,Yes,Yes,Yes,Yes,4,5.9,42,0
S03161,6,17,Female,82,6.77,48,88,12,1,2,4,7.8,Yes,Yes,No,No,6,4.9,18,0
S03162,2,24,Male,93,5.62,52,90,21,0,1,7,7.7,No,Yes,Yes,Yes,6,5.9,45,0
S03163,6,19,Male,76,7.81,64,92,15,0,6,6,6.1,No,Yes,No,Yes,5,4.8,47,0
S03164,2,24,Female,93,7.33,100,57,13,0,3,4,6.5,Yes,Yes,No,No,5,6.2,17,0
S03165,2,21,Male,93,7.75,60,96,17,1,1,9,6.5,Yes,Yes,No,Yes,7,6.6,0,0
S03166,2,22,Female,80,6.01,85,100,17,0,6,4,6.6,Yes,Yes,No,No,4,5.8,31,0
S03167,3,22,Male,87,7.19,81,55,13,4,5,1,7.0,Yes,Yes,No,No,4,4.4,40,0
S03168,7,20,Male,59,7.95,55,74,21,1,3,8,6.5,Yes,Yes,Yes,No,4,4.8,29,0
S03169,8,24,Male,71,7.65,57,67,1,0,6,4,8.2,Yes,Yes,Yes,Yes,3,5.4,0,0
S03170,3,18,Male,67,6.71,86,100,23,0,7,7,5.6,Yes,Yes,No,No,8,7.5,54,0
S03171,7,17,Female,99,7.34,56,81,11,1,1,5,7.5,Yes,Yes,Yes,No,6,5.8,18,0
S03172,7,20,Male,78,6.78,79,79,15,1,1,6,8.1,Yes,Yes,No,No,7,3.9,38,0
S03173,5,19,Female,58,6.21,82,70,14,3,4,5,4.8,Yes,Yes,Yes,Yes,7,6.7,26,1
S03174,1,21,Male,75,7.48,80,62,9,0,4,6,6.6,Yes,No,Yes,No,5,3.4,32,0
S03175,3,24,Male,85,9.25,73,89,8,1,5,5,7.6,No,Yes,No,No,3,3.9,49,0
S03176,4,24,Female,87,6.12,54,100,16,1,8,3,6.4,Yes,Yes,Yes,No,2,4.6,67,0
S03177,2,22,Male,57,7.15,68,69,14,0,1,5,7.8,Yes,Yes,Yes,No,4,4.1,42,0
S03178,3,18,Male,66,7.57,67,76,7,0,3,9,6.4,Yes,Yes,No,No,8,5.7,30,0
S03179,4,18,Male,76,7.48,88,55,27,1,7,4,6.8,No,Yes,No,No,5,3.9,16,0
S03180,2,19,Female,79,9.5,69,67,12,1,5,7,6.3,Yes,Yes,Yes,No,6,5.6,22,0
S03181,1,22,Female,91,6.9,57,43,29,0,2,5,5.9,Yes,Yes,Yes,No,6,2.8,58,0
S03182,6,18,Male,69,8.1,46,94,15,1,3,6,5.8,No,Yes,Yes,Yes,3,6.9,43,0
S03183,6,24,Male,68,6.36,80,100,1,0,5,3,7.3,Yes,No,Yes,Yes,5,5.7,51,0
S03184,5,21,Male,75,8.01,72,61,20,0,4,7,6.7,Yes,Yes,No,No,5,4.7,55,0
S03185,6,24,Male,96,7.26,42,40,20,4,3,7,7.3,Yes,Yes,Yes,No,6,5.2,40,0
S03186,6,18,Male,93,7.56,98,74,11,0,6,5,6.3,Yes,Yes,Yes,No,7,5.6,43,0
S03187,1,24,Female,83,6.7,92,67,8,1,5,8,8.6,No,Yes,No,Yes,5,7.7,25,0
S03188,2,23,Male,71,7.66,93,90,14,2,5,5,6.3,No,Yes,No,No,7,3.5,24,0
S03189,6,24,Female,65,8.11,66,59,15,3,4,7,5.6,Yes,Yes,No,No,4,6.2,41,0
S03190,7,23,Male,93,5.49,62,86,9,1,2,5,5.6,No,Yes,No,No,8,2.8,64,0
S03191,4,24,Male,61,6.69,64,38,29,2,2,5,7.4,No,Yes,Yes,No,6,5.6,15,1
S03192,1,20,Male,72,6.6,72,68,15,0,5,5,7.2,No,Yes,No,No,4,9.0,51,0
S03193,3,22,Male,68,7.73,100,63,16,1,10,4,6.7,Yes,Yes,No,No,6,5.1,6,0
S03194,2,20,Female,80,5.05,62,84,11,2,2,6,7.3,Yes,Yes,No,No,3,6.5,29,0
S03195,4,24,Male,70,5.77,65,77,8,0,2,6,7.8,Yes,Yes,Yes,No,6,8.1,25,0
S03196,6,19,Female,75,7.24,70,64,15,0,5,7,5.8,Yes,Yes,No,No,7,5.7,46,0
S03197,5,21,Female,54,6.02,89,42,18,0,2,4,7.1,Yes,Yes,Yes,No,7,7.4,51,0
S03198,7,24,Male,87,7.69,72,84,20,2,10,6,6.2,No,Yes,No,No,2,2.5,41,0
S03199,7,24,Female,81,6.75,68,97,6,4,1,5,7.1,Yes,Yes,Yes,No,6,6.9,50,0
S03200,8,20,Female,86,7.01,67,76,30,3,7,6,7.7,Yes,Yes,Yes,No,5,6.1,31,0
S03201,3,18,Female,77,9.28,58,55,19,1,4,5,7.5,Yes,Yes,No,No,6,5.7,73,0
S03202,2,23,Female,60,9.75,67,59,12,1,7,1,6.9,Yes,Yes,Yes,No,7,6.8,52,1
S03203,1,21,Female,79,6.46,64,89,1,0,5,7,5.8,Yes,Yes,Yes,No,7,5.5,42,0
S03204,8,21,Male,74,6.37,98,100,17,0,4,4,7.6,Yes,Yes,No,No,8,4.4,31,0
S03205,5,21,Male,69,6.22,83,68,22,3,6,5,6.0,No,Yes,Yes,No,4,5.9,71,1
S03206,7,17,Female,95,9.44,53,88,17,0,6,5,7.3,No,Yes,No,No,1,6.5,49,0
S03207,8,17,Male,66,6.9,73,56,25,1,5,7,6.6,Yes,Yes,No,Yes,2,5.4,58,0
S03208,4,23,Female,62,7.33,72,89,12,0,4,7,6.6,Yes,Yes,No,Yes,5,4.5,41,0
S03209,8,21,Female,79,6.38,54,80,20,2,6,7,7.3,No,Yes,Yes,No,6,3.2,22,0
S03210,5,23,Male,65,8.31,71,49,7,1,1,6,9.5,Yes,Yes,Yes,Yes,5,3.9,39,0
S03211,2,23,Female,60,7.17,73,93,21,0,7,4,7.0,Yes,Yes,Yes,No,2,5.2,57,0
S03212,3,21,Male,75,8.26,85,75,7,1,1,9,7.3,Yes,Yes,No,No,4,4.8,36,0
S03213,6,18,Male,77,6.48,61,82,23,1,5,5,8.4,Yes,Yes,Yes,Yes,6,3.6,50,0
S03214,7,17,Female,81,7.39,100,64,11,2,1,6,5.8,Yes,Yes,No,Yes,4,3.3,26,0
S03215,3,22,Female,90,8.8,76,65,11,1,8,8,6.2,No,Yes,Yes,No,7,7.8,34,0
S03216,1,19,Male,61,5.53,65,62,7,3,8,5,5.2,Yes,Yes,Yes,No,7,7.9,31,1
S03217,2,24,Male,80,7.41,73,64,19,0,5,6,6.6,Yes,Yes,No,No,9,4.0,49,0
S03218,4,17,Male,82,7.61,69,37,21,0,5,5,7.9,Yes,Yes,Yes,No,6,3.7,17,0
S03219,1,19,Male,71,9.33,59,73,27,1,3,8,7.4,Yes,Yes,Yes,No,6,5.2,34,0
S03220,1,22,Female,90,7.67,71,48,22,0,5,9,6.1,Yes,Yes,Yes,No,5,7.5,9,0
S03221,3,21,Female,75,8.27,96,59,17,1,1,8,6.1,Yes,Yes,Yes,Yes,4,4.4,33,0
S03222,1,24,Female,92,8.41,84,65,12,1,6,5,4.9,Yes,Yes,Yes,No,8,4.2,53,0
S03223,6,20,Female,84,7.12,74,43,21,3,3,5,6.4,Yes,Yes,Yes,No,7,5.8,61,0
S03224,4,21,Male,75,7.98,83,94,11,0,1,7,8.8,Yes,Yes,No,Yes,5,1.8,42,0
S03225,6,20,Male,67,5.8,57,70,11,2,3,3,6.9,No,Yes,No,Yes,3,6.0,14,1
S03226,2,19,Female,70,7.11,41,84,9,5,5,8,4.4,Yes,Yes,No,No,7,4.5,51,0
S03227,3,23,Female,91,6.36,92,90,15,0,4,3,7.1,Yes,Yes,Yes,Yes,4,4.6,76,0
S03228,1,23,Male,84,6.55,70,74,19,3,7,7,7.2,No,Yes,Yes,No,5,5.7,41,0
S03229,7,20,Male,87,8.13,85,73,17,3,4,3,7.1,No,Yes,Yes,Yes,6,7.0,40,0
S03230,4,18,Male,90,9.39,49,70,11,0,6,6,6.6,Yes,Yes,Yes,No,6,5.7,20,0
S03231,8,23,Male,66,6.9,53,49,17,1,7,9,8.7,No,Yes,No,No,9,1.8,57,0
S03232,2,23,Male,76,9.41,61,74,1,3,2,2,5.9,Yes,Yes,Yes,No,7,6.6,7,0
S03233,1,21,Female,90,7.76,94,69,22,0,5,6,7.4,Yes,Yes,Yes,No,5,3.6,24,0
S03234,8,20,Male,79,7.32,57,95,10,0,5,9,7.5,Yes,Yes,No,No,8,6.4,33,0
S03235,1,19,Male,86,5.55,86,81,13,0,5,6,6.9,Yes,Yes,No,Yes,4,6.4,43,0
S03236,5,20,Male,64,7.49,66,95,11,3,2,6,7.8,Yes,Yes,No,No,5,2.8,32,0
S03237,4,18,Male,85,7.88,66,92,10,0,4,4,7.6,Yes,Yes,Yes,No,5,6.8,39,0
S03238,6,17,Female,67,5.76,63,69,25,1,2,10,6.5,Yes,Yes,Yes,No,6,4.3,23,0
S03239,7,21,Female,100,7.56,65,100,17,0,9,5,7.5,Yes,Yes,Yes,No,5,3.1,26,0
S03240,6,18,Female,73,9.2,79,84,4,0,8,5,7.3,Yes,Yes,No,No,5,4.7,63,0
S03241,2,22,Male,70,10.0,68,87,20,2,5,2,6.1,Yes,Yes,No,Yes,7,5.8,52,0
S03242,6,19,Female,81,6.92,68,88,8,3,6,5,7.9,Yes,Yes,Yes,Yes,4,2.7,25,0
S03243,5,17,Male,100,6.49,80,62,15,2,6,5,6.1,Yes,Yes,Yes,Yes,4,3.1,34,0
S03244,1,17,Male,66,7.33,38,61,13,1,6,5,6.8,No,Yes,No,No,2,6.9,55,0
S03245,2,17,Male,79,5.68,70,100,11,0,1,6,7.5,Yes,No,No,No,7,6.0,17,0
S03246,7,18,Male,89,6.27,77,84,13,0,6,5,6.6,No,Yes,Yes,No,7,3.3,61,0
S03247,1,18,Female,76,7.88,80,78,11,1,4,7,8.1,Yes,Yes,No,No,4,9.2,32,0
S03248,1,22,Female,70,8.96,43,77,25,1,3,9,6.6,Yes,Yes,Yes,Yes,7,7.3,45,0
S03249,1,20,Male,71,6.96,55,91,14,1,3,7,8.4,Yes,Yes,No,Yes,8,3.9,0,0
S03250,8,22,Male,55,7.24,55,74,8,1,1,7,5.7,Yes,Yes,Yes,Yes,6,3.8,40,0
S03251,4,23,Female,71,6.46,53,97,24,2,6,7,8.8,Yes,Yes,No,No,4,1.5,15,0
S03252,7,24,Female,78,6.82,57,70,20,0,3,7,6.7,Yes,Yes,No,Yes,7,7.7,28,0
S03253,5,23,Male,69,5.82,53,65,1,1,5,5,5.6,Yes,Yes,No,Yes,5,7.6,41,1
S03254,3,18,Male,79,9.48,68,93,18,2,2,3,5.5,Yes,Yes,Yes,Yes,5,4.2,25,0
S03255,2,23,Male,75,7.11,36,35,7,1,3,5,6.3,Yes,Yes,No,No,8,6.1,45,0
S03256,1,22,Male,84,9.94,100,89,2,3,3,4,6.3,Yes,Yes,Yes,Yes,7,6.8,17,0
S03257,6,17,Female,94,7.75,84,70,11,0,6,5,8.5,Yes,Yes,No,No,4,4.3,3,0
S03258,2,20,Male,75,6.69,66,60,8,2,7,6,5.6,Yes,Yes,Yes,No,8,3.1,45,0
S03259,5,20,Male,91,7.66,84,40,19,2,6,7,5.9,Yes,Yes,No,Yes,5,1.0,26,0
S03260,5,19,Female,72,8.09,80,48,22,2,6,6,7.9,Yes,Yes,No,No,6,5.7,68,0
S03261,3,22,Male,94,7.43,85,73,1,3,3,1,6.2,Yes,Yes,No,No,8,3.7,47,0
S03262,1,21,Male,76,4.59,60,84,23,0,7,6,6.2,No,Yes,No,No,1,4.0,0,0
S03263,3,20,Male,67,8.09,52,84,16,2,5,5,7.5,Yes,Yes,Yes,No,7,4.0,80,0
S03264,6,17,Female,78,7.35,65,52,13,1,8,6,7.9,Yes,Yes,No,Yes,6,4.8,57,0
S03265,4,22,Male,57,7.27,60,52,14,1,4,4,6.8,No,Yes,No,No,7,5.4,41,0
S03266,2,22,Female,100,6.41,66,70,2,3,6,5,7.2,Yes,Yes,Yes,No,6,3.7,69,0
S03267,4,23,Male,68,7.86,67,82,10,1,4,8,5.0,No,Yes,Yes,No,6,1.5,0,0
S03268,4,17,Male,69,6.92,30,49,15,3,6,1,5.5,No,Yes,Yes,No,7,7.1,48,1
S03269,2,24,Male,76,7.01,47,78,20,0,4,10,6.4,Yes,Yes,Yes,No,6,3.3,70,0
S03270,1,19,Male,78,8.51,67,77,31,2,5,6,5.5,Yes,Yes,No,No,9,6.3,66,0
S03271,7,17,Male,71,6.8,79,69,10,1,4,5,8.1,Yes,Yes,Yes,No,2,5.7,24,0
S03272,1,19,Male,68,7.0,73,60,18,0,1,4,7.1,Yes,Yes,Yes,Yes,7,2.9,45,0
S03273,6,24,Female,81,5.61,57,62,15,0,2,4,7.2,Yes,Yes,No,Yes,8,4.1,29,0
S03274,2,18,Female,73,7.77,73,94,22,0,4,2,8.4,Yes,Yes,Yes,Yes,6,5.3,13,0
S03275,2,21,Male,81,6.79,82,100,11,1,4,7,8.4,Yes,Yes,Yes,Yes,3,3.1,10,0
S03276,2,24,Female,86,7.43,94,76,29,1,6,4,5.0,No,Yes,Yes,No,3,6.2,23,0
S03277,7,23,Female,76,7.5,55,92,24,3,5,7,6.8,Yes,Yes,Yes,Yes,4,5.6,71,0
S03278,2,20,Female,82,6.97,79,76,20,0,4,6,6.1,Yes,Yes,No,No,6,2.7,6,0
S03279,5,24,Female,73,8.1,80,69,15,0,6,8,6.4,Yes,Yes,No,Yes,7,7.0,54,0
S03280,7,21,Female,66,6.08,89,100,30,0,4,5,5.0,Yes,Yes,Yes,No,4,7.1,26,0
S03281,1,18,Female,86,6.58,73,94,11,0,4,1,6.7,Yes,Yes,Yes,Yes,10,4.2,42,0
S03282,4,17,Male,94,6.24,85,52,19,3,4,2,6.3,Yes,Yes,No,No,5,3.3,19,0
S03283,3,18,Male,84,9.01,62,85,21,1,2,8,7.3,Yes,Yes,Yes,Yes,4,8.0,43,0
S03284,2,17,Male,81,5.03,73,55,18,0,2,6,7.7,Yes,Yes,No,No,5,4.9,25,0
S03285,6,24,Female,71,5.6,70,60,21,0,4,4,7.5,Yes,Yes,No,No,6,2.8,42,0
S03286,7,22,Female,74,7.11,59,73,14,0,6,6,6.9,Yes,Yes,No,Yes,6,6.5,51,0
S03287,5,18,Female,100,7.05,43,74,8,1,4,4,5.4,Yes,Yes,No,No,3,3.4,43,0
S03288,2,19,Female,100,6.43,60,35,7,0,3,8,6.7,Yes,Yes,Yes,Yes,2,7.2,19,0
S03289,8,20,Male,87,6.62,49,66,10,3,6,4,6.8,Yes,Yes,Yes,Yes,8,2.5,54,1
S03290,5,24,Male,67,5.92,50,66,11,0,8,1,6.0,No,Yes,Yes,No,5,6.0,22,1
S03291,6,19,Female,61,7.06,92,50,17,1,1,8,7.5,No,Yes,No,No,6,4.6,73,0
S03292,2,20,Male,64,6.57,55,82,17,0,2,4,7.1,Yes,Yes,Yes,No,8,9.1,31,0
S03293,5,22,Male,91,4.36,66,54,26,0,5,7,7.4,Yes,Yes,No,No,9,4.9,62,0
S03294,2,18,Male,60,8.14,62,74,16,2,3,9,7.7,Yes,Yes,No,No,9,7.2,21,0
S03295,3,18,Male,71,7.73,70,100,11,1,3,1,7.6,Yes,Yes,Yes,No,8,5.9,35,0
S03296,4,18,Male,100,7.63,76,100,16,0,5,6,5.2,Yes,Yes,No,No,7,4.2,56,0
S03297,3,17,Female,67,7.07,50,94,16,2,2,10,6.9,Yes,No,No,No,5,2.9,42,0
S03298,4,18,Female,72,6.15,59,55,22,1,3,8,7.9,Yes,Yes,No,No,8,3.9,0,0
S03299,6,24,Male,55,7.77,78,61,15,0,2,3,8.4,Yes,Yes,Yes,No,3,4.2,59,0
S03300,7,20,Male,90,8.25,71,89,16,0,2,9,5.5,No,Yes,Yes,No,6,7.7,46,0
S03301,2,21,Female,80,6.32,71,87,26,0,5,9,6.7,Yes,Yes,Yes,Yes,6,4.5,0,0
S03302,1,19,Female,84,6.51,65,61,14,0,2,6,6.0,Yes,Yes,No,Yes,4,3.9,63,0
S03303,6,20,Female,67,7.98,55,90,13,0,2,6,6.5,Yes,No,No,Yes,7,3.9,41,0
S03304,1,22,Female,73,7.19,74,100,16,1,5,5,7.4,Yes,Yes,Yes,No,8,6.7,14,0
S03305,4,21,Male,81,6.29,74,68,27,2,3,6,5.5,Yes,Yes,No,Yes,6,6.5,13,0
S03306,7,24,Female,88,9.37,89,54,27,0,5,2,7.7,Yes,Yes,Yes,Yes,5,4.3,45,0
S03307,2,23,Male,56,7.78,93,74,2,0,5,5,6.0,Yes,No,No,No,5,6.8,18,0
S03308,2,22,Male,62,8.36,92,84,13,2,1,9,6.6,Yes,No,No,No,6,5.5,22,0
S03309,4,23,Female,86,9.59,79,55,15,0,3,10,6.5,Yes,Yes,No,No,6,5.1,20,0
S03310,1,19,Female,60,4.08,48,64,24,0,4,5,6.1,Yes,Yes,Yes,No,4,5.3,84,1
S03311,2,23,Male,82,7.0,99,91,13,3,5,5,7.9,Yes,Yes,Yes,No,6,4.0,4,0
S03312,4,19,Female,65,6.99,82,100,13,1,5,7,5.3,Yes,Yes,Yes,No,4,5.4,48,0
S03313,6,21,Female,79,6.75,53,71,17,4,3,5,7.8,Yes,Yes,Yes,No,9,4.6,21,0
S03314,7,23,Female,81,5.88,72,74,14,1,4,4,5.5,Yes,Yes,Yes,No,6,1.9,71,0
S03315,2,18,Female,80,7.09,93,79,12,1,1,9,5.0,Yes,Yes,Yes,No,9,4.3,20,0
S03316,8,22,Female,81,7.65,61,78,14,0,5,6,7.2,Yes,Yes,No,No,6,3.4,78,0
S03317,8,19,Female,48,6.65,83,79,14,1,6,7,7.5,No,Yes,No,Yes,8,7.3,70,0
S03318,7,20,Male,83,9.48,81,35,13,0,3,2,7.0,Yes,Yes,Yes,No,7,4.0,49,0
S03319,2,22,Female,86,8.4,38,96,23,1,4,4,8.5,No,Yes,No,Yes,5,8.5,0,0
S03320,3,20,Female,65,6.31,78,38,24,1,5,9,8.6,Yes,Yes,No,Yes,6,9.4,0,0
S03321,4,18,Female,73,7.52,60,62,18,1,4,6,6.9,Yes,Yes,Yes,No,8,2.2,14,0
S03322,1,18,Male,85,7.88,47,69,11,2,2,6,7.5,Yes,Yes,Yes,No,5,2.2,40,0
S03323,6,17,Male,78,7.16,60,58,16,2,7,4,6.7,No,Yes,Yes,No,7,7.1,21,0
S03324,1,21,Female,79,6.64,41,81,18,0,4,7,7.8,Yes,No,Yes,Yes,7,4.0,47,0
S03325,2,21,Female,57,8.49,72,41,12,0,5,8,8.0,Yes,Yes,No,No,5,2.5,45,0
S03326,2,21,Male,81,6.26,84,75,8,2,3,7,4.6,Yes,Yes,No,No,4,4.1,24,0
S03327,8,21,Female,71,6.36,73,82,8,1,9,5,7.4,Yes,Yes,Yes,Yes,8,4.1,6,0
S03328,4,19,Male,73,8.53,69,80,12,0,2,7,8.6,Yes,No,Yes,Yes,5,9.2,39,0
S03329,4,17,Male,64,7.32,87,60,9,2,3,8,7.8,Yes,No,No,No,5,4.4,14,0
S03330,5,18,Female,67,6.38,70,69,15,0,5,5,6.9,No,Yes,Yes,Yes,1,6.0,43,0
S03331,8,19,Male,75,5.96,70,84,15,0,4,2,6.6,Yes,Yes,Yes,No,4,4.7,32,0
S03332,6,18,Female,90,6.85,100,84,6,0,3,8,5.3,Yes,Yes,No,Yes,5,5.0,14,0
S03333,2,18,Male,77,6.01,94,86,10,1,4,5,5.6,Yes,Yes,No,No,8,5.0,54,0
S03334,4,20,Female,74,6.06,56,88,9,1,4,8,6.3,No,Yes,Yes,Yes,6,6.5,55,0
S03335,5,18,Male,85,9.71,88,62,21,0,6,6,7.1,Yes,Yes,No,No,7,3.6,47,0
S03336,3,18,Male,62,8.07,87,79,14,1,2,7,7.2,No,Yes,No,Yes,3,7.3,9,0
S03337,3,24,Female,79,5.98,91,52,20,2,7,4,6.2,Yes,Yes,No,No,5,2.4,36,1
S03338,4,17,Male,85,7.19,80,61,7,0,1,5,8.0,Yes,Yes,Yes,No,8,9.3,52,0
S03339,4,18,Male,58,6.87,56,60,14,1,5,6,6.6,Yes,Yes,Yes,No,7,8.0,34,0
S03340,1,24,Male,78,7.02,59,63,11,2,6,7,7.4,Yes,Yes,Yes,Yes,8,7.0,7,0
S03341,2,20,Male,78,7.2,78,62,8,2,5,7,5.5,No,Yes,Yes,Yes,10,6.9,25,0
S03342,5,20,Male,86,6.82,59,61,16,2,1,6,8.2,Yes,Yes,No,No,5,2.9,31,0
S03343,6,21,Female,72,8.17,59,44,12,1,2,4,6.7,No,Yes,Yes,No,3,6.3,40,0
S03344,5,19,Male,81,6.47,81,76,20,1,6,8,7.8,Yes,Yes,Yes,No,7,2.4,12,0
S03345,7,19,Female,75,6.63,60,100,1,1,5,7,5.6,No,Yes,No,Yes,6,4.5,46,0
S03346,7,22,Female,63,6.03,60,50,18,1,1,6,7.1,Yes,Yes,No,No,2,2.5,8,0
S03347,4,24,Female,88,4.86,71,100,16,2,4,5,6.0,No,Yes,Yes,No,7,3.7,30,0
S03348,3,24,Male,73,8.41,81,93,15,1,5,7,7.9,Yes,Yes,No,No,6,7.4,44,0
S03349,3,22,Female,63,6.5,68,95,16,1,5,6,6.1,Yes,Yes,No,No,4,3.7,54,0
S03350,7,21,Male,71,6.82,62,61,17,1,5,6,8.2,Yes,Yes,Yes,No,3,5.9,54,0
S03351,8,22,Female,96,8.91,64,84,12,0,5,10,9.3,Yes,No,No,No,7,4.6,48,0
S03352,3,21,Female,64,7.12,67,74,18,2,4,6,4.7,Yes,Yes,No,Yes,5,5.7,29,0
S03353,4,21,Female,75,6.01,81,69,21,1,4,7,6.3,Yes,Yes,Yes,Yes,6,4.5,31,0
S03354,7,20,Male,77,7.15,66,54,4,2,7,4,8.3,Yes,Yes,No,Yes,9,6.5,38,1
S03355,2,24,Female,83,6.34,70,86,12,1,3,6,6.2,Yes,Yes,Yes,No,4,6.7,47,0
S03356,5,20,Female,74,6.87,65,86,6,1,10,2,5.1,No,No,Yes,No,4,7.5,40,1
S03357,8,19,Female,84,7.17,31,35,20,1,3,9,7.8,Yes,No,Yes,Yes,5,4.5,7,0
S03358,4,21,Male,94,6.63,65,100,10,2,6,9,5.6,Yes,Yes,Yes,No,5,6.8,5,0
S03359,6,23,Male,76,6.66,44,51,10,0,5,5,5.6,Yes,Yes,Yes,No,9,7.3,27,0
S03360,2,19,Female,92,7.31,83,59,19,1,5,1,8.0,No,No,No,No,7,6.0,13,0
S03361,4,19,Male,72,5.47,56,85,11,2,7,7,7.2,Yes,No,Yes,No,7,12.0,45,1
S03362,7,24,Male,58,8.63,44,80,14,2,5,6,7.3,Yes,Yes,No,Yes,4,3.1,58,1
S03363,3,17,Female,63,8.43,60,87,1,0,7,7,7.8,Yes,Yes,No,No,7,5.4,38,0
S03364,5,21,Male,85,7.92,75,75,13,1,5,5,6.1,No,Yes,Yes,No,4,5.6,37,0
S03365,4,24,Female,79,6.17,80,100,23,0,6,6,6.0,Yes,Yes,Yes,No,5,5.3,12,0
S03366,2,24,Male,76,7.46,61,78,7,3,2,2,6.5,Yes,Yes,No,Yes,2,4.5,66,1
S03367,3,21,Female,81,8.17,68,62,8,1,3,5,8.5,Yes,No,No,No,3,7.1,30,0
S03368,8,20,Female,92,6.8,67,81,9,0,1,6,6.0,Yes,Yes,No,No,7,3.9,35,0
S03369,6,19,Female,70,6.42,79,50,19,1,6,6,8.8,Yes,No,No,No,6,4.3,0,0
S03370,3,20,Female,68,6.03,46,99,16,2,2,4,5.9,Yes,Yes,No,Yes,9,7.1,31,1
S03371,5,24,Male,62,7.39,58,61,19,2,1,1,5.8,No,Yes,Yes,No,6,2.9,2,1
S03372,1,19,Female,68,7.91,79,91,15,1,3,5,8.4,Yes,Yes,Yes,No,5,6.1,27,0
S03373,5,18,Male,74,7.33,60,80,8,3,5,8,7.1,Yes,Yes,Yes,No,6,2.8,29,0
S03374,5,24,Female,66,6.08,77,97,26,1,4,7,7.0,Yes,Yes,No,Yes,3,9.6,0,0
S03375,5,19,Female,84,7.58,82,77,12,1,4,4,5.9,Yes,Yes,Yes,No,5,3.0,32,0
S03376,2,19,Male,92,7.02,78,76,28,1,3,8,5.2,Yes,Yes,Yes,Yes,4,4.8,25,0
S03377,6,21,Male,88,7.59,72,77,13,0,2,9,5.5,Yes,Yes,No,No,6,10.3,73,0
S03378,8,20,Female,93,8.01,66,62,9,0,6,6,6.9,Yes,Yes,No,No,6,5.3,0,0
S03379,4,22,Female,92,5.89,83,68,15,2,3,5,8.0,Yes,Yes,No,No,4,4.4,0,0
S03380,6,21,Female,93,7.36,62,77,29,1,6,6,6.7,Yes,No,Yes,No,2,4.4,44,0
S03381,8,17,Female,59,7.24,71,35,12,1,6,5,6.3,Yes,Yes,Yes,No,7,7.6,29,0
S03382,8,19,Female,72,6.69,63,85,19,2,3,7,7.9,Yes,Yes,Yes,No,6,3.2,70,0
S03383,3,18,Female,92,5.11,59,100,21,0,9,3,5.8,Yes,Yes,Yes,No,1,3.9,19,1
S03384,7,20,Female,75,5.32,86,58,20,0,2,7,7.3,Yes,Yes,No,No,6,6.0,45,0
S03385,5,18,Male,54,8.29,78,50,22,0,5,6,7.0,Yes,Yes,Yes,No,5,3.2,42,0
S03386,2,20,Female,90,6.54,84,69,25,0,3,4,9.0,No,Yes,Yes,No,7,6.0,48,0
S03387,2,17,Female,84,7.86,53,46,14,0,7,3,5.5,No,Yes,No,No,4,5.7,0,1
S03388,5,20,Male,70,7.65,70,91,21,0,4,6,5.8,No,Yes,Yes,No,10,1.3,37,0
S03389,7,23,Male,74,6.74,57,95,14,0,7,10,9.0,Yes,Yes,No,No,4,6.6,60,0
S03390,6,19,Male,94,6.65,68,62,23,0,2,3,6.0,Yes,Yes,Yes,No,6,6.9,58,0
S03391,4,17,Female,54,7.22,69,80,7,1,3,3,6.1,Yes,Yes,No,No,5,2.8,34,0
S03392,4,21,Male,87,7.08,69,54,9,1,6,4,7.4,Yes,Yes,No,Yes,8,8.9,61,0
S03393,3,21,Female,70,7.55,65,89,6,2,7,6,6.8,Yes,Yes,Yes,No,5,6.8,83,0
S03394,7,24,Male,72,10.0,65,59,10,3,6,5,5.9,Yes,Yes,Yes,No,7,3.8,16,1
S03395,2,18,Female,78,6.73,100,86,1,2,5,6,6.3,Yes,Yes,Yes,Yes,6,1.9,84,0
S03396,4,18,Female,97,9.96,57,60,15,0,5,7,7.9,Yes,Yes,Yes,No,7,5.6,22,0
S03397,4,22,Male,75,9.97,66,35,10,0,2,4,5.8,Yes,Yes,No,Yes,7,6.1,62,0
S03398,7,23,Male,92,6.02,54,45,12,1,4,7,7.0,No,Yes,Yes,Yes,8,5.1,44,0
S03399,6,20,Male,50,8.84,74,58,12,2,6,8,6.2,Yes,Yes,Yes,No,10,4.1,8,1
S03400,3,24,Male,68,7.4,60,73,15,0,3,5,5.7,Yes,Yes,Yes,No,5,7.7,24,0
S03401,7,24,Female,85,7.94,50,60,20,2,6,7,6.3,No,Yes,Yes,Yes,4,5.2,32,0
S03402,6,20,Female,100,8.56,78,85,13,0,6,1,6.4,Yes,Yes,No,No,4,6.7,42,0
S03403,2,22,Male,100,7.14,55,45,11,0,3,8,6.8,Yes,Yes,Yes,No,6,5.5,37,0
S03404,3,24,Female,54,8.87,66,67,20,0,6,7,6.4,No,Yes,Yes,No,3,4.1,38,0
S03405,6,22,Male,81,6.92,67,55,8,2,3,3,7.9,Yes,Yes,No,No,5,7.5,51,0
S03406,8,23,Female,91,6.03,72,91,21,1,9,3,8.7,No,Yes,Yes,No,6,8.3,42,0
S03407,4,22,Female,91,7.53,53,35,19,0,8,5,7.5,Yes,Yes,Yes,No,7,4.7,24,0
S03408,4,20,Female,90,7.41,50,100,13,2,6,9,7.3,Yes,Yes,Yes,Yes,6,2.1,40,0
S03409,1,21,Female,60,6.13,55,66,17,0,7,6,8.4,No,Yes,Yes,No,8,9.7,41,0
S03410,5,18,Male,74,6.47,77,68,30,0,5,6,6.5,Yes,Yes,No,Yes,6,4.7,0,0
S03411,2,22,Male,69,7.25,100,79,5,0,4,5,5.4,Yes,Yes,No,No,6,6.3,6,0
S03412,4,19,Female,59,7.4,70,71,15,0,3,3,6.6,Yes,Yes,No,No,6,6.5,23,0
S03413,7,22,Female,90,7.47,85,75,29,1,5,5,7.7,Yes,Yes,Yes,No,4,8.9,62,0
S03414,7,17,Female,69,8.44,93,73,18,0,5,5,7.5,Yes,Yes,Yes,No,5,4.3,32,0
S03415,8,21,Male,89,5.84,66,74,28,0,5,6,6.8,Yes,Yes,Yes,No,9,6.8,38,0
S03416,6,20,Male,68,6.01,66,95,18,2,6,6,6.5,Yes,Yes,Yes,No,5,4.0,41,0
S03417,1,17,Male,69,6.55,77,88,14,0,5,4,7.6,Yes,Yes,No,No,8,4.8,41,0
S03418,8,23,Female,67,8.12,78,90,9,1,3,7,7.6,Yes,Yes,No,No,4,7.2,52,0
S03419,7,17,Male,86,6.52,85,63,8,0,5,5,5.4,Yes,Yes,No,No,5,7.7,13,0
S03420,7,22,Male,84,7.37,70,67,13,0,4,6,7.2,Yes,Yes,No,Yes,6,7.3,25,0
S03421,2,22,Male,65,6.79,65,100,34,1,3,6,6.4,Yes,Yes,No,No,6,4.1,69,0
S03422,4,17,Male,61,5.76,70,69,5,0,3,6,5.3,No,Yes,No,No,7,3.1,50,1
S03423,3,17,Female,56,6.7,96,53,13,0,6,7,6.2,Yes,Yes,Yes,No,4,5.3,0,1
S03424,2,18,Female,57,8.05,61,96,21,1,2,1,7.5,No,Yes,Yes,Yes,8,7.8,25,0
S03425,7,18,Female,75,7.66,48,100,8,0,3,10,7.1,No,Yes,No,No,7,5.3,93,0
S03426,8,23,Female,52,6.96,33,66,16,0,5,3,6.1,Yes,Yes,Yes,No,7,3.9,54,1
S03427,4,22,Male,67,8.17,50,35,8,2,7,2,6.7,Yes,No,No,Yes,8,9.7,24,1
S03428,6,17,Female,78,9.6,90,93,17,0,4,6,6.4,Yes,Yes,Yes,No,1,6.0,3,0
S03429,4,19,Female,83,7.51,38,89,16,0,5,5,5.4,No,Yes,Yes,No,7,3.4,14,0
S03430,1,19,Female,100,7.44,71,100,15,0,5,3,8.0,Yes,Yes,Yes,Yes,5,4.3,42,0
S03431,8,24,Male,100,5.84,62,70,18,1,3,4,6.2,Yes,Yes,No,No,7,4.8,25,0
S03432,6,20,Male,89,5.92,42,70,23,2,6,5,7.6,No,Yes,Yes,No,2,7.2,52,1
S03433,1,22,Male,68,7.55,78,78,14,2,4,5,5.0,Yes,Yes,Yes,No,4,5.2,43,0
S03434,3,19,Male,75,5.87,59,62,1,2,4,7,6.7,Yes,Yes,Yes,No,1,4.1,47,1
S03435,1,20,Male,71,4.46,79,100,6,0,2,2,5.9,No,Yes,No,No,1,4.6,4,1
S03436,2,21,Female,72,6.6,59,35,14,0,5,4,7.5,Yes,Yes,Yes,Yes,6,7.3,10,0
S03437,1,21,Male,88,6.53,64,53,17,0,5,4,7.6,Yes,Yes,No,No,2,7.2,50,0
S03438,4,18,Male,78,9.6,77,100,9,2,5,5,6.6,Yes,Yes,Yes,No,3,3.0,50,0
S03439,3,24,Female,87,8.04,100,48,16,3,4,6,8.3,Yes,Yes,Yes,No,5,5.6,3,0
S03440,3,18,Male,79,8.49,51,75,20,2,4,6,5.4,Yes,Yes,No,No,4,3.6,7,0
S03441,4,17,Male,88,9.98,60,58,33,1,2,7,7.2,Yes,Yes,Yes,No,4,4.0,43,0
S03442,4,22,Female,91,7.98,79,55,12,2,5,6,8.0,Yes,Yes,Yes,No,7,4.8,27,0
S03443,7,21,Male,74,8.08,66,35,22,1,2,7,7.9,Yes,Yes,No,No,9,5.6,20,0
S03444,5,18,Female,87,6.04,70,86,9,1,2,5,6.1,No,Yes,No,Yes,8,7.2,25,0
S03445,6,19,Male,80,6.85,70,86,19,0,5,6,7.1,No,Yes,No,No,7,7.9,0,0
S03446,1,18,Male,62,7.5,75,98,15,1,1,8,6.9,Yes,Yes,No,Yes,5,1.5,36,0
S03447,4,18,Male,100,7.1,50,90,15,0,6,5,6.4,Yes,Yes,No,Yes,6,1.5,49,0
S03448,3,22,Male,92,6.95,59,70,7,0,6,5,6.6,Yes,Yes,No,Yes,5,6.1,8,0
S03449,1,20,Female,81,6.43,67,79,14,2,3,5,6.4,No,Yes,Yes,No,5,8.2,25,0
S03450,4,18,Female,71,7.1,52,100,5,1,5,8,6.6,Yes,Yes,Yes,Yes,7,5.6,19,0
S03451,1,19,Male,77,7.32,77,98,19,2,3,5,4.5,Yes,Yes,Yes,No,5,3.8,27,0
S03452,3,17,Female,75,6.42,53,90,8,0,4,7,8.8,Yes,Yes,Yes,No,7,7.2,68,0
S03453,7,22,Male,98,8.19,77,90,9,1,6,7,6.1,No,Yes,Yes,No,6,4.4,71,0
S03454,2,24,Female,68,7.45,91,84,6,1,4,6,6.8,No,Yes,No,No,7,6.4,34,0
S03455,1,24,Female,78,7.03,59,97,15,1,6,1,6.9,No,Yes,Yes,No,4,6.4,28,0
S03456,4,22,Female,97,8.52,41,81,13,2,6,8,6.2,Yes,No,Yes,Yes,5,3.6,42,0
S03457,1,20,Female,69,6.5,66,79,9,1,5,9,7.3,Yes,Yes,No,No,7,6.6,19,0
S03458,3,17,Male,67,5.94,80,73,19,0,8,5,8.0,Yes,Yes,Yes,Yes,6,5.3,21,1
S03459,5,24,Female,100,7.36,79,68,11,1,9,5,6.4,No,Yes,No,No,6,3.6,0,0
S03460,3,23,Female,69,6.85,58,74,17,2,3,6,6.9,Yes,Yes,No,No,2,1.3,24,0
S03461,8,20,Female,70,6.93,65,81,19,0,5,4,5.6,Yes,Yes,No,No,8,6.0,21,0
S03462,1,18,Female,75,5.0,73,81,5,3,3,4,9.0,Yes,Yes,No,No,4,8.2,39,1
S03463,3,21,Female,82,8.05,85,62,18,0,6,7,5.6,Yes,Yes,No,No,5,6.3,32,0
S03464,3,23,Female,71,6.42,71,88,15,0,5,2,4.7,Yes,Yes,Yes,Yes,5,2.5,22,0
S03465,7,18,Male,81,7.48,89,71,16,0,6,6,7.7,Yes,Yes,Yes,No,3,5.4,35,0
S03466,2,22,Male,92,6.42,54,37,18,0,6,6,6.8,Yes,Yes,No,No,8,5.0,0,0
S03467,3,18,Male,96,6.6,70,79,1,0,4,6,6.5,Yes,Yes,Yes,No,4,2.5,22,0
S03468,4,18,Male,84,5.98,55,81,11,1,5,5,7.3,Yes,Yes,No,No,5,5.0,41,0
S03469,8,22,Male,65,7.48,69,72,9,2,1,4,7.2,Yes,Yes,No,No,5,5.3,46,0
S03470,8,24,Male,71,5.68,56,43,14,1,3,4,6.6,Yes,Yes,No,No,9,3.5,43,0
S03471,5,20,Male,74,6.1,74,82,18,1,4,4,6.3,Yes,Yes,Yes,Yes,6,6.5,47,0
S03472,7,19,Female,78,5.52,67,74,1,0,3,6,5.8,No,Yes,No,Yes,5,3.8,28,1
S03473,2,18,Male,81,6.17,71,79,19,1,7,7,4.2,Yes,Yes,No,Yes,6,5.2,50,0
S03474,6,19,Male,75,6.88,71,79,18,0,4,5,7.6,No,Yes,No,Yes,6,7.3,21,0
S03475,8,17,Male,73,6.39,76,38,25,0,3,9,8.1,Yes,Yes,Yes,Yes,4,8.4,35,0
S03476,8,23,Female,62,7.18,82,68,2,3,7,8,5.9,Yes,Yes,Yes,No,5,6.8,64,1
S03477,2,23,Male,79,6.79,75,82,14,2,1,3,5.4,Yes,Yes,Yes,Yes,5,6.8,14,0
S03478,5,19,Male,70,6.55,84,50,36,3,6,4,8.1,No,Yes,Yes,No,6,7.8,49,1
S03479,1,24,Male,81,7.31,57,72,3,0,3,3,6.7,Yes,Yes,Yes,No,2,8.3,26,0
S03480,7,20,Female,86,4.8,54,57,22,0,7,4,6.2,Yes,Yes,Yes,No,4,4.6,54,1
S03481,8,17,Male,80,8.07,77,100,16,0,4,4,6.6,Yes,Yes,Yes,No,2,4.5,65,0
S03482,6,17,Female,78,6.11,51,100,18,1,4,4,6.9,No,Yes,No,No,5,6.7,14,0
S03483,7,17,Male,74,8.55,63,100,16,4,5,6,7.8,No,Yes,Yes,No,6,5.4,9,0
S03484,4,17,Male,77,8.73,94,100,9,3,6,4,5.0,Yes,Yes,Yes,No,3,5.2,27,0
S03485,5,20,Female,63,8.49,73,35,8,1,6,6,5.9,No,Yes,No,No,7,4.4,56,1
S03486,2,22,Male,91,7.98,60,68,9,2,5,7,6.9,No,Yes,Yes,Yes,8,8.6,50,0
S03487,5,22,Female,84,5.83,79,57,8,0,4,5,8.0,Yes,Yes,No,No,7,6.8,37,0
S03488,7,24,Female,70,6.37,96,70,18,0,4,2,7.3,Yes,Yes,No,No,4,8.4,38,0
S03489,4,19,Male,78,6.82,50,46,14,2,4,9,6.8,Yes,Yes,Yes,Yes,9,6.1,56,0
S03490,4,22,Male,94,6.51,76,81,17,0,6,4,4.9,No,Yes,Yes,No,6,7.5,33,0
S03491,2,18,Male,83,8.19,72,79,36,0,4,8,7.2,Yes,Yes,No,No,3,1.5,26,0
S03492,4,19,Male,86,6.64,77,77,18,0,8,3,6.5,Yes,Yes,No,No,9,3.5,0,0
S03493,3,17,Female,92,6.21,49,100,14,0,3,4,7.5,No,Yes,No,No,6,7.6,35,0
S03494,2,19,Male,90,7.61,73,78,10,0,4,3,5.6,Yes,Yes,No,Yes,4,8.3,36,0
S03495,6,18,Female,87,8.47,57,66,3,2,7,3,8.8,No,Yes,No,No,5,5.8,39,1
S03496,4,18,Male,82,6.57,75,70,16,2,4,8,6.6,Yes,Yes,Yes,Yes,10,3.4,13,0
S03497,6,17,Female,92,7.46,63,90,14,0,2,2,4.4,Yes,Yes,Yes,No,3,3.4,48,0
S03498,7,21,Male,80,8.62,51,100,1,3,3,6,6.1,Yes,Yes,No,Yes,6,6.1,29,0
S03499,3,23,Male,75,7.44,82,81,13,2,4,5,5.7,Yes,Yes,No,No,4,6.2,22,0
S03500,5,24,Female,73,8.51,65,91,14,0,6,1,4.6,Yes,Yes,Yes,No,4,2.7,24,0
S03501,1,23,Female,86,6.66,71,70,17,0,4,1,5.9,No,Yes,Yes,No,4,1.0,38,0
S03502,8,19,Female,79,7.81,100,88,23,0,4,6,7.5,No,Yes,No,No,1,4.8,23,0
S03503,8,23,Female,97,6.01,33,77,7,1,5,8,6.4,Yes,Yes,No,Yes,6,4.1,10,0
S03504,8,21,Female,80,6.7,49,43,8,1,4,8,6.5,Yes,Yes,Yes,Yes,7,3.5,57,0
S03505,5,18,Female,77,6.99,100,93,16,0,8,6,8.0,Yes,Yes,Yes,Yes,5,4.6,12,0
S03506,1,19,Female,86,5.04,55,61,19,2,8,6,6.8,Yes,Yes,Yes,Yes,2,1.2,26,1
S03507,3,18,Male,74,7.73,92,80,20,2,6,8,4.7,Yes,Yes,Yes,No,1,1.0,52,0
S03508,7,22,Male,88,7.48,54,100,6,0,7,4,7.0,Yes,Yes,Yes,No,6,6.1,48,0
S03509,6,20,Female,55,6.38,75,53,19,0,1,6,5.7,No,Yes,Yes,Yes,6,8.0,37,1
S03510,5,24,Female,85,7.78,51,86,16,0,7,7,7.8,Yes,Yes,No,Yes,7,6.1,45,0
S03511,2,18,Female,63,7.29,62,97,10,0,5,6,6.3,No,Yes,Yes,Yes,7,3.8,0,0
S03512,4,21,Female,60,7.38,84,57,17,0,9,6,8.9,Yes,Yes,No,No,4,2.6,43,1
S03513,8,23,Male,64,6.42,69,65,15,0,4,8,7.7,Yes,Yes,Yes,No,6,4.1,47,0
S03514,4,17,Female,80,8.18,32,79,11,2,5,3,5.9,Yes,Yes,Yes,Yes,8,5.3,14,1
S03515,1,24,Male,79,7.99,57,50,17,3,10,4,6.9,No,Yes,No,No,4,2.1,0,1
S03516,3,18,Male,99,6.96,54,43,14,0,6,5,7.4,Yes,Yes,No,Yes,4,3.8,78,0
S03517,7,23,Male,76,6.89,67,84,13,2,3,4,5.5,Yes,Yes,No,No,5,3.0,50,0
S03518,8,21,Female,83,6.76,80,89,8,2,6,6,4.8,No,Yes,No,Yes,9,4.3,7,0
S03519,1,24,Female,64,8.3,85,80,23,0,4,4,5.2,Yes,Yes,Yes,Yes,7,4.3,43,0
S03520,4,19,Male,98,7.71,92,56,11,0,5,5,7.6,No,Yes,No,No,6,4.6,37,0
S03521,8,22,Female,85,8.7,30,38,12,2,3,2,6.8,Yes,Yes,No,No,7,6.4,45,1
S03522,8,22,Female,87,7.44,78,51,3,1,1,3,6.2,Yes,Yes,Yes,No,3,6.2,34,0
S03523,5,22,Male,65,5.66,87,74,21,2,6,6,6.4,Yes,Yes,Yes,No,8,5.8,27,0
S03524,6,24,Male,72,6.64,67,80,4,2,1,7,6.3,Yes,Yes,Yes,No,1,2.8,38,0
S03525,5,24,Male,80,9.38,54,57,22,2,2,5,6.2,Yes,Yes,Yes,Yes,9,5.9,27,0
S03526,7,22,Male,85,8.39,98,44,12,1,1,5,7.7,Yes,Yes,Yes,No,5,3.6,10,0
S03527,2,20,Female,69,7.63,66,79,40,1,3,3,6.1,Yes,Yes,Yes,No,8,5.8,76,0
S03528,2,19,Female,63,7.1,72,85,7,3,6,5,5.6,Yes,Yes,No,No,3,9.6,6,1
S03529,5,24,Male,86,9.61,68,67,23,0,6,9,6.3,Yes,Yes,No,No,7,6.9,36,0
S03530,7,19,Female,97,7.08,54,84,12,1,3,6,7.6,Yes,Yes,No,No,6,6.5,74,0
S03531,2,22,Female,97,7.16,59,71,17,3,3,5,8.1,Yes,Yes,Yes,Yes,4,2.1,21,0
S03532,2,22,Female,84,7.04,84,48,30,0,6,7,6.1,Yes,Yes,Yes,No,1,3.6,7,0
S03533,8,19,Female,81,7.86,82,38,1,1,4,8,6.4,Yes,Yes,No,Yes,3,6.4,37,0
S03534,4,18,Male,94,6.38,86,45,6,0,10,8,6.4,Yes,Yes,Yes,Yes,6,4.2,0,1
S03535,3,23,Female,82,6.24,75,86,10,1,5,4,5.3,Yes,Yes,No,No,5,5.5,24,0
S03536,2,23,Female,62,6.82,61,97,16,0,6,5,4.2,Yes,Yes,Yes,No,1,4.7,0,1
S03537,7,23,Female,71,5.5,64,64,6,4,8,6,5.5,Yes,Yes,No,Yes,1,6.3,46,1
S03538,6,18,Female,64,6.41,64,72,18,0,3,6,6.1,Yes,Yes,Yes,No,4,5.2,24,0
S03539,3,20,Female,55,7.33,60,55,14,2,4,6,5.8,Yes,Yes,Yes,No,8,7.2,18,1
S03540,5,21,Female,95,7.52,58,60,11,0,6,1,6.7,Yes,Yes,Yes,No,4,6.1,52,0
S03541,8,21,Female,88,8.4,80,66,17,0,9,4,6.3,Yes,Yes,Yes,No,6,7.7,45,0
S03542,3,18,Male,56,8.49,39,87,19,1,4,5,5.7,No,Yes,No,No,8,8.7,63,1
S03543,2,24,Female,65,9.03,49,85,1,2,9,8,8.8,Yes,Yes,Yes,No,8,6.6,58,1
S03544,3,24,Female,100,6.74,80,39,8,0,3,9,6.2,No,Yes,No,No,7,6.2,74,0
S03545,1,17,Male,72,8.04,51,75,8,0,7,6,7.5,Yes,Yes,Yes,No,4,4.7,36,0
S03546,6,22,Female,72,8.92,67,60,18,2,3,5,6.8,No,Yes,Yes,No,6,2.8,38,0
S03547,2,18,Female,75,6.05,82,55,11,2,5,10,8.4,No,Yes,No,Yes,4,4.1,38,1
S03548,2,23,Male,85,5.64,72,91,19,1,3,5,8.4,Yes,Yes,No,Yes,8,9.6,8,0
S03549,3,18,Female,96,6.6,60,87,16,0,3,5,7.5,Yes,Yes,Yes,Yes,8,5.5,8,0
S03550,8,20,Male,54,6.62,73,45,10,0,7,10,8.0,Yes,Yes,Yes,No,7,1.0,67,0
S03551,2,22,Female,92,5.8,63,67,17,0,10,7,7.5,Yes,Yes,No,No,5,2.4,50,0
S03552,7,17,Male,78,8.79,88,51,20,2,2,6,6.1,Yes,Yes,No,No,7,5.9,59,0
S03553,7,17,Male,76,8.2,88,89,12,0,6,6,7.3,Yes,Yes,No,No,5,3.0,51,0
S03554,6,22,Male,85,7.32,50,99,30,0,8,4,7.1,Yes,Yes,Yes,No,3,6.9,28,0
S03555,5,21,Female,96,8.41,68,82,12,0,5,7,8.4,Yes,Yes,Yes,Yes,6,6.4,54,0
S03556,6,18,Male,80,7.83,63,68,17,1,5,2,7.2,Yes,Yes,Yes,No,7,2.9,36,0
S03557,1,20,Male,79,5.97,79,56,19,0,4,4,6.2,No,Yes,No,Yes,6,8.5,72,1
S03558,7,19,Female,100,6.35,61,100,13,2,5,4,5.3,Yes,Yes,Yes,No,7,3.1,51,0
S03559,8,24,Female,80,8.62,85,66,7,1,4,7,5.9,Yes,Yes,Yes,No,6,6.7,75,0
S03560,6,23,Male,65,7.5,77,100,17,1,7,5,7.2,Yes,Yes,Yes,Yes,3,3.4,48,0
S03561,1,21,Female,70,5.24,69,66,21,3,3,5,6.5,Yes,Yes,Yes,No,6,3.9,0,0
S03562,2,22,Male,63,8.9,56,100,27,0,1,9,8.4,Yes,Yes,Yes,No,8,9.0,59,0
S03563,5,19,Female,98,9.09,81,63,12,0,7,7,6.3,Yes,Yes,No,No,7,4.9,29,0
S03564,6,22,Male,99,5.29,57,100,7,1,2,10,6.6,Yes,Yes,Yes,Yes,8,7.7,40,0
S03565,4,17,Male,59,7.34,100,46,3,1,6,2,6.6,No,Yes,Yes,Yes,4,5.8,13,1
S03566,4,22,Male,60,8.08,71,82,16,3,5,10,9.0,Yes,Yes,No,No,5,2.8,44,0
S03567,3,20,Male,91,7.69,62,64,20,2,8,5,6.8,Yes,Yes,No,No,4,7.9,8,0
S03568,7,22,Female,80,7.66,88,45,11,0,6,8,5.4,Yes,Yes,No,Yes,9,8.0,21,0
S03569,8,19,Female,64,4.23,65,100,17,1,8,8,7.4,Yes,Yes,Yes,No,5,4.3,0,1
S03570,2,24,Female,77,6.97,58,79,18,1,5,6,8.4,Yes,Yes,Yes,Yes,8,6.4,15,0
S03571,6,24,Male,86,6.19,78,87,2,2,2,8,8.6,Yes,Yes,No,Yes,7,6.0,6,0
S03572,2,17,Male,81,7.05,34,46,3,0,5,6,7.8,Yes,Yes,No,Yes,8,5.3,83,0
S03573,3,23,Female,88,7.45,90,95,8,0,5,5,6.6,Yes,No,Yes,Yes,5,7.2,56,0
S03574,2,22,Female,74,5.66,53,84,19,0,1,5,9.0,Yes,Yes,Yes,No,2,5.0,74,0
S03575,4,21,Female,63,6.55,88,97,19,2,2,8,6.5,Yes,Yes,No,No,5,6.6,60,0
S03576,1,23,Male,69,7.18,69,85,14,1,7,7,6.9,Yes,Yes,No,No,6,4.4,55,0
S03577,3,19,Female,62,9.43,90,67,11,0,1,6,7.2,No,Yes,Yes,No,9,5.2,28,0
S03578,5,17,Male,94,5.45,79,69,14,3,4,7,6.2,No,No,Yes,No,8,4.4,34,0
S03579,5,22,Female,54,7.16,55,79,11,2,4,6,5.9,No,Yes,Yes,Yes,4,5.9,53,1
S03580,4,19,Male,85,6.86,76,83,8,0,4,10,8.0,Yes,Yes,Yes,No,6,4.1,46,0
S03581,5,22,Male,96,5.31,60,62,10,0,2,5,7.3,Yes,Yes,No,No,6,2.8,20,0
S03582,5,17,Female,75,6.75,83,49,25,1,1,7,6.4,No,Yes,Yes,Yes,3,3.1,50,0
S03583,1,19,Female,66,7.55,61,61,7,0,2,6,6.1,No,Yes,Yes,No,5,3.5,38,0
S03584,7,23,Male,71,6.44,58,76,12,1,2,2,6.2,Yes,Yes,No,Yes,4,9.7,15,0
S03585,2,21,Female,66,8.13,52,51,21,0,5,8,8.1,No,Yes,No,No,7,6.9,30,0
S03586,5,22,Female,91,6.29,71,59,9,0,8,8,5.5,No,Yes,No,Yes,4,3.7,30,1
S03587,2,21,Male,94,9.35,61,53,21,0,1,5,7.3,Yes,Yes,Yes,Yes,2,6.1,58,0
S03588,4,24,Male,66,6.32,98,60,8,0,5,5,8.1,Yes,Yes,Yes,No,6,8.9,29,0
S03589,4,22,Male,70,6.99,86,70,15,1,2,3,5.2,Yes,No,Yes,No,6,5.1,36,0
S03590,4,22,Female,84,7.35,95,83,14,0,5,4,8.2,Yes,Yes,No,No,10,2.4,0,0
S03591,5,21,Female,91,7.25,79,63,15,3,6,6,6.5,No,Yes,Yes,Yes,6,6.7,49,0
S03592,1,21,Female,79,5.62,86,91,8,2,3,4,9.4,No,Yes,Yes,No,1,7.3,12,1
S03593,6,22,Female,96,6.17,79,88,10,0,7,7,6.0,Yes,Yes,Yes,No,6,4.0,0,0
S03594,6,24,Female,95,7.28,72,70,9,1,4,5,5.7,Yes,Yes,No,Yes,2,6.7,4,0
S03595,8,23,Male,77,6.97,77,37,6,2,5,5,6.0,No,Yes,No,No,4,4.3,0,1
S03596,4,22,Male,71,7.33,88,54,1,0,4,8,8.0,Yes,Yes,Yes,No,7,6.2,20,0
S03597,6,21,Male,71,7.69,64,63,15,1,3,7,7.1,Yes,Yes,Yes,No,5,4.1,56,0
S03598,6,18,Male,76,6.92,73,68,17,0,1,5,8.6,Yes,Yes,Yes,Yes,4,9.0,12,0
S03599,3,18,Male,61,7.29,73,81,1,0,5,7,5.9,Yes,Yes,No,No,3,5.3,37,0
S03600,2,17,Female,80,8.42,66,63,9,1,3,4,6.7,No,Yes,Yes,Yes,5,6.8,24,0
S03601,2,21,Male,88,7.46,99,78,8,1,4,4,5.1,Yes,Yes,Yes,No,5,6.8,7,0
S03602,5,20,Male,87,7.48,83,85,5,0,5,4,6.3,Yes,Yes,Yes,No,4,4.7,73,0
S03603,1,22,Female,83,8.1,80,82,26,0,3,6,6.1,No,Yes,Yes,No,4,2.9,73,0
S03604,2,22,Female,67,10.0,91,38,16,2,6,1,7.7,Yes,Yes,Yes,Yes,8,4.8,61,1
S03605,1,24,Male,90,8.85,91,43,18,0,2,2,8.2,No,Yes,Yes,Yes,4,9.9,48,1
S03606,3,17,Male,81,7.28,65,48,13,3,6,6,6.5,Yes,Yes,No,No,5,5.5,23,0
S03607,7,21,Female,83,8.48,76,97,19,2,5,5,5.7,Yes,Yes,No,No,5,7.2,27,0
S03608,6,18,Female,100,7.83,73,86,9,0,4,6,6.5,Yes,Yes,Yes,Yes,5,1.9,56,0
S03609,6,19,Female,62,8.54,58,79,31,1,7,5,5.1,Yes,No,Yes,No,2,5.2,13,0
S03610,8,22,Male,84,6.25,72,69,17,2,4,4,7.7,Yes,Yes,No,No,3,2.8,12,0
S03611,3,20,Female,65,5.55,76,65,22,0,2,6,5.5,Yes,No,Yes,No,8,7.0,58,0
S03612,6,20,Female,70,6.88,67,47,13,1,1,6,6.1,Yes,Yes,Yes,No,3,5.5,55,0
S03613,5,18,Male,75,5.66,59,61,3,0,7,7,6.6,No,Yes,No,No,5,5.5,54,0
S03614,6,21,Female,66,5.55,61,60,37,0,4,3,7.2,Yes,Yes,Yes,No,8,3.4,46,0
S03615,2,21,Female,87,5.48,64,82,18,0,4,6,7.9,Yes,Yes,Yes,Yes,9,5.0,23,0
S03616,8,21,Female,75,7.48,74,100,12,4,7,7,5.0,Yes,Yes,Yes,No,8,6.9,52,0
S03617,1,21,Male,96,7.55,86,64,11,1,2,4,4.9,Yes,Yes,Yes,No,7,2.0,42,0
S03618,5,20,Male,62,7.87,75,58,5,0,3,5,6.2,Yes,Yes,Yes,Yes,8,7.8,65,1
S03619,5,24,Male,85,7.11,56,78,6,1,1,6,7.7,Yes,Yes,Yes,No,5,5.1,13,0
S03620,3,20,Female,84,9.24,57,77,22,1,4,7,5.1,Yes,Yes,No,Yes,4,5.3,37,0
S03621,5,22,Female,72,7.25,69,75,7,1,2,6,9.3,Yes,Yes,No,No,7,8.5,15,0
S03622,4,18,Male,79,7.63,72,71,16,0,4,7,8.2,Yes,Yes,No,No,6,5.6,9,0
S03623,8,23,Female,62,7.27,98,83,2,1,2,5,6.1,Yes,No,Yes,Yes,7,8.4,45,1
S03624,6,20,Male,78,5.4,83,52,11,0,3,3,8.1,Yes,Yes,No,No,7,5.5,39,0
S03625,4,19,Female,76,6.23,75,73,11,0,6,6,6.7,Yes,Yes,No,No,4,8.7,52,0
S03626,7,17,Male,64,8.13,58,74,18,2,2,7,7.7,No,Yes,Yes,Yes,6,6.7,41,0
S03627,3,19,Female,86,7.14,83,54,22,0,3,8,6.7,Yes,Yes,Yes,Yes,2,4.9,44,0
S03628,5,17,Male,73,5.65,77,69,11,0,1,6,6.9,Yes,No,No,No,8,3.6,66,0
S03629,1,21,Male,78,7.08,91,81,9,0,4,8,7.0,Yes,Yes,Yes,Yes,10,5.1,29,0
S03630,1,24,Male,89,7.74,56,73,2,0,6,5,7.6,Yes,Yes,Yes,No,4,4.1,4,0
S03631,4,19,Female,85,8.01,64,41,14,1,3,5,6.3,Yes,No,No,Yes,8,4.8,27,0
S03632,5,23,Female,91,7.35,81,86,17,2,5,2,6.4,Yes,No,Yes,No,6,5.3,26,0
S03633,3,20,Female,81,7.39,87,61,8,2,5,9,5.2,Yes,Yes,No,No,4,6.9,31,0
S03634,2,18,Female,59,8.31,62,81,20,1,3,4,8.5,Yes,Yes,No,Yes,6,4.1,0,0
S03635,2,18,Male,77,8.56,86,83,26,1,3,3,5.9,Yes,Yes,Yes,No,6,6.8,30,0
S03636,2,20,Female,76,6.06,65,73,8,1,4,5,5.9,No,Yes,Yes,Yes,8,7.3,23,0
S03637,3,24,Female,91,6.99,53,67,16,2,5,7,7.9,Yes,Yes,Yes,No,5,6.0,0,0
S03638,7,21,Female,92,5.92,100,64,18,1,8,4,7.0,Yes,Yes,No,Yes,1,5.9,53,1
S03639,5,18,Male,84,9.5,81,95,7,2,6,2,6.8,Yes,No,Yes,No,6,1.0,0,0
S03640,1,20,Male,93,4.69,73,76,13,0,2,5,8.0,Yes,Yes,Yes,No,3,6.2,84,0
S03641,2,19,Male,82,7.69,62,41,12,0,8,1,6.8,No,Yes,No,No,8,6.4,18,0
S03642,4,21,Female,90,4.72,92,88,16,1,8,4,7.5,Yes,Yes,No,Yes,5,6.1,42,0
S03643,2,21,Female,75,6.15,55,100,11,0,3,7,6.4,Yes,No,Yes,No,5,6.9,46,0
S03644,2,22,Female,84,8.06,70,82,17,1,5,5,4.8,Yes,Yes,No,No,5,8.5,36,0
S03645,8,18,Male,73,8.73,51,80,7,3,3,1,7.0,Yes,Yes,Yes,No,7,4.3,45,0
S03646,4,17,Female,99,7.53,66,78,24,1,4,4,5.2,Yes,Yes,Yes,No,6,3.3,38,0
S03647,8,23,Female,77,4.0,87,96,15,3,5,7,6.8,Yes,Yes,Yes,No,5,5.0,44,0
S03648,3,18,Male,79,9.15,55,73,14,0,2,2,6.5,No,Yes,Yes,Yes,5,6.1,51,0
S03649,6,18,Female,79,8.13,69,80,14,0,2,6,7.9,No,Yes,No,No,5,3.8,19,0
S03650,1,24,Female,76,7.09,88,74,16,0,7,5,8.1,Yes,Yes,Yes,No,5,6.9,36,0
S03651,8,17,Male,66,6.84,72,83,1,1,5,1,8.8,Yes,Yes,No,No,6,5.4,48,0
S03652,6,23,Male,90,7.33,69,74,13,1,6,5,4.9,Yes,No,No,No,2,4.5,56,0
S03653,1,21,Male,77,9.22,75,97,20,1,5,3,7.4,Yes,Yes,Yes,Yes,5,3.6,47,0
S03654,1,17,Male,79,5.87,100,74,1,3,3,7,7.0,Yes,Yes,Yes,Yes,5,10.6,5,1
S03655,1,22,Male,76,7.04,54,65,22,1,1,9,6.9,Yes,Yes,Yes,No,4,5.7,20,0
S03656,3,18,Male,90,6.83,59,67,13,1,6,8,7.2,No,No,No,Yes,6,7.2,57,0
S03657,5,20,Female,86,7.07,83,65,17,1,1,8,6.4,No,Yes,Yes,Yes,4,7.2,36,0
S03658,5,19,Female,86,5.86,82,96,9,2,4,3,6.1,Yes,Yes,Yes,No,7,4.6,19,0
S03659,2,19,Female,63,6.51,53,83,7,1,4,4,6.9,Yes,Yes,No,No,3,2.5,40,1
S03660,3,19,Female,62,7.81,66,88,6,0,2,4,7.6,Yes,Yes,No,No,10,4.1,23,0
S03661,7,18,Male,91,7.44,83,84,19,0,5,6,6.4,Yes,Yes,No,No,9,3.1,37,0
S03662,8,21,Male,75,9.05,72,77,9,2,5,6,7.5,Yes,Yes,No,No,3,7.6,47,0
S03663,2,21,Male,68,7.26,68,86,14,1,5,7,5.8,Yes,Yes,No,No,7,7.0,29,0
S03664,6,19,Female,94,6.71,74,55,9,1,3,9,7.0,Yes,Yes,Yes,Yes,7,8.2,27,0
S03665,5,20,Female,77,6.56,62,86,20,2,5,8,7.7,Yes,Yes,No,No,4,1.5,2,0
S03666,1,20,Male,74,6.73,61,78,16,4,2,5,7.6,Yes,Yes,No,No,7,6.8,33,0
S03667,6,19,Male,97,7.13,48,84,25,0,5,6,6.6,Yes,Yes,No,No,6,2.5,85,0
S03668,8,20,Male,71,7.05,69,87,12,0,2,5,7.0,Yes,Yes,Yes,No,8,7.8,47,0
S03669,5,20,Female,53,5.52,81,83,11,1,7,5,6.3,Yes,Yes,Yes,Yes,4,6.3,56,1
S03670,8,21,Male,69,6.29,80,77,15,3,4,6,5.2,No,Yes,Yes,No,10,1.0,33,0
S03671,2,24,Female,71,4.74,75,69,12,0,5,4,4.8,Yes,Yes,No,Yes,3,5.8,50,1
S03672,7,19,Male,84,6.67,68,100,13,0,6,7,8.2,No,Yes,No,Yes,5,4.2,21,0
S03673,1,22,Female,74,8.25,68,89,22,0,8,4,6.3,No,Yes,Yes,Yes,7,8.6,74,0
S03674,6,21,Male,78,6.21,77,96,13,2,10,10,8.0,Yes,Yes,No,No,8,6.1,26,0
S03675,2,20,Female,87,6.17,86,49,16,2,4,6,6.1,No,Yes,No,Yes,2,6.6,65,1
S03676,2,18,Female,76,6.56,54,76,13,3,7,7,5.6,Yes,Yes,Yes,No,5,8.4,56,0
S03677,8,24,Male,86,5.46,58,80,24,0,4,5,6.0,Yes,Yes,No,Yes,6,6.7,12,0
S03678,7,18,Male,70,7.01,55,71,8,1,2,5,8.4,No,Yes,Yes,Yes,5,5.6,34,0
S03679,1,22,Male,81,7.76,78,65,15,2,6,3,6.7,Yes,Yes,Yes,Yes,9,6.9,52,0
S03680,1,20,Female,91,6.46,88,89,15,1,6,7,8.2,Yes,Yes,Yes,No,6,4.5,31,0
S03681,6,23,Female,73,7.39,50,57,6,0,4,6,6.5,No,No,No,Yes,7,7.0,39,0
S03682,5,23,Female,78,6.65,76,93,11,0,4,7,7.1,Yes,Yes,Yes,Yes,6,6.7,16,0
S03683,1,23,Female,79,6.78,39,91,16,0,3,9,6.5,Yes,Yes,No,Yes,6,7.6,0,0
S03684,3,20,Male,81,7.86,81,56,12,2,5,4,8.0,Yes,Yes,No,No,6,7.1,21,0
S03685,8,17,Female,91,6.78,55,66,13,0,4,3,5.3,No,Yes,No,No,4,2.9,30,0
S03686,3,17,Female,79,8.81,79,78,22,1,5,4,7.0,Yes,Yes,Yes,No,3,3.3,55,0
S03687,2,23,Female,82,7.72,91,51,7,3,4,4,7.0,Yes,Yes,Yes,No,2,6.6,19,1
S03688,7,19,Male,72,9.38,54,66,24,1,4,5,6.3,Yes,Yes,No,Yes,7,2.7,31,0
S03689,6,20,Female,84,7.41,60,86,14,3,4,5,7.8,Yes,Yes,Yes,Yes,1,10.3,23,0
S03690,8,23,Female,66,7.59,81,47,20,1,3,7,6.9,Yes,Yes,No,Yes,8,6.5,12,0
S03691,3,22,Male,68,6.8,93,35,4,1,8,7,6.3,No,Yes,Yes,No,4,7.4,36,1
S03692,3,21,Male,73,8.05,73,89,13,1,1,6,7.4,Yes,Yes,No,Yes,5,9.1,33,0
S03693,6,20,Female,56,5.7,79,93,14,2,5,6,7.4,Yes,Yes,No,Yes,6,7.9,24,1
S03694,7,23,Male,73,6.58,66,69,13,0,4,3,6.8,Yes,Yes,No,No,6,4.4,32,0
S03695,8,20,Male,88,7.31,69,100,1,3,3,7,7.3,Yes,Yes,Yes,Yes,5,7.1,64,0
S03696,1,22,Female,78,8.15,73,100,23,3,9,5,6.0,Yes,Yes,Yes,Yes,8,6.3,51,0
S03697,7,19,Female,100,7.57,62,100,5,0,5,3,7.3,Yes,No,No,Yes,3,5.4,30,0
S03698,8,17,Male,81,7.27,53,91,4,1,3,3,8.1,Yes,Yes,Yes,No,4,2.7,47,0
S03699,5,20,Female,84,6.4,74,54,12,2,2,6,6.8,Yes,Yes,Yes,No,3,10.3,30,0
S03700,6,23,Female,100,5.11,68,53,5,1,5,3,6.6,Yes,Yes,No,Yes,9,3.6,44,1
S03701,3,20,Male,56,7.09,30,98,15,0,4,4,5.7,Yes,Yes,No,Yes,4,4.9,50,1
S03702,1,18,Female,80,6.78,74,76,3,1,1,4,6.2,Yes,Yes,Yes,No,7,3.9,47,0
S03703,3,19,Female,88,8.26,63,73,18,3,5,3,6.7,Yes,Yes,Yes,No,7,5.9,39,0
S03704,4,21,Male,84,7.26,48,61,9,1,3,4,7.4,Yes,Yes,No,No,7,1.7,36,0
S03705,5,17,Female,66,6.69,72,42,18,0,5,4,8.8,Yes,Yes,No,Yes,9,6.5,23,0
S03706,6,21,Female,69,4.57,54,100,18,1,6,6,7.7,Yes,Yes,Yes,No,4,8.4,80,0
S03707,8,23,Male,89,7.51,86,76,17,0,4,2,7.7,Yes,Yes,No,No,7,1.0,68,0
S03708,3,22,Female,59,7.32,84,76,9,1,7,5,5.7,Yes,Yes,Yes,No,7,4.4,14,0
S03709,5,17,Male,98,6.71,71,62,26,2,4,8,6.2,Yes,Yes,Yes,No,6,1.0,27,0
S03710,6,19,Male,100,6.27,54,97,7,1,4,7,6.5,Yes,Yes,Yes,No,4,5.4,24,0
S03711,7,23,Male,80,9.28,71,85,13,3,5,4,6.8,Yes,No,Yes,No,7,5.6,27,0
S03712,5,23,Male,90,7.73,81,35,18,0,5,9,5.5,Yes,Yes,No,Yes,8,2.4,53,0
S03713,3,21,Male,77,6.27,64,73,12,2,6,6,8.2,Yes,Yes,Yes,No,3,6.4,23,0
S03714,8,17,Male,80,8.9,98,97,26,3,8,7,8.2,Yes,Yes,No,Yes,8,6.0,60,0
S03715,1,24,Female,92,8.45,54,51,8,0,1,8,6.5,Yes,Yes,No,Yes,6,4.5,69,0
S03716,7,21,Female,95,5.47,92,86,16,0,1,6,7.1,Yes,Yes,Yes,Yes,6,3.1,13,0
S03717,3,24,Male,96,7.23,91,69,16,0,9,10,7.0,No,Yes,Yes,No,6,6.5,56,0
S03718,2,19,Female,56,9.31,66,67,21,2,1,6,7.1,Yes,Yes,No,No,7,3.3,42,0
S03719,1,21,Male,65,7.1,51,80,12,3,1,6,6.0,Yes,Yes,Yes,No,8,5.9,9,0
S03720,5,22,Female,38,7.93,65,71,19,0,4,6,7.9,Yes,Yes,No,No,9,5.6,46,0
S03721,1,18,Female,83,7.12,61,47,17,1,3,2,5.8,Yes,Yes,No,No,6,7.4,36,0
S03722,6,20,Female,85,7.43,52,84,15,0,4,2,7.1,Yes,Yes,Yes,No,3,5.6,40,0
S03723,5,23,Male,64,8.01,50,76,19,0,3,4,8.3,Yes,Yes,No,No,6,4.1,10,0
S03724,6,24,Female,74,8.82,89,70,17,3,5,7,7.3,No,Yes,Yes,No,5,3.1,0,0
S03725,7,23,Male,99,7.5,100,63,21,2,2,5,7.0,Yes,Yes,Yes,No,4,5.2,30,0
S03726,7,21,Female,88,5.65,77,44,15,1,8,4,5.6,Yes,No,No,No,8,6.6,12,1
S03727,3,19,Female,61,7.48,53,83,19,1,3,8,5.1,Yes,Yes,No,No,6,5.1,40,0
S03728,7,18,Male,75,7.87,52,100,24,0,8,5,8.7,Yes,Yes,Yes,No,8,4.6,66,0
S03729,4,22,Female,77,8.43,63,80,23,0,2,5,7.4,Yes,Yes,No,Yes,4,4.5,20,0
S03730,2,21,Male,79,6.14,52,64,13,3,3,5,5.0,Yes,Yes,No,No,7,4.1,43,0
S03731,5,21,Female,80,6.24,99,52,14,0,5,4,6.5,Yes,Yes,Yes,No,8,4.1,35,0
S03732,4,17,Female,70,4.89,88,93,6,4,3,7,5.3,Yes,Yes,No,No,8,3.5,35,1
S03733,6,23,Female,87,8.89,62,72,14,0,2,6,7.1,Yes,Yes,Yes,No,5,7.9,0,0
S03734,6,22,Female,74,6.84,59,73,11,1,7,8,5.0,Yes,Yes,No,No,10,10.9,33,0
S03735,1,20,Female,65,6.99,94,62,14,1,5,5,7.8,Yes,Yes,No,No,7,2.2,50,0
S03736,7,21,Female,75,7.83,62,48,14,1,5,3,6.3,Yes,Yes,No,No,6,8.0,62,0
S03737,4,19,Female,94,8.47,84,78,10,1,4,9,5.0,Yes,Yes,Yes,Yes,6,5.9,70,0
S03738,8,22,Male,88,9.16,77,71,11,3,3,7,6.5,Yes,Yes,No,No,3,4.7,59,0
S03739,8,24,Female,78,7.97,43,72,13,0,4,5,6.6,Yes,Yes,No,No,4,4.5,31,0
S03740,1,23,Male,61,6.65,71,79,3,0,7,7,8.0,Yes,Yes,No,No,5,2.8,73,0
S03741,4,24,Male,77,7.19,81,78,8,1,4,7,7.3,No,Yes,Yes,Yes,7,3.4,29,0
S03742,7,21,Male,80,8.38,90,98,19,1,4,4,6.2,No,Yes,Yes,No,6,5.2,43,0
S03743,1,23,Female,69,5.34,77,76,17,0,2,3,7.1,Yes,Yes,Yes,No,6,5.5,59,0
S03744,2,24,Female,64,6.82,90,91,11,2,4,7,7.8,Yes,Yes,No,No,5,2.8,21,0
S03745,4,22,Male,63,8.1,85,100,17,1,3,10,6.7,Yes,Yes,Yes,No,4,6.7,40,0
S03746,5,20,Female,50,7.27,43,80,23,0,6,9,6.4,Yes,Yes,No,Yes,10,4.2,57,0
S03747,1,20,Male,57,7.52,62,100,17,2,4,3,6.9,Yes,Yes,Yes,No,6,4.6,21,0
S03748,8,17,Male,78,6.82,49,92,11,1,2,2,8.2,No,Yes,No,No,6,5.2,32,0
S03749,1,18,Male,75,6.36,73,59,1,1,1,6,6.7,No,Yes,No,Yes,7,7.2,40,0
S03750,3,21,Male,66,8.58,64,96,7,0,4,3,9.1,Yes,Yes,Yes,No,5,4.9,26,0
S03751,2,20,Female,88,6.6,55,51,5,1,5,5,6.1,Yes,Yes,No,No,5,4.1,46,0
S03752,3,19,Female,75,9.08,53,76,12,0,2,7,7.7,Yes,Yes,Yes,No,10,4.0,2,0
S03753,1,23,Male,87,5.75,84,72,6,0,5,9,6.6,Yes,Yes,Yes,No,3,5.9,40,0
S03754,8,19,Male,66,6.25,63,68,9,1,7,6,7.3,Yes,Yes,No,No,6,5.5,51,0
S03755,6,22,Female,75,6.74,75,78,19,0,3,1,7.4,No,Yes,Yes,No,5,7.5,31,0
S03756,1,17,Male,70,7.49,72,76,17,0,2,7,7.7,Yes,Yes,No,Yes,4,1.5,32,0
S03757,2,17,Male,64,8.14,79,70,13,2,5,8,4.8,Yes,Yes,Yes,No,3,6.1,53,0
S03758,6,23,Female,74,7.13,57,83,16,1,1,5,5.9,No,Yes,Yes,No,8,2.8,40,0
S03759,4,17,Male,89,8.47,74,80,19,0,1,4,6.9,Yes,Yes,Yes,No,6,8.0,14,0
S03760,2,18,Female,56,6.26,71,52,11,0,10,9,6.5,Yes,Yes,Yes,No,6,2.7,41,1
S03761,3,17,Female,75,7.51,47,87,12,1,6,10,6.8,No,No,Yes,No,4,4.8,52,0
S03762,7,24,Male,75,6.02,78,87,22,2,1,6,7.7,Yes,Yes,Yes,No,6,4.3,3,0
S03763,7,24,Female,87,8.26,87,92,1,1,8,7,7.2,No,Yes,No,No,10,4.4,36,0
S03764,5,24,Male,82,6.67,80,87,11,0,7,6,8.6,Yes,Yes,Yes,Yes,4,5.0,42,0
S03765,3,22,Female,61,9.24,67,94,12,0,5,3,7.5,Yes,Yes,No,No,9,6.4,35,0
S03766,3,17,Female,61,5.31,67,94,13,2,3,5,6.8,No,Yes,No,Yes,3,8.5,42,1
S03767,3,23,Male,74,6.25,48,55,20,0,3,5,6.9,Yes,No,No,Yes,3,5.2,28,1
S03768,3,19,Female,76,4.0,63,45,15,0,1,2,6.2,Yes,Yes,Yes,No,4,2.3,24,1
S03769,1,23,Male,92,8.01,88,83,19,0,5,9,6.7,Yes,Yes,Yes,No,9,4.0,38,0
S03770,4,19,Male,83,8.69,57,53,8,1,5,3,6.1,Yes,Yes,No,Yes,5,5.3,29,0
S03771,6,20,Male,95,6.36,100,62,14,1,5,7,6.1,Yes,Yes,Yes,Yes,8,3.8,28,0
S03772,3,23,Female,85,5.72,71,74,18,1,5,8,8.1,Yes,Yes,No,Yes,6,5.9,28,0
S03773,8,21,Female,78,7.92,78,100,37,1,5,7,7.3,Yes,Yes,No,No,4,6.5,5,0
S03774,3,22,Female,100,9.09,86,100,20,3,6,5,5.2,Yes,Yes,No,No,7,3.7,72,0
S03775,3,19,Male,79,8.31,87,72,21,0,7,6,6.9,Yes,Yes,Yes,No,10,7.0,27,0
S03776,3,21,Female,70,5.81,65,84,17,2,7,4,6.5,No,Yes,Yes,Yes,6,6.5,37,1
S03777,8,20,Female,58,8.01,55,86,16,1,5,5,7.5,Yes,No,No,No,8,5.8,40,0
S03778,5,22,Female,76,5.81,60,56,18,2,3,1,5.5,No,Yes,No,No,7,8.1,37,1
S03779,5,22,Male,94,6.87,46,100,15,0,3,4,5.7,Yes,Yes,Yes,Yes,6,5.0,42,0
S03780,4,22,Male,98,7.01,46,68,19,2,3,6,6.7,Yes,Yes,Yes,No,9,6.5,25,0
S03781,8,23,Male,68,7.34,93,65,16,0,4,5,7.5,Yes,Yes,Yes,Yes,6,6.2,8,0
S03782,2,23,Male,66,8.11,70,87,11,0,7,4,6.2,Yes,Yes,Yes,No,7,8.9,32,0
S03783,5,17,Male,89,8.51,64,66,23,0,7,7,5.3,Yes,Yes,No,No,3,5.9,20,0
S03784,4,22,Male,68,6.67,63,100,6,1,6,7,6.0,Yes,Yes,No,Yes,6,7.6,38,0
S03785,4,17,Female,62,6.3,64,80,14,1,5,5,6.8,Yes,Yes,Yes,Yes,7,5.4,18,0
S03786,1,17,Female,81,7.64,58,85,7,1,7,6,6.1,Yes,Yes,Yes,Yes,6,8.5,36,0
S03787,5,17,Male,78,7.07,76,59,5,2,7,7,7.3,No,Yes,Yes,No,2,5.2,34,1
S03788,8,20,Female,66,4.0,83,64,20,0,6,3,6.3,Yes,Yes,No,No,2,4.9,15,1
S03789,7,22,Male,78,6.49,72,92,11,2,9,5,5.3,Yes,Yes,No,Yes,6,6.2,22,1
S03790,8,21,Female,76,5.57,85,76,19,2,7,3,6.4,No,No,Yes,No,7,5.2,55,1
S03791,8,21,Female,77,7.15,80,79,17,0,2,5,5.3,Yes,Yes,No,Yes,8,8.9,12,0
S03792,7,24,Female,89,6.73,54,75,14,0,4,6,7.4,Yes,Yes,No,Yes,4,3.0,30,0
S03793,7,20,Female,72,7.57,100,93,1,0,9,7,8.0,Yes,Yes,Yes,Yes,2,3.8,24,0
S03794,3,17,Female,65,7.51,49,86,27,2,6,4,5.6,No,Yes,Yes,No,5,6.2,33,1
S03795,8,21,Male,59,8.34,67,66,9,0,4,6,7.4,Yes,Yes,Yes,No,7,9.6,63,0
S03796,6,17,Female,76,7.31,82,79,9,1,9,4,8.3,Yes,Yes,No,Yes,5,7.1,14,0
S03797,6,24,Female,55,10.0,51,81,6,4,6,9,8.5,Yes,Yes,Yes,No,6,3.4,26,1
S03798,4,21,Female,80,6.64,71,64,5,1,3,6,5.4,Yes,Yes,No,No,5,5.2,44,0
S03799,1,20,Female,72,8.0,52,74,15,0,4,5,5.9,No,Yes,No,Yes,3,6.3,21,0
S03800,8,23,Female,84,6.82,56,69,33,1,7,6,5.8,Yes,Yes,Yes,No,4,3.5,35,0
S03801,5,23,Male,77,6.74,60,58,16,0,3,7,7.9,Yes,Yes,No,No,6,2.0,47,0
S03802,3,17,Female,80,7.57,69,86,25,1,2,4,6.1,Yes,Yes,Yes,No,6,2.9,62,0
S03803,8,20,Male,89,6.56,57,79,6,0,7,9,5.4,Yes,Yes,Yes,No,8,2.9,43,0
S03804,8,17,Female,68,6.24,56,64,14,0,2,8,6.6,Yes,Yes,Yes,No,7,3.6,21,0
S03805,8,23,Male,80,6.73,71,62,18,1,2,6,6.7,Yes,Yes,Yes,No,5,6.7,10,0
S03806,2,17,Male,78,6.92,100,100,8,1,2,8,7.2,Yes,No,No,Yes,6,6.3,61,0
S03807,3,23,Female,74,5.31,82,100,22,0,2,1,6.1,Yes,Yes,No,No,5,5.9,40,0
S03808,6,22,Female,71,7.1,72,45,8,0,2,6,7.6,No,Yes,No,No,4,5.0,17,0
S03809,3,21,Female,85,6.96,67,85,24,0,2,2,7.4,Yes,Yes,No,No,8,6.5,16,0
S03810,8,23,Female,73,6.99,49,85,19,2,4,9,5.8,No,Yes,Yes,No,5,6.4,5,1
S03811,3,21,Male,89,8.31,63,84,1,1,4,7,7.3,Yes,Yes,No,No,5,6.4,58,0
S03812,7,23,Female,84,8.68,90,77,9,0,3,6,6.9,Yes,Yes,Yes,No,5,3.8,41,0
S03813,7,18,Female,72,9.3,100,80,26,0,3,7,7.3,Yes,Yes,Yes,No,4,4.9,27,0
S03814,4,23,Female,77,6.77,89,100,9,0,4,7,5.6,Yes,Yes,Yes,No,3,5.4,17,0
S03815,7,17,Male,84,6.51,59,85,5,1,5,6,6.4,Yes,Yes,Yes,Yes,4,9.3,30,0
S03816,5,19,Male,71,7.2,86,95,27,1,10,4,6.6,Yes,Yes,Yes,No,2,7.8,0,0
S03817,8,24,Male,69,5.81,62,100,22,1,9,4,6.4,Yes,Yes,Yes,No,6,4.2,35,0
S03818,3,21,Female,90,7.56,84,35,16,1,4,5,5.4,Yes,Yes,No,No,5,8.3,51,0
S03819,1,20,Male,86,5.35,93,77,8,1,3,6,7.5,Yes,Yes,No,Yes,1,5.2,1,0
S03820,2,17,Female,88,9.36,91,74,10,3,4,5,6.8,Yes,Yes,Yes,No,6,4.1,37,0
S03821,8,21,Male,88,7.07,60,57,28,1,7,4,6.2,Yes,Yes,Yes,Yes,6,4.2,52,0
S03822,2,17,Female,58,7.99,89,81,22,1,6,9,7.8,Yes,Yes,No,Yes,5,6.5,18,0
S03823,4,21,Female,91,6.61,80,55,22,3,5,5,8.6,Yes,Yes,Yes,No,7,6.7,52,0
S03824,6,17,Male,67,5.63,61,75,19,1,6,5,6.0,Yes,Yes,Yes,No,6,6.0,29,0
S03825,2,21,Male,77,5.66,52,58,14,0,3,5,7.9,Yes,Yes,Yes,Yes,8,7.8,53,0
S03826,2,19,Male,83,7.95,60,77,4,1,4,9,7.7,Yes,Yes,Yes,No,7,6.9,34,0
S03827,8,23,Male,73,6.87,83,57,1,2,5,7,4.8,Yes,Yes,No,No,6,7.2,26,1
S03828,1,24,Female,68,8.55,71,62,8,3,2,5,6.5,Yes,Yes,Yes,Yes,9,4.7,24,0
S03829,1,24,Female,83,7.49,83,75,20,1,5,4,6.6,No,No,No,Yes,8,7.5,34,0
S03830,7,23,Male,97,7.22,75,62,1,1,5,6,5.9,Yes,Yes,Yes,No,6,6.0,53,0
S03831,7,18,Female,62,7.6,36,100,7,1,5,8,6.3,Yes,Yes,No,No,7,5.5,9,0
S03832,2,20,Male,83,7.98,56,75,4,1,3,3,7.6,No,Yes,No,No,6,5.5,56,0
S03833,4,23,Male,91,8.35,69,85,11,2,6,6,5.8,Yes,Yes,Yes,No,8,8.4,36,0
S03834,8,24,Female,100,6.97,79,57,5,1,4,8,7.5,Yes,Yes,Yes,Yes,7,5.5,67,0
S03835,2,17,Female,64,6.81,83,68,21,1,3,6,8.8,Yes,Yes,Yes,Yes,4,7.0,50,0
S03836,2,24,Female,69,5.97,82,71,4,1,2,6,7.0,Yes,Yes,Yes,No,7,3.5,0,0
S03837,4,23,Male,80,8.67,76,61,24,1,3,6,5.8,No,Yes,Yes,Yes,4,4.1,48,0
S03838,7,24,Male,80,6.0,54,44,37,3,6,6,5.3,Yes,Yes,Yes,Yes,1,6.3,58,1
S03839,6,17,Male,83,6.84,59,61,17,0,6,4,7.7,Yes,Yes,No,No,3,6.7,27,0
S03840,8,24,Male,75,6.95,60,71,24,0,6,3,7.7,Yes,Yes,Yes,Yes,2,4.4,35,0
S03841,4,18,Male,86,6.45,65,55,17,0,3,3,9.5,Yes,Yes,Yes,No,2,4.5,69,0
S03842,3,17,Female,86,8.33,58,93,11,2,1,3,6.1,Yes,Yes,Yes,Yes,7,6.4,25,0
S03843,4,19,Female,73,7.93,58,66,6,3,4,7,8.1,No,Yes,Yes,No,5,8.9,4,0
S03844,3,21,Female,78,8.08,76,52,21,0,7,6,7.1,Yes,Yes,No,No,3,1.8,16,0
S03845,3,22,Male,94,7.5,100,81,9,0,7,8,8.4,Yes,Yes,No,No,7,1.5,70,0
S03846,5,24,Female,81,9.49,77,77,14,1,2,6,8.3,Yes,Yes,Yes,Yes,8,8.5,50,0
S03847,5,21,Female,74,6.66,59,99,17,0,8,3,6.5,No,Yes,No,No,7,6.2,32,0
S03848,7,20,Male,100,7.87,63,88,2,3,3,4,6.4,No,Yes,No,Yes,5,7.4,56,0
S03849,3,19,Female,52,8.06,72,86,33,0,4,3,6.6,Yes,Yes,Yes,No,6,5.9,52,0
S03850,6,21,Male,77,7.31,79,66,11,0,5,5,7.6,Yes,Yes,Yes,No,4,8.7,32,0
S03851,1,22,Male,68,7.18,76,66,21,2,4,7,5.4,Yes,Yes,Yes,Yes,6,2.0,6,0
S03852,7,21,Male,74,8.15,73,72,14,0,2,5,7.0,Yes,Yes,Yes,No,3,8.0,44,0
S03853,3,17,Female,86,7.06,60,100,25,0,2,5,7.7,Yes,Yes,No,No,4,6.3,12,0
S03854,7,23,Female,71,4.46,80,60,19,1,4,4,6.9,Yes,Yes,Yes,No,10,5.0,47,0
S03855,3,21,Female,72,5.16,77,83,8,0,3,5,4.3,Yes,Yes,No,No,5,6.1,38,0
S03856,3,18,Male,82,7.56,47,47,32,1,1,5,8.8,Yes,No,No,No,5,7.5,26,0
S03857,4,19,Male,100,7.04,76,35,13,1,5,6,7.9,Yes,Yes,Yes,No,7,2.7,29,0
S03858,1,17,Male,67,6.69,93,96,6,0,4,6,5.6,No,Yes,Yes,Yes,3,7.9,38,1
S03859,1,17,Female,65,6.22,96,88,37,0,5,7,6.8,Yes,Yes,No,No,6,8.3,24,0
S03860,7,23,Male,71,6.58,83,71,6,1,3,5,7.0,Yes,Yes,No,No,6,7.1,27,0
S03861,4,18,Female,68,8.03,53,81,17,4,5,5,6.7,No,Yes,Yes,No,7,6.2,68,0
S03862,6,20,Female,61,6.58,69,100,25,1,2,5,6.0,Yes,Yes,Yes,No,6,5.5,43,0
S03863,3,24,Female,74,9.64,74,43,24,3,7,5,6.5,Yes,Yes,Yes,No,4,2.9,9,1
S03864,2,23,Female,63,7.76,58,64,21,0,4,4,6.7,No,Yes,No,Yes,4,5.7,51,0
S03865,8,21,Male,74,7.51,42,74,11,3,2,9,6.5,Yes,Yes,Yes,No,6,9.0,66,0
S03866,7,21,Male,76,6.58,82,53,4,2,8,2,8.3,Yes,Yes,No,No,4,3.9,36,1
S03867,3,20,Female,75,9.08,77,75,21,0,7,8,6.9,Yes,Yes,Yes,No,4,3.4,70,0
S03868,5,23,Female,92,7.5,75,71,15,4,8,9,6.5,Yes,Yes,No,No,5,5.1,26,0
S03869,2,17,Male,70,9.1,86,76,25,0,5,5,5.3,No,Yes,No,Yes,3,8.7,34,0
S03870,8,23,Male,94,7.85,61,81,7,0,6,6,6.6,Yes,Yes,Yes,No,5,5.0,35,0
S03871,6,22,Male,74,7.42,72,66,14,0,1,6,6.4,No,Yes,No,No,6,3.5,39,0
S03872,8,23,Female,94,6.16,71,83,5,0,3,6,5.8,No,No,Yes,Yes,5,2.7,47,0
S03873,8,23,Male,62,7.09,44,70,21,4,3,8,7.8,Yes,Yes,Yes,No,5,1.5,46,0
S03874,6,17,Female,83,7.11,61,92,27,0,3,2,5.3,Yes,Yes,Yes,Yes,6,2.0,29,0
S03875,6,21,Female,65,5.45,83,80,6,0,4,1,8.4,No,Yes,No,No,10,1.0,41,1
S03876,3,19,Male,85,7.43,82,100,11,2,6,3,6.4,No,Yes,No,No,2,6.9,61,0
S03877,2,21,Female,58,4.84,71,86,13,2,4,3,6.9,Yes,Yes,No,No,7,4.0,32,1
S03878,3,19,Male,84,7.34,48,35,6,0,8,6,7.9,Yes,Yes,Yes,No,5,4.5,11,1
S03879,6,20,Female,72,7.75,66,44,10,1,7,8,6.3,Yes,Yes,No,No,3,4.3,33,0
S03880,5,19,Male,65,6.3,92,74,13,2,3,7,7.9,Yes,Yes,Yes,No,5,10.2,21,0
S03881,3,19,Female,99,7.46,67,91,19,2,7,2,7.5,Yes,No,No,No,5,2.8,43,0
S03882,8,21,Female,91,7.5,81,71,24,1,3,4,5.4,Yes,Yes,Yes,No,5,5.8,2,0
S03883,1,23,Female,79,6.48,48,45,14,2,4,5,7.5,No,Yes,Yes,No,8,5.8,35,1
S03884,5,24,Female,72,7.55,70,70,21,0,7,9,7.9,Yes,Yes,Yes,No,6,3.3,38,0
S03885,4,18,Female,53,7.37,72,84,11,1,1,7,7.6,No,Yes,No,Yes,2,3.7,35,0
S03886,1,19,Female,88,7.91,61,60,10,1,5,7,7.4,No,Yes,Yes,Yes,6,2.1,26,0
S03887,4,19,Male,79,7.3,74,100,8,3,7,7,5.3,No,Yes,No,Yes,7,2.8,13,0
S03888,2,23,Male,75,9.16,53,84,19,3,2,3,5.4,Yes,Yes,Yes,No,4,8.3,39,0
S03889,4,19,Male,57,5.94,59,72,23,0,7,5,7.0,Yes,Yes,Yes,No,4,2.7,25,1
S03890,1,17,Female,80,9.0,75,56,18,1,5,2,7.8,Yes,Yes,No,Yes,3,3.8,74,0
S03891,2,19,Female,76,8.19,78,50,16,0,4,6,8.0,No,Yes,Yes,No,8,6.3,16,0
S03892,4,23,Male,97,6.97,97,76,18,2,5,6,5.5,Yes,Yes,No,No,6,7.7,23,0
S03893,8,17,Female,73,8.6,98,87,20,1,6,3,7.0,Yes,Yes,Yes,No,7,6.6,43,0
S03894,7,21,Male,93,7.81,72,100,9,0,5,8,8.0,No,Yes,Yes,Yes,7,8.6,29,0
S03895,7,21,Male,78,7.86,89,81,18,0,5,3,5.3,Yes,Yes,Yes,Yes,3,4.3,13,0
S03896,6,21,Male,78,5.54,61,42,26,1,4,9,7.5,No,Yes,No,No,8,7.7,37,0
S03897,4,21,Male,87,6.45,78,67,26,1,7,7,6.6,Yes,Yes,Yes,No,3,3.9,75,0
S03898,4,17,Female,89,8.18,73,66,19,2,4,4,6.2,Yes,Yes,No,Yes,6,5.5,32,0
S03899,6,20,Male,61,6.4,51,44,1,0,1,5,6.5,Yes,Yes,Yes,Yes,8,5.7,28,1
S03900,8,21,Female,82,5.61,58,79,22,1,4,6,7.0,Yes,No,Yes,No,5,1.2,19,0
S03901,2,18,Female,88,7.42,79,63,10,0,7,4,5.5,Yes,Yes,Yes,No,4,6.8,28,0
S03902,3,20,Male,69,7.11,76,71,22,2,4,4,8.0,Yes,Yes,No,Yes,8,4.5,58,0
S03903,1,23,Male,66,7.44,65,57,16,0,7,7,6.3,Yes,No,Yes,No,4,6.4,32,0
S03904,7,23,Male,50,8.9,68,88,12,1,3,6,5.8,Yes,Yes,Yes,No,7,7.2,31,0
S03905,7,23,Male,79,7.18,92,92,17,1,5,7,5.5,Yes,Yes,No,Yes,7,1.8,26,0
S03906,2,19,Male,77,7.94,65,55,32,0,1,6,5.4,Yes,Yes,Yes,No,3,3.2,0,0
S03907,8,20,Male,74,5.87,50,77,22,0,7,10,8.5,No,Yes,No,No,9,9.0,22,0
S03908,5,19,Male,75,7.07,59,74,10,0,2,7,5.8,Yes,Yes,Yes,No,6,5.1,31,0
S03909,7,21,Female,73,6.65,86,71,9,0,4,1,7.5,Yes,Yes,Yes,No,1,5.0,50,0
S03910,8,19,Male,83,6.62,74,72,1,0,7,9,6.3,Yes,No,Yes,Yes,6,3.7,13,0
S03911,7,21,Female,76,8.38,70,48,28,0,5,6,5.9,Yes,Yes,Yes,Yes,8,5.7,46,0
S03912,5,23,Male,66,7.73,50,100,22,0,5,3,6.9,No,Yes,Yes,No,6,7.2,1,0
S03913,8,18,Male,76,8.8,44,71,14,0,4,10,6.2,Yes,Yes,No,No,6,6.3,41,0
S03914,6,22,Female,71,7.65,53,62,3,3,5,7,8.5,Yes,Yes,No,No,5,6.0,48,0
S03915,2,24,Female,93,7.05,81,63,16,0,5,4,5.9,Yes,No,Yes,No,4,2.9,29,0
S03916,3,24,Male,70,8.02,57,66,8,0,5,3,9.1,Yes,Yes,No,No,10,3.9,80,0
S03917,6,19,Female,65,6.88,69,95,27,0,4,4,6.2,Yes,Yes,No,No,5,5.5,17,0
S03918,5,21,Male,73,9.13,54,83,7,2,5,3,7.7,Yes,Yes,Yes,Yes,4,5.7,49,1
S03919,5,22,Female,81,5.83,84,100,13,0,7,4,6.7,Yes,Yes,No,Yes,4,1.4,47,0
S03920,3,23,Female,86,6.69,66,86,17,0,4,5,7.0,Yes,Yes,No,Yes,7,2.1,9,0
S03921,3,24,Female,56,6.51,59,72,21,3,5,7,5.6,Yes,Yes,Yes,No,4,6.0,52,1
S03922,4,21,Female,55,6.36,84,83,27,3,6,5,7.7,Yes,Yes,Yes,No,7,6.3,14,1
S03923,4,20,Female,91,7.39,72,77,7,3,5,5,5.6,No,Yes,No,No,6,9.7,45,1
S03924,6,21,Male,65,7.24,87,67,10,0,7,7,4.6,Yes,No,Yes,No,5,3.5,23,0
S03925,3,18,Male,64,6.01,64,81,1,1,1,6,8.3,No,Yes,Yes,No,6,6.6,56,0
S03926,1,18,Female,73,6.74,60,52,6,2,4,4,5.6,Yes,Yes,Yes,No,5,6.7,62,1
S03927,5,20,Female,74,6.98,82,65,23,1,7,3,6.2,Yes,Yes,No,Yes,6,8.1,40,0
S03928,4,23,Male,79,6.67,45,100,15,3,3,2,6.5,Yes,Yes,Yes,No,5,3.1,69,0
S03929,5,17,Female,96,6.46,86,67,8,1,7,8,7.0,Yes,Yes,Yes,No,5,5.7,40,0
S03930,6,21,Female,66,7.86,93,83,12,2,6,5,6.6,No,Yes,Yes,No,5,4.0,34,0
S03931,2,23,Male,94,6.97,54,43,17,2,5,4,6.3,Yes,Yes,Yes,No,3,6.8,42,0
S03932,6,19,Male,77,6.71,53,77,1,3,3,6,8.4,No,Yes,Yes,Yes,4,3.8,13,1
S03933,1,17,Female,64,6.41,57,92,16,0,6,3,7.2,Yes,Yes,No,Yes,9,6.9,32,1
S03934,6,17,Female,80,7.37,39,66,11,2,2,7,6.4,Yes,Yes,Yes,No,3,2.0,37,0
S03935,1,24,Male,71,5.25,83,61,14,0,3,8,7.1,Yes,Yes,No,No,4,7.4,48,0
S03936,6,23,Male,75,6.39,74,46,13,0,9,4,7.0,Yes,Yes,Yes,Yes,6,4.0,14,0
S03937,2,24,Female,76,7.52,75,92,14,0,7,7,7.1,Yes,Yes,Yes,No,4,10.0,17,0
S03938,8,22,Female,75,7.12,81,80,7,1,6,10,8.0,Yes,Yes,Yes,Yes,4,8.3,35,0
S03939,2,19,Male,86,6.76,36,67,8,1,2,7,7.4,Yes,Yes,No,Yes,1,4.2,11,0
S03940,8,19,Female,79,6.2,58,54,20,0,6,4,7.9,Yes,Yes,No,No,5,7.4,25,0
S03941,2,23,Female,95,5.83,71,85,28,0,3,9,4.8,Yes,No,Yes,No,9,9.1,46,0
S03942,7,23,Female,78,7.54,82,50,19,2,2,7,8.6,Yes,Yes,No,No,3,6.2,6,0
S03943,7,17,Male,90,6.55,62,52,1,1,4,6,7.5,No,Yes,No,Yes,6,7.8,0,0
S03944,6,17,Female,77,6.44,30,83,14,0,4,8,7.0,No,Yes,Yes,No,5,5.9,58,0
S03945,3,18,Female,78,5.81,30,51,18,1,5,8,8.1,Yes,Yes,No,No,6,5.9,69,0
S03946,5,20,Male,100,7.49,59,70,21,2,6,8,5.7,Yes,No,No,Yes,3,5.7,18,0
S03947,1,19,Female,67,8.11,65,66,18,1,5,7,7.5,Yes,Yes,Yes,No,9,6.4,70,0
S03948,5,17,Female,79,7.37,63,71,16,0,4,8,6.2,Yes,Yes,Yes,No,4,8.2,39,0
S03949,4,23,Female,74,6.28,66,67,13,0,5,5,6.6,Yes,Yes,Yes,No,5,2.6,19,0
S03950,6,18,Male,68,8.27,54,47,16,0,4,5,5.8,Yes,Yes,Yes,No,9,1.3,54,0
S03951,4,21,Male,79,4.68,77,68,10,2,5,6,7.7,Yes,Yes,No,No,6,7.1,40,0
S03952,6,24,Male,79,6.33,55,93,13,3,7,7,6.5,No,Yes,Yes,No,4,7.4,48,0
S03953,4,20,Male,65,7.46,67,65,20,0,6,2,7.8,Yes,Yes,Yes,No,6,4.6,23,0
S03954,6,18,Female,89,8.83,100,63,19,2,7,10,6.4,Yes,Yes,No,Yes,6,5.1,41,0
S03955,6,23,Male,61,6.85,72,63,21,0,6,7,6.1,Yes,Yes,No,No,6,5.0,78,0
S03956,8,21,Female,78,5.48,30,49,15,4,3,10,5.5,Yes,Yes,No,No,4,1.7,49,1
S03957,7,22,Male,64,6.41,60,86,21,0,4,7,6.6,Yes,Yes,No,No,6,9.2,22,0
S03958,8,22,Female,75,7.56,73,65,19,3,5,4,6.4,Yes,Yes,No,Yes,7,4.5,36,0
S03959,7,22,Male,70,7.02,71,68,19,2,6,8,6.4,Yes,Yes,Yes,Yes,3,1.0,47,0
S03960,6,20,Male,85,5.5,48,100,8,1,3,2,7.0,Yes,Yes,Yes,Yes,5,4.2,34,1
S03961,1,22,Male,82,8.34,82,84,16,2,2,9,6.2,Yes,No,Yes,Yes,4,5.2,90,0
S03962,4,19,Female,83,7.52,77,68,17,0,6,4,6.9,No,Yes,Yes,No,4,6.3,16,0
S03963,4,20,Male,76,8.71,68,51,16,0,4,3,6.5,Yes,Yes,Yes,No,10,4.3,21,0
S03964,4,23,Female,80,4.0,40,79,18,1,7,6,7.5,No,Yes,No,No,6,7.4,34,0
S03965,1,24,Male,100,5.22,91,80,19,4,7,6,6.9,No,Yes,Yes,Yes,6,5.9,16,1
S03966,4,23,Female,67,6.74,81,75,20,1,5,6,7.1,Yes,Yes,Yes,No,7,7.8,21,0
S03967,1,20,Male,89,6.8,64,100,8,2,2,4,7.3,Yes,Yes,Yes,No,7,7.7,0,0
S03968,6,23,Male,77,7.08,87,65,32,0,9,5,5.5,Yes,Yes,Yes,No,5,3.5,30,0
S03969,6,22,Female,88,8.56,39,70,14,1,6,8,6.6,Yes,Yes,Yes,Yes,2,3.3,67,0
S03970,2,22,Female,92,8.54,90,35,1,1,4,5,5.3,No,Yes,No,No,7,3.0,71,0
S03971,8,21,Male,67,5.55,60,41,20,0,4,2,6.9,Yes,Yes,Yes,No,7,4.8,17,1
S03972,7,19,Male,82,8.18,67,93,14,0,5,5,7.5,Yes,Yes,No,No,2,4.6,2,0
S03973,6,23,Male,86,6.85,93,62,21,1,9,5,7.9,No,Yes,No,No,8,5.4,56,0
S03974,3,23,Female,56,8.36,89,75,13,2,6,4,8.3,No,Yes,Yes,Yes,7,5.7,39,1
S03975,1,20,Female,89,7.19,76,59,24,2,3,7,4.8,Yes,Yes,No,Yes,3,8.1,27,1
S03976,5,21,Female,70,7.96,81,80,23,1,5,6,6.0,No,Yes,No,No,4,7.9,48,0
S03977,2,24,Male,65,7.36,52,83,11,0,5,5,6.8,Yes,Yes,Yes,Yes,7,5.8,78,0
S03978,4,21,Female,76,6.53,89,92,23,2,7,7,5.8,Yes,Yes,Yes,No,6,7.2,58,0
S03979,4,20,Female,72,6.89,67,100,16,0,4,9,7.5,Yes,Yes,No,No,7,2.6,25,0
S03980,4,17,Male,93,6.9,76,52,18,1,9,1,7.0,Yes,Yes,Yes,No,7,6.4,0,0
S03981,8,19,Female,60,7.74,76,63,18,0,5,3,7.7,Yes,Yes,Yes,No,7,4.4,51,0
S03982,2,20,Female,67,7.66,73,50,7,1,5,6,6.6,Yes,Yes,Yes,No,4,6.1,14,0
S03983,7,18,Male,90,6.02,63,64,14,0,4,6,6.7,Yes,Yes,Yes,No,6,5.2,41,0
S03984,5,19,Female,72,7.33,61,94,14,0,8,2,8.6,Yes,Yes,No,No,5,7.1,27,0
S03985,5,24,Female,82,8.55,100,61,27,2,5,4,7.2,Yes,Yes,No,No,7,6.9,0,0
S03986,7,20,Female,84,6.99,64,97,21,2,3,5,9.3,Yes,Yes,No,No,2,3.5,28,0
S03987,1,18,Male,89,7.42,31,66,10,2,8,7,7.9,No,Yes,No,No,7,5.7,16,0
S03988,2,22,Male,71,6.06,78,70,10,0,3,10,8.1,No,Yes,Yes,Yes,4,7.6,45,0
S03989,2,19,Female,66,6.64,83,100,8,2,4,3,6.4,Yes,Yes,No,No,1,1.7,38,0
S03990,5,24,Female,57,8.98,81,50,20,0,5,7,9.3,No,Yes,Yes,Yes,9,4.4,60,0
S03991,8,24,Male,83,6.15,65,75,21,1,2,6,7.0,Yes,Yes,Yes,No,9,9.0,61,0
S03992,4,23,Male,49,5.34,59,69,1,0,4,4,6.4,No,No,Yes,Yes,8,4.2,27,1
S03993,7,22,Male,96,5.59,51,74,16,0,5,6,5.9,Yes,Yes,No,No,8,3.7,55,0
S03994,7,19,Female,61,8.0,71,64,9,0,8,3,8.1,Yes,Yes,No,No,4,8.2,44,1
S03995,3,22,Male,72,7.47,59,74,19,2,2,7,7.7,Yes,Yes,Yes,No,5,5.3,26,0
S03996,6,17,Female,69,6.3,56,79,11,0,6,6,4.4,Yes,Yes,Yes,No,3,3.2,36,0
S03997,4,24,Female,77,6.26,59,100,7,2,7,7,6.0,Yes,Yes,No,No,5,3.7,26,0
S03998,6,18,Female,45,6.66,77,76,10,0,3,8,6.7,Yes,Yes,No,Yes,6,6.1,43,0
S03999,4,20,Female,78,6.13,79,100,12,1,4,4,7.8,Yes,Yes,No,Yes,2,5.7,20,0
S04000,8,23,Female,66,8.2,62,63,22,1,5,6,7.8,Yes,Yes,Yes,No,1,8.8,13,0
S04001,7,17,Female,63,7.16,66,71,13,2,2,4,6.8,Yes,Yes,Yes,Yes,6,5.9,22,0
S04002,6,17,Male,59,8.93,61,100,4,1,5,1,8.7,Yes,Yes,No,No,2,8.1,38,1
S04003,6,22,Female,79,6.16,83,58,14,0,8,4,5.6,Yes,Yes,No,Yes,8,1.0,31,1
S04004,5,21,Female,78,8.53,65,77,7,1,6,3,6.4,Yes,Yes,Yes,No,5,4.7,16,0
S04005,3,17,Male,100,7.31,57,58,19,2,5,8,5.0,Yes,Yes,No,No,8,6.3,39,0
S04006,1,21,Male,81,5.35,61,78,19,0,3,6,5.2,Yes,Yes,Yes,No,3,4.4,19,0
S04007,7,18,Male,84,5.65,66,80,10,0,2,7,7.4,No,Yes,Yes,No,5,3.9,20,0
S04008,4,23,Male,90,5.32,61,61,17,0,2,5,6.5,No,Yes,No,No,4,3.8,34,0
S04009,3,22,Male,86,7.78,60,100,29,0,2,8,5.2,Yes,Yes,Yes,No,5,4.0,36,0
S04010,7,17,Female,82,7.54,76,78,3,3,6,7,7.9,Yes,Yes,No,No,4,1.8,60,0
S04011,5,20,Male,73,9.52,56,44,25,3,5,5,5.2,Yes,Yes,Yes,No,7,3.2,8,0
S04012,5,23,Female,77,7.33,62,83,17,0,4,5,7.2,Yes,Yes,No,No,8,4.8,28,0
S04013,3,17,Male,87,6.47,92,59,18,1,3,5,6.8,No,Yes,No,No,3,8.8,23,0
S04014,8,21,Female,67,7.48,100,64,13,1,2,2,5.3,Yes,Yes,Yes,Yes,8,3.3,17,0
S04015,8,20,Female,65,6.93,43,100,21,1,4,6,7.6,Yes,Yes,Yes,Yes,8,6.2,55,0
S04016,8,22,Male,88,6.01,76,73,13,1,6,4,5.8,Yes,Yes,Yes,No,3,5.4,15,0
S04017,6,20,Male,78,7.36,51,66,16,0,6,6,6.5,Yes,Yes,No,Yes,5,6.1,32,0
S04018,6,24,Female,75,5.88,68,65,8,1,2,6,6.3,Yes,No,Yes,No,5,5.8,40,0
S04019,4,22,Male,51,6.07,74,92,16,0,4,7,7.0,Yes,No,Yes,No,7,6.7,3,0
S04020,2,21,Female,74,7.51,70,87,10,0,3,5,8.0,Yes,Yes,Yes,No,3,2.1,39,0
S04021,5,21,Male,59,6.04,73,100,9,1,5,4,7.0,Yes,Yes,No,No,6,6.3,35,0
S04022,2,19,Female,95,8.3,88,93,13,0,3,5,6.2,Yes,Yes,Yes,No,4,7.9,32,0
S04023,6,17,Male,96,7.79,55,84,17,0,7,5,8.1,Yes,Yes,No,No,8,5.3,72,0
S04024,5,20,Female,88,8.98,46,60,17,0,2,6,6.9,Yes,Yes,No,No,9,3.8,48,0
S04025,4,23,Male,68,6.58,67,65,16,0,4,5,5.7,Yes,Yes,Yes,No,2,1.3,35,0
S04026,6,20,Male,69,6.83,59,75,18,0,1,4,7.9,Yes,Yes,No,No,5,7.7,39,0
S04027,8,20,Female,62,7.81,60,63,5,1,3,6,6.9,No,Yes,No,No,1,6.1,17,0
S04028,6,20,Female,95,8.51,47,77,19,2,6,4,9.5,Yes,Yes,Yes,No,3,5.3,29,0
S04029,3,21,Male,84,8.36,57,36,11,0,6,3,7.5,Yes,Yes,Yes,No,5,7.4,32,0
S04030,7,17,Male,88,7.08,64,63,29,3,6,7,6.3,No,Yes,No,No,7,9.4,25,0
S04031,6,17,Female,97,5.91,30,69,20,1,5,7,7.2,Yes,Yes,Yes,No,6,8.3,2,0
S04032,2,23,Male,74,7.22,45,54,16,0,1,3,7.3,Yes,Yes,No,No,5,5.5,24,0
S04033,8,18,Male,59,6.34,78,53,6,0,6,4,7.7,Yes,Yes,Yes,No,8,1.8,48,1
S04034,8,18,Female,75,5.72,36,51,2,1,7,2,7.0,Yes,No,No,Yes,2,6.6,39,1
S04035,4,18,Female,97,5.71,88,75,28,0,6,3,5.3,Yes,Yes,Yes,No,8,5.9,28,0
S04036,4,23,Female,66,6.07,79,65,5,1,5,3,8.2,No,Yes,Yes,No,3,3.6,22,1
S04037,3,17,Male,82,5.82,70,91,18,1,2,6,8.8,Yes,Yes,Yes,No,6,3.7,53,0
S04038,8,22,Male,69,8.48,62,73,36,1,4,6,7.1,No,Yes,Yes,No,6,5.8,43,0
S04039,5,21,Male,90,7.72,79,100,11,2,7,3,7.1,Yes,Yes,Yes,No,6,4.5,15,0
S04040,6,23,Female,55,6.51,99,82,23,0,3,1,7.2,Yes,Yes,Yes,No,6,5.0,12,0
S04041,2,23,Male,98,5.87,71,64,24,0,4,9,7.7,Yes,Yes,No,Yes,9,7.3,27,0
S04042,1,24,Male,78,7.85,95,77,23,0,2,8,7.9,No,Yes,No,No,7,3.7,40,0
S04043,4,20,Male,79,5.61,79,78,22,1,5,7,5.1,No,Yes,No,No,4,3.1,52,0
S04044,6,24,Male,76,6.56,73,94,28,0,8,4,6.5,Yes,Yes,Yes,Yes,6,7.1,0,0
S04045,8,19,Male,79,6.03,70,56,14,0,6,6,6.3,Yes,Yes,No,Yes,9,6.2,60,0
S04046,8,23,Female,65,8.67,68,86,20,1,4,4,8.7,Yes,Yes,No,No,6,8.6,5,0
S04047,2,19,Female,84,6.41,44,58,1,0,5,4,6.9,Yes,Yes,Yes,No,5,6.0,31,1
S04048,4,19,Male,63,7.93,54,71,15,0,6,6,7.0,Yes,Yes,No,No,5,1.2,19,0
S04049,2,24,Male,61,6.25,69,100,27,1,3,3,6.7,Yes,Yes,Yes,No,10,6.2,52,0
S04050,8,19,Female,81,7.82,90,64,14,1,6,6,6.1,Yes,Yes,Yes,No,6,5.5,47,0
S04051,3,21,Female,64,7.87,48,43,22,0,4,4,6.7,Yes,Yes,No,No,3,5.6,73,1
S04052,7,24,Male,77,7.45,91,84,11,0,9,7,6.3,No,Yes,Yes,No,7,3.3,58,0
S04053,6,23,Male,77,7.65,72,65,14,0,5,5,7.3,Yes,Yes,No,Yes,6,7.4,48,0
S04054,3,22,Male,71,7.39,82,77,17,1,4,6,6.8,Yes,Yes,No,No,3,7.0,37,0
S04055,8,18,Female,93,6.9,35,100,13,1,5,3,6.4,Yes,Yes,No,No,8,6.4,51,0
S04056,7,22,Female,73,8.14,71,100,25,1,3,8,5.9,Yes,Yes,Yes,No,6,6.2,33,0
S04057,1,24,Female,97,7.13,57,100,24,1,3,6,7.3,No,Yes,Yes,Yes,1,7.3,75,0
S04058,6,22,Male,76,7.2,73,58,15,2,8,8,7.9,Yes,Yes,Yes,No,3,3.4,15,0
S04059,2,18,Male,63,6.39,48,72,17,3,2,3,7.7,Yes,Yes,No,Yes,3,6.0,38,1
S04060,7,23,Male,87,7.98,63,66,14,2,6,9,7.0,Yes,Yes,No,No,9,3.5,53,0
S04061,3,20,Female,58,7.46,63,71,14,2,2,4,6.4,Yes,Yes,No,No,5,4.9,21,0
S04062,3,20,Female,62,7.1,100,93,12,0,5,5,6.3,Yes,Yes,Yes,No,7,6.4,29,0
S04063,3,23,Male,75,6.96,69,86,15,3,4,6,7.6,Yes,Yes,Yes,Yes,4,9.0,56,0
S04064,2,24,Male,58,5.58,60,78,18,1,6,7,5.3,Yes,Yes,No,No,6,3.9,44,1
S04065,3,21,Male,100,7.55,78,61,29,0,3,10,6.0,Yes,Yes,Yes,Yes,5,5.6,35,0
S04066,5,18,Male,78,6.17,79,100,8,1,4,6,8.9,Yes,Yes,Yes,No,3,5.4,45,0
S04067,7,18,Female,60,6.58,66,60,29,1,5,5,6.3,Yes,Yes,No,No,5,3.6,65,0
S04068,4,17,Male,95,7.16,75,91,17,0,2,3,7.2,Yes,Yes,No,No,4,5.3,15,0
S04069,6,20,Male,70,7.86,86,68,16,0,3,8,6.7,No,Yes,No,No,6,7.6,65,0
S04070,2,23,Male,82,5.29,63,100,16,0,5,3,6.0,Yes,Yes,Yes,No,3,6.3,14,0
S04071,1,17,Female,91,4.0,54,62,4,0,4,10,6.5,Yes,Yes,Yes,Yes,4,4.1,40,0
S04072,2,22,Female,84,8.5,61,64,19,2,4,3,6.5,No,Yes,No,No,5,6.8,50,0
S04073,2,21,Male,78,7.68,62,77,5,2,3,8,6.8,Yes,Yes,Yes,No,3,2.6,38,0
S04074,5,24,Male,96,4.0,90,35,20,2,3,7,6.6,No,Yes,Yes,Yes,1,5.3,7,1
S04075,2,19,Male,91,5.75,87,53,19,2,6,4,7.6,Yes,Yes,Yes,Yes,6,5.0,47,1
S04076,4,18,Female,84,7.72,30,77,14,0,5,2,7.3,No,Yes,No,Yes,8,3.8,29,0
S04077,8,24,Male,78,7.87,84,86,23,1,3,5,7.1,Yes,Yes,No,No,5,6.7,46,0
S04078,3,18,Female,66,6.91,82,55,11,1,4,5,4.8,Yes,Yes,Yes,Yes,8,3.2,58,0
S04079,4,20,Male,63,6.08,78,55,28,1,3,5,6.9,Yes,Yes,No,Yes,5,7.2,0,1
S04080,4,19,Male,82,5.45,68,45,28,2,6,7,7.9,Yes,Yes,Yes,No,6,4.2,48,1
S04081,2,17,Male,59,8.19,60,59,19,0,7,3,6.4,Yes,Yes,No,No,10,5.1,65,1
S04082,3,22,Male,82,6.34,33,92,18,0,5,6,6.2,Yes,Yes,No,No,4,5.8,30,0
S04083,6,24,Female,87,6.39,96,91,7,3,6,7,6.3,Yes,Yes,Yes,No,7,6.1,50,0
S04084,2,23,Male,90,7.71,57,76,7,2,6,5,7.2,Yes,Yes,No,No,6,7.5,28,0
S04085,6,24,Male,83,7.84,60,80,22,0,1,4,8.4,Yes,Yes,No,Yes,10,8.6,0,0
S04086,7,19,Female,77,7.66,81,56,17,0,3,4,6.5,Yes,Yes,Yes,Yes,7,5.7,15,0
S04087,3,23,Male,73,7.4,66,78,17,2,9,6,8.0,Yes,Yes,Yes,No,6,2.5,31,0
S04088,4,24,Female,62,6.38,87,100,23,1,4,8,6.0,Yes,Yes,No,No,5,7.9,39,0
S04089,2,22,Male,79,6.87,75,68,15,1,6,6,7.7,Yes,Yes,No,No,3,4.1,30,0
S04090,4,22,Male,76,7.76,84,87,8,1,7,7,7.3,Yes,Yes,Yes,Yes,4,4.9,33,0
S04091,5,20,Female,84,6.71,63,92,1,1,3,6,6.5,No,Yes,No,No,10,4.8,54,0
S04092,5,22,Male,63,7.06,54,81,9,3,6,4,6.4,Yes,Yes,No,Yes,6,3.7,63,1
S04093,7,21,Male,65,7.83,69,100,17,0,7,7,4.6,Yes,Yes,No,No,8,6.5,43,0
S04094,8,17,Female,68,7.67,71,60,4,1,6,3,5.3,No,Yes,No,No,6,9.3,30,1
S04095,2,17,Female,75,8.59,60,76,6,0,7,3,5.6,Yes,Yes,No,Yes,3,1.0,22,1
S04096,3,18,Female,81,6.06,100,90,21,0,5,6,6.1,Yes,Yes,No,No,4,5.1,59,0
S04097,4,24,Female,77,7.63,55,59,7,1,3,6,7.0,Yes,Yes,No,No,2,7.5,14,0
S04098,2,17,Female,58,7.57,67,74,14,0,6,6,6.3,Yes,Yes,Yes,No,6,2.9,44,0
S04099,7,22,Male,75,8.18,57,88,18,1,9,7,8.0,Yes,Yes,Yes,Yes,3,8.4,40,0
S04100,6,20,Female,77,6.16,64,95,19,1,1,5,8.6,Yes,Yes,No,No,6,9.0,44,0
S04101,7,21,Female,72,7.61,80,90,9,2,4,5,4.7,Yes,Yes,No,No,6,3.1,48,0
S04102,5,21,Female,79,6.88,59,35,14,1,5,4,6.3,Yes,Yes,No,Yes,5,3.1,24,0
S04103,5,19,Male,61,9.33,37,100,8,4,2,3,8.0,Yes,Yes,No,Yes,6,6.6,22,1
S04104,4,23,Female,82,7.91,74,75,11,1,4,5,7.0,No,Yes,No,No,8,1.6,52,0
S04105,7,24,Male,69,6.17,63,85,16,2,7,4,7.4,Yes,Yes,Yes,No,5,6.1,62,0
S04106,8,23,Female,95,5.24,42,48,24,0,3,3,8.6,Yes,Yes,Yes,No,2,7.7,21,1
S04107,5,19,Female,73,8.31,78,80,17,1,4,6,7.9,Yes,Yes,No,Yes,4,7.2,53,0
S04108,3,21,Male,62,7.56,94,77,22,0,3,8,5.7,Yes,No,Yes,No,5,5.9,39,0
S04109,5,18,Male,91,6.83,69,35,3,0,3,6,6.2,No,Yes,Yes,No,6,5.4,34,0
S04110,7,21,Female,82,7.47,87,67,15,4,7,5,7.7,Yes,Yes,No,Yes,8,3.4,31,0
S04111,6,24,Male,66,6.94,69,66,14,0,6,2,6.3,No,Yes,No,No,1,6.3,35,0
S04112,6,17,Male,94,5.49,65,55,7,0,2,4,6.8,Yes,Yes,Yes,Yes,4,5.8,7,1
S04113,6,17,Male,67,6.83,57,49,11,1,5,6,6.4,Yes,Yes,Yes,No,6,2.2,11,0
S04114,2,24,Male,55,8.19,58,81,24,0,2,5,5.7,Yes,Yes,Yes,No,6,7.5,26,0
S04115,7,21,Female,58,7.26,64,43,3,0,4,7,9.1,Yes,Yes,No,No,4,2.1,32,1
S04116,8,23,Female,83,6.94,100,91,14,3,4,7,6.1,Yes,Yes,Yes,No,5,3.2,33,0
S04117,6,24,Male,68,7.48,74,91,8,0,6,8,7.2,Yes,Yes,No,No,3,8.8,40,0
S04118,5,18,Female,74,6.85,70,100,20,0,5,2,6.0,Yes,Yes,No,Yes,3,5.3,23,0
S04119,8,22,Female,75,6.39,87,65,11,1,4,9,9.5,No,Yes,Yes,Yes,5,3.6,79,0
S04120,6,17,Female,76,7.5,93,44,16,0,8,6,6.0,No,Yes,Yes,Yes,6,4.6,31,0
S04121,2,21,Male,68,7.03,67,95,1,4,5,7,8.3,No,Yes,Yes,No,9,9.1,27,0
S04122,2,18,Male,61,5.88,77,47,21,0,5,5,6.6,Yes,Yes,Yes,No,5,8.2,37,1
S04123,6,19,Male,92,7.45,77,57,12,0,7,3,7.6,Yes,Yes,Yes,Yes,3,2.4,27,0
S04124,2,23,Male,89,6.17,53,89,19,2,2,5,8.4,No,Yes,Yes,Yes,7,3.3,41,0
S04125,3,24,Male,79,6.5,46,78,30,0,3,6,7.0,No,Yes,No,No,5,6.2,5,0
S04126,7,24,Male,85,7.19,63,63,11,0,7,3,7.5,Yes,Yes,Yes,Yes,2,5.3,20,0
S04127,1,20,Female,93,7.27,100,64,12,1,2,5,6.4,Yes,Yes,No,No,4,5.7,38,0
S04128,5,18,Male,61,7.01,69,72,25,1,2,5,6.1,Yes,Yes,No,No,6,5.1,22,0
S04129,8,21,Female,93,8.06,84,85,15,1,5,9,6.8,No,Yes,Yes,No,5,7.8,13,0
S04130,8,24,Female,70,7.71,88,66,4,1,6,2,7.6,Yes,No,No,No,6,5.4,98,0
S04131,7,17,Female,71,8.47,45,82,8,1,3,8,7.7,Yes,Yes,Yes,Yes,7,1.0,70,0
S04132,4,21,Male,68,7.3,51,58,11,0,3,5,5.8,Yes,Yes,Yes,No,4,7.5,16,0
S04133,3,18,Male,79,8.02,62,60,25,1,9,8,5.9,No,Yes,No,No,4,2.6,86,0
S04134,2,23,Male,81,6.84,58,89,21,1,2,5,7.7,Yes,Yes,Yes,No,7,5.1,48,0
S04135,6,19,Female,77,8.59,77,69,23,2,4,4,6.7,No,Yes,Yes,Yes,2,4.1,35,0
S04136,6,17,Female,100,5.84,70,100,18,1,7,8,5.6,No,Yes,No,Yes,6,4.0,34,0
S04137,2,19,Male,96,7.11,89,55,30,1,7,4,8.1,Yes,Yes,Yes,No,5,5.3,17,0
S04138,2,18,Female,58,5.25,77,68,19,0,3,6,6.5,No,Yes,No,No,6,4.7,31,0
S04139,4,19,Female,67,5.63,55,61,1,0,5,2,7.1,Yes,Yes,Yes,Yes,6,3.9,16,1
S04140,1,20,Male,98,7.76,90,100,14,0,6,6,6.0,Yes,Yes,Yes,Yes,4,6.9,25,0
S04141,5,22,Female,86,5.68,54,100,18,3,5,4,6.5,Yes,Yes,No,Yes,8,6.3,32,0
S04142,6,23,Female,64,8.06,78,61,12,3,5,3,5.1,No,Yes,Yes,No,7,5.8,52,1
S04143,1,24,Male,64,7.09,72,88,6,2,3,4,8.1,Yes,Yes,No,Yes,5,3.8,25,1
S04144,3,19,Female,51,6.6,44,82,18,0,4,9,7.5,Yes,Yes,No,No,4,5.0,22,0
S04145,6,20,Male,87,6.15,68,53,13,1,1,8,8.8,Yes,Yes,Yes,No,9,5.4,56,0
S04146,3,20,Female,83,7.17,55,98,1,0,8,6,6.2,Yes,Yes,No,No,6,4.5,30,0
S04147,4,21,Female,92,8.49,77,97,23,1,7,5,6.1,Yes,Yes,Yes,No,5,5.4,34,0
S04148,8,19,Male,82,7.58,52,66,29,0,6,8,7.7,Yes,Yes,Yes,No,5,3.9,43,0
S04149,3,24,Male,87,8.58,93,88,13,0,7,3,6.7,No,Yes,Yes,No,4,4.7,34,0
S04150,3,18,Male,80,7.19,72,74,20,1,6,7,8.2,Yes,No,Yes,No,5,6.5,31,0
S04151,5,22,Male,71,7.38,81,82,7,4,5,7,6.2,Yes,Yes,Yes,No,7,7.2,50,0
S04152,3,20,Male,71,5.65,67,73,9,1,8,4,8.0,Yes,Yes,Yes,Yes,6,4.2,13,1
S04153,4,20,Female,77,6.45,69,76,21,3,3,2,6.1,Yes,Yes,No,Yes,7,1.2,36,0
S04154,3,23,Male,80,7.67,89,59,8,2,6,5,9.4,Yes,No,Yes,Yes,6,4.4,49,0
S04155,4,21,Male,88,8.7,65,51,12,2,2,7,7.2,Yes,Yes,Yes,No,5,8.2,39,0
S04156,8,21,Male,81,5.62,57,44,21,0,4,5,5.3,Yes,Yes,No,No,5,3.4,59,0
S04157,1,22,Male,70,6.05,81,40,23,0,3,7,7.1,Yes,Yes,No,No,6,3.9,66,0
S04158,6,23,Female,89,7.4,75,95,35,0,1,6,8.4,Yes,Yes,Yes,Yes,2,5.4,42,0
S04159,1,17,Female,62,7.82,65,45,3,3,8,4,5.2,Yes,Yes,No,No,3,6.8,77,1
S04160,7,19,Male,87,6.9,52,95,15,1,5,3,6.6,Yes,Yes,No,No,4,3.3,44,0
S04161,6,17,Female,65,8.32,60,92,13,0,1,4,8.1,Yes,Yes,Yes,No,6,5.2,78,0
S04162,6,23,Female,73,6.3,63,80,24,1,2,8,7.1,Yes,Yes,No,No,4,7.5,52,0
S04163,1,24,Male,87,7.23,92,59,15,1,2,6,6.5,No,Yes,No,Yes,7,3.5,17,0
S04164,8,17,Male,81,7.3,65,100,1,1,5,5,6.9,Yes,No,Yes,No,7,6.9,28,0
S04165,7,24,Male,86,8.58,63,71,12,1,5,3,4.9,Yes,Yes,Yes,No,6,8.0,45,0
S04166,3,22,Male,82,6.49,83,72,11,1,7,4,8.8,Yes,No,No,No,5,3.5,18,0
S04167,5,17,Female,81,7.61,70,66,14,2,3,3,7.4,Yes,Yes,No,No,5,9.2,0,0
S04168,2,20,Male,69,7.37,44,35,16,0,3,3,7.2,No,Yes,Yes,No,5,3.7,35,1
S04169,2,22,Female,73,7.62,81,39,4,0,10,6,7.0,No,Yes,Yes,Yes,3,3.5,27,1
S04170,4,19,Female,69,8.67,60,82,11,0,6,1,8.5,Yes,Yes,No,No,5,6.9,42,0
S04171,1,22,Female,90,7.22,61,84,26,0,6,6,5.7,Yes,Yes,No,Yes,7,1.1,12,0
S04172,6,18,Male,61,8.94,100,81,21,2,7,5,6.0,Yes,Yes,Yes,No,7,6.3,46,0
S04173,1,24,Male,81,7.3,70,80,13,0,5,7,7.4,Yes,Yes,Yes,No,5,6.6,31,0
S04174,4,23,Male,95,8.96,82,100,6,0,5,5,7.5,Yes,Yes,No,No,4,7.1,12,0
S04175,2,23,Male,71,7.15,59,100,3,1,4,7,7.1,No,Yes,Yes,Yes,1,3.3,33,0
S04176,3,19,Female,87,7.23,76,93,11,2,3,1,7.5,Yes,No,Yes,No,4,6.3,56,0
S04177,5,20,Female,73,7.87,71,76,16,0,4,9,7.4,Yes,Yes,No,No,5,4.5,39,0
S04178,1,24,Male,91,7.22,92,86,13,0,5,6,7.0,No,Yes,Yes,No,7,6.0,45,0
S04179,2,23,Female,78,7.63,77,45,16,1,5,6,7.6,Yes,Yes,Yes,Yes,7,3.6,37,0
S04180,7,23,Female,88,6.27,63,74,6,0,7,7,7.0,No,Yes,Yes,No,6,2.3,34,0
S04181,1,19,Male,86,7.08,65,60,11,0,8,4,6.8,Yes,Yes,No,No,4,6.1,46,0
S04182,8,18,Female,84,5.97,57,47,1,0,3,6,5.9,Yes,No,Yes,No,4,6.4,81,1
S04183,8,20,Female,74,8.66,80,78,20,0,2,5,8.1,Yes,Yes,No,No,5,2.4,32,0
S04184,1,22,Female,97,6.72,74,97,29,3,3,10,6.5,Yes,No,No,No,4,6.5,39,0
S04185,3,18,Male,68,7.52,80,93,25,2,2,6,7.4,No,Yes,Yes,Yes,5,5.7,51,0
S04186,8,17,Female,61,6.89,76,75,22,0,4,4,6.4,No,Yes,Yes,Yes,6,7.5,43,0
S04187,5,20,Male,77,5.72,63,71,11,0,6,7,5.4,Yes,Yes,Yes,No,3,2.7,7,0
S04188,1,17,Female,88,6.48,71,79,17,1,4,4,6.1,Yes,Yes,Yes,No,7,3.8,0,0
S04189,4,18,Male,66,8.67,41,58,27,1,6,3,7.1,Yes,Yes,No,No,6,3.7,35,1
S04190,1,17,Male,70,6.06,49,48,7,3,1,4,4.8,Yes,Yes,Yes,No,4,9.3,0,1
S04191,3,21,Male,62,7.68,42,68,9,1,1,5,6.2,No,Yes,No,No,7,7.5,45,0
S04192,6,23,Female,84,7.71,84,96,16,2,1,6,7.5,No,Yes,Yes,Yes,6,5.1,42,0
S04193,7,17,Male,69,8.25,91,60,24,0,5,7,7.6,Yes,Yes,No,No,8,4.8,0,0
S04194,6,19,Male,77,5.89,71,75,19,1,6,2,7.4,Yes,Yes,No,No,6,5.1,57,0
S04195,4,20,Female,91,9.24,100,83,17,1,5,6,6.5,No,Yes,No,Yes,10,4.3,35,0
S04196,6,24,Female,77,6.56,57,82,16,0,4,3,8.6,Yes,Yes,No,Yes,2,8.3,82,0
S04197,8,21,Female,59,6.74,97,60,4,2,4,4,7.4,Yes,Yes,Yes,No,6,6.2,17,1
S04198,8,19,Female,65,7.47,62,75,21,0,7,6,6.5,No,Yes,Yes,No,9,4.6,9,0
S04199,2,17,Female,55,7.76,83,56,1,0,2,4,6.1,Yes,Yes,No,No,6,6.8,13,1
S04200,8,20,Female,70,8.52,77,93,9,1,4,6,7.5,Yes,Yes,Yes,No,7,5.3,0,0
S04201,1,24,Male,83,6.84,90,61,20,0,4,6,6.0,Yes,Yes,No,No,5,9.1,23,0
S04202,2,23,Male,82,5.57,78,70,11,0,5,7,8.1,Yes,Yes,No,No,5,9.2,0,0
S04203,3,17,Male,80,6.94,78,58,25,3,3,2,8.2,No,Yes,Yes,Yes,6,7.2,42,1
S04204,2,22,Female,72,7.4,71,59,13,1,5,2,5.6,Yes,Yes,Yes,No,7,8.5,31,0
S04205,8,17,Female,86,7.97,74,54,9,0,2,5,8.8,Yes,Yes,Yes,No,6,6.8,47,0
S04206,3,21,Male,73,6.34,64,86,7,0,3,9,6.4,Yes,Yes,Yes,No,8,5.2,61,0
S04207,5,18,Male,85,8.72,55,35,12,0,1,4,6.6,No,Yes,No,Yes,7,5.5,49,0
S04208,1,21,Male,69,6.13,45,82,11,1,6,6,7.1,Yes,Yes,Yes,Yes,7,4.9,35,0
S04209,6,19,Female,85,8.81,87,80,18,0,5,5,5.6,Yes,Yes,No,No,4,4.3,22,0
S04210,7,22,Female,89,7.56,68,84,8,1,3,7,7.5,No,Yes,Yes,No,7,5.6,32,0
S04211,4,23,Male,76,6.29,82,52,19,1,5,3,6.7,Yes,Yes,No,No,6,7.4,53,0
S04212,3,17,Male,65,7.94,59,86,5,0,5,3,7.0,No,Yes,No,Yes,9,3.6,22,0
S04213,4,20,Male,94,6.61,73,84,18,1,6,5,5.7,Yes,No,No,No,7,4.2,19,0
S04214,3,17,Male,100,5.15,100,96,27,1,2,6,6.7,Yes,Yes,Yes,Yes,5,6.7,42,0
S04215,2,19,Male,80,7.77,57,45,9,2,6,1,4.9,Yes,Yes,Yes,No,8,7.9,37,1
S04216,6,23,Female,100,6.14,66,80,12,4,5,6,6.4,No,Yes,Yes,No,7,3.2,42,0
S04217,8,24,Female,87,6.87,73,92,11,0,6,1,8.7,Yes,Yes,Yes,No,3,4.9,34,0
S04218,1,20,Male,66,7.82,71,79,13,0,3,3,5.2,Yes,Yes,No,Yes,6,5.6,6,0
S04219,7,22,Male,88,8.85,76,88,23,0,3,4,8.0,Yes,Yes,Yes,Yes,6,5.2,58,0
S04220,7,18,Male,90,6.71,63,46,8,3,4,5,6.6,Yes,Yes,Yes,Yes,1,4.6,76,1
S04221,2,17,Female,83,6.5,81,86,26,0,5,5,6.3,Yes,Yes,Yes,No,5,7.2,9,0
S04222,1,24,Female,66,7.26,89,68,6,0,3,5,7.8,Yes,Yes,Yes,No,9,8.1,0,0
S04223,5,19,Male,97,8.68,83,71,18,0,7,6,5.1,Yes,Yes,Yes,No,5,1.0,31,0
S04224,5,23,Female,82,8.52,72,54,18,2,8,7,7.9,Yes,Yes,Yes,Yes,6,8.9,34,1
S04225,3,17,Female,56,7.21,64,72,19,1,6,6,4.7,Yes,No,No,No,5,4.7,10,0
S04226,3,18,Female,84,7.67,79,77,15,1,8,2,6.6,Yes,Yes,Yes,No,6,4.3,31,0
S04227,6,20,Female,62,7.72,49,61,9,0,5,6,7.7,Yes,Yes,Yes,No,5,2.4,26,0
S04228,1,17,Male,70,6.44,83,91,20,0,2,7,9.2,Yes,Yes,No,Yes,3,6.7,39,0
S04229,7,23,Female,87,5.39,89,84,3,0,3,8,7.9,Yes,Yes,No,No,4,7.2,59,0
S04230,3,22,Male,82,6.82,77,58,20,0,4,3,5.3,Yes,Yes,No,No,5,3.5,28,0
S04231,6,20,Female,74,7.56,56,76,22,0,7,4,7.3,Yes,Yes,Yes,No,3,9.2,2,0
S04232,4,24,Female,76,7.85,89,69,20,1,6,3,6.2,Yes,Yes,Yes,No,7,6.6,25,0
S04233,3,23,Female,60,6.57,77,73,24,0,5,3,7.0,Yes,Yes,No,Yes,1,7.6,12,1
S04234,8,20,Female,92,8.36,84,82,24,1,6,7,6.3,Yes,Yes,Yes,No,5,5.7,52,0
S04235,6,19,Female,59,6.02,63,44,8,2,7,5,7.5,No,Yes,Yes,Yes,4,6.8,50,1
S04236,6,21,Female,48,8.59,73,97,20,1,3,3,7.1,Yes,Yes,No,No,6,5.4,68,0
S04237,2,18,Male,90,7.28,89,100,8,0,6,6,5.5,Yes,Yes,Yes,No,5,7.4,58,0
S04238,1,22,Male,88,8.1,100,76,8,0,1,6,6.5,Yes,Yes,No,No,6,6.0,49,0
S04239,1,17,Male,94,6.09,83,71,17,1,5,5,7.8,Yes,Yes,Yes,No,5,6.2,65,0
S04240,5,24,Male,78,7.27,99,62,13,0,3,4,8.2,Yes,Yes,Yes,No,4,6.6,15,0
S04241,3,17,Female,84,8.21,87,79,26,0,10,4,6.5,No,Yes,No,No,3,6.0,26,0
S04242,5,18,Male,61,6.96,52,71,24,1,4,2,6.9,Yes,Yes,No,No,6,4.7,28,0
S04243,6,17,Female,86,6.32,86,62,29,1,5,5,5.9,Yes,Yes,Yes,No,5,5.2,40,0
S04244,2,19,Female,60,8.05,70,46,16,1,7,8,6.3,Yes,Yes,Yes,No,6,4.7,40,0
S04245,3,21,Male,62,5.69,66,87,19,1,6,5,4.5,Yes,Yes,Yes,Yes,4,7.0,21,1
S04246,7,18,Male,86,8.01,70,44,15,0,4,7,5.9,Yes,Yes,No,No,5,4.4,36,0
S04247,2,22,Female,77,6.23,68,100,16,0,3,4,8.2,Yes,Yes,Yes,No,4,4.0,49,0
S04248,3,22,Male,86,5.72,55,79,13,0,5,5,6.2,Yes,Yes,No,Yes,8,10.9,4,0
S04249,8,22,Male,79,8.38,64,82,3,0,3,5,7.0,Yes,Yes,Yes,No,8,5.0,36,0
S04250,8,17,Male,75,6.55,65,35,8,0,4,7,6.7,Yes,Yes,No,No,2,3.7,61,0
S04251,4,19,Female,66,5.37,92,79,14,0,3,6,7.6,Yes,Yes,Yes,No,5,4.8,68,0
S04252,1,24,Female,89,5.67,85,95,23,0,6,7,7.1,No,Yes,Yes,No,8,5.9,62,0
S04253,6,18,Female,77,7.9,85,100,9,2,5,5,5.8,Yes,Yes,Yes,Yes,8,1.0,50,0
S04254,7,23,Male,72,5.71,68,35,14,0,5,4,6.4,Yes,Yes,No,No,6,10.0,5,1
S04255,5,17,Male,100,7.2,92,76,16,1,4,8,7.9,No,Yes,Yes,No,7,8.3,45,0
S04256,6,21,Male,84,6.41,36,83,10,0,3,8,6.0,No,Yes,Yes,No,4,5.8,32,0
S04257,6,22,Female,71,7.96,70,90,11,0,4,6,7.6,No,Yes,Yes,No,6,6.6,22,0
S04258,8,23,Female,94,6.9,80,55,11,0,7,10,6.6,Yes,Yes,No,Yes,4,7.6,60,0
S04259,3,24,Female,93,8.84,87,100,9,0,2,7,6.8,Yes,Yes,Yes,No,5,4.1,43,0
S04260,5,19,Male,84,7.21,69,81,11,1,3,4,5.9,Yes,No,No,Yes,5,5.9,39,0
S04261,7,18,Female,76,8.32,51,65,18,0,4,7,6.5,Yes,Yes,No,No,6,2.8,65,0
S04262,6,17,Female,85,7.0,66,43,10,1,6,8,7.5,Yes,Yes,Yes,No,3,7.3,9,0
S04263,3,17,Female,65,5.97,82,89,8,0,5,5,5.4,Yes,Yes,No,No,3,2.3,25,0
S04264,1,18,Female,75,6.16,83,84,19,0,9,7,6.2,Yes,Yes,Yes,No,2,4.4,43,0
S04265,3,19,Male,69,5.96,85,64,19,1,4,6,6.5,Yes,Yes,Yes,No,2,6.0,0,0
S04266,6,22,Female,100,6.12,78,70,14,0,6,5,7.6,Yes,Yes,No,No,3,6.6,40,0
S04267,5,23,Male,61,7.79,48,67,22,1,7,6,7.1,Yes,Yes,No,No,10,9.8,28,0
S04268,4,24,Female,57,7.56,66,59,22,0,6,7,6.6,Yes,Yes,No,No,6,7.3,44,0
S04269,1,24,Male,78,8.32,89,90,16,1,4,9,8.0,Yes,Yes,Yes,No,8,7.1,10,0
S04270,6,21,Male,78,5.08,62,73,8,0,4,7,4.2,Yes,Yes,No,No,9,4.8,31,0
S04271,1,22,Female,69,7.8,48,74,27,1,7,7,6.9,Yes,Yes,Yes,Yes,3,6.6,46,0
S04272,8,23,Male,72,7.38,72,93,22,1,5,5,6.1,Yes,Yes,Yes,No,8,3.0,70,0
S04273,3,20,Male,77,8.74,69,82,14,0,7,2,8.7,Yes,Yes,No,No,8,3.7,27,0
S04274,7,19,Female,70,8.46,79,88,6,3,5,8,7.0,Yes,Yes,Yes,No,4,3.8,63,0
S04275,8,20,Female,81,8.69,87,78,25,2,6,7,6.6,Yes,Yes,Yes,Yes,4,3.3,0,0
S04276,4,22,Female,71,8.14,73,85,19,2,6,5,6.7,Yes,Yes,No,No,5,4.9,96,0
S04277,7,20,Male,77,7.72,55,100,22,1,1,8,7.1,Yes,Yes,Yes,No,7,3.3,15,0
S04278,1,21,Female,67,5.34,74,85,10,1,3,7,5.8,Yes,Yes,No,Yes,1,6.8,18,0
S04279,6,18,Female,70,5.35,75,96,20,1,6,9,5.5,No,Yes,No,No,7,4.9,31,0
S04280,6,17,Female,76,7.36,75,65,3,0,3,2,7.3,Yes,Yes,No,No,4,6.1,31,0
S04281,6,17,Male,91,6.28,73,53,18,2,5,5,7.6,No,No,Yes,No,8,9.7,47,1
S04282,7,19,Male,75,6.35,100,78,20,2,5,6,7.5,Yes,No,Yes,No,8,4.7,62,0
S04283,8,19,Male,95,6.38,88,61,22,3,6,4,7.6,No,Yes,Yes,Yes,7,2.7,0,0
S04284,6,17,Female,70,7.4,76,62,7,1,5,4,6.0,Yes,Yes,No,Yes,10,3.9,63,0
S04285,7,17,Female,70,6.6,84,79,17,0,4,9,5.8,Yes,No,No,No,2,6.5,49,0
S04286,8,18,Female,80,8.25,69,70,10,1,1,8,6.3,Yes,Yes,Yes,No,4,3.0,45,0
S04287,6,20,Female,97,6.38,94,80,19,2,4,4,6.5,No,Yes,Yes,Yes,4,6.3,41,0
S04288,1,21,Female,94,6.99,98,59,7,2,4,4,8.4,Yes,Yes,Yes,No,7,8.2,51,1
S04289,2,19,Female,81,8.09,73,48,24,0,7,6,7.2,Yes,Yes,Yes,Yes,6,4.6,50,0
S04290,4,20,Female,88,7.91,88,70,8,1,7,9,6.8,Yes,Yes,No,Yes,7,5.8,79,0
S04291,4,19,Male,57,8.19,78,81,11,2,4,5,7.3,Yes,Yes,Yes,No,9,5.6,55,0
S04292,5,20,Female,82,6.16,47,62,1,0,5,1,6.4,Yes,Yes,Yes,No,5,4.8,57,0
S04293,8,18,Female,67,7.44,92,48,4,0,3,9,6.0,Yes,Yes,No,No,4,3.8,51,0
S04294,2,24,Male,100,6.95,63,67,1,2,3,3,6.0,No,No,Yes,Yes,7,7.0,77,1
S04295,8,18,Female,77,7.52,96,76,6,3,5,6,6.6,Yes,Yes,Yes,No,2,3.2,37,0
S04296,7,20,Male,88,6.78,76,53,11,2,4,4,7.3,Yes,Yes,Yes,No,7,6.9,18,0
S04297,8,22,Female,62,8.46,56,53,22,1,3,6,6.5,Yes,Yes,Yes,No,3,5.0,50,0
S04298,2,24,Male,71,6.01,43,61,1,1,6,4,8.0,Yes,Yes,No,No,9,4.9,42,1
S04299,4,21,Female,53,6.3,66,44,15,2,5,5,6.6,Yes,Yes,Yes,Yes,5,10.0,41,1
S04300,4,17,Male,78,5.69,60,83,17,0,8,3,6.9,Yes,Yes,No,No,10,5.3,51,0
S04301,5,24,Male,100,7.75,71,74,23,1,3,5,5.9,Yes,Yes,Yes,No,6,5.9,93,0
S04302,3,19,Female,84,8.83,60,97,11,1,6,6,8.2,Yes,Yes,No,No,5,7.2,17,0
S04303,3,22,Male,100,6.0,71,87,15,1,6,3,6.9,Yes,Yes,No,No,5,6.2,12,0
S04304,2,20,Male,77,5.9,67,73,25,1,2,6,6.3,Yes,Yes,Yes,Yes,1,12.0,36,0
S04305,7,23,Female,64,6.4,85,89,3,2,6,5,6.9,No,Yes,Yes,No,8,3.6,51,1
S04306,1,23,Male,81,8.28,69,66,2,0,7,3,7.2,Yes,Yes,Yes,No,6,3.5,58,0
S04307,7,23,Male,82,5.59,57,64,11,1,6,7,4.9,Yes,Yes,Yes,No,8,1.0,9,0
S04308,2,17,Female,78,5.29,74,100,20,3,1,5,7.0,Yes,Yes,Yes,No,5,4.2,24,0
S04309,4,22,Female,72,6.32,34,100,13,0,6,8,6.0,Yes,Yes,Yes,No,4,6.9,72,0
S04310,6,24,Male,89,6.74,68,74,16,2,7,5,7.8,Yes,Yes,Yes,No,6,4.6,6,0
S04311,4,19,Male,77,8.33,62,63,19,0,3,3,6.9,Yes,Yes,No,Yes,7,5.8,28,0
S04312,2,20,Female,88,5.83,78,63,11,1,4,5,8.2,No,Yes,Yes,No,6,3.7,32,0
S04313,5,24,Female,79,6.93,62,59,12,2,6,7,7.4,Yes,Yes,No,Yes,4,7.6,42,1
S04314,4,18,Male,81,5.39,61,58,10,2,7,8,6.5,Yes,Yes,Yes,Yes,7,3.6,48,1
S04315,1,22,Female,69,7.28,58,49,7,1,7,3,7.3,Yes,Yes,No,No,10,3.8,16,1
S04316,7,17,Female,94,7.25,54,100,19,0,6,8,6.3,Yes,No,Yes,No,8,4.2,25,0
S04317,3,21,Female,93,7.62,58,83,1,1,8,6,5.0,Yes,Yes,No,No,1,2.4,62,0
S04318,4,23,Female,100,8.78,50,85,20,1,2,2,6.2,Yes,Yes,No,Yes,6,8.1,60,0
S04319,1,20,Female,88,7.61,60,60,9,0,2,3,6.8,No,Yes,Yes,No,4,8.9,21,0
S04320,7,23,Male,79,6.81,84,50,17,0,7,5,7.3,Yes,Yes,Yes,No,4,5.8,15,0
S04321,3,23,Male,83,8.53,69,65,7,1,3,5,8.7,Yes,Yes,No,No,5,5.9,11,0
S04322,8,19,Male,69,7.52,56,63,10,0,2,4,3.8,Yes,Yes,Yes,No,4,7.6,26,0
S04323,3,23,Male,68,5.67,85,100,12,0,1,9,8.0,Yes,Yes,No,No,7,7.6,30,0
S04324,8,24,Female,59,8.11,60,78,16,1,5,3,9.0,Yes,Yes,No,No,3,7.5,25,0
S04325,3,21,Female,78,8.36,50,61,19,1,6,7,6.2,Yes,Yes,No,No,5,5.9,39,0
S04326,6,21,Female,77,5.36,48,76,21,0,7,10,6.9,Yes,Yes,Yes,No,8,5.4,72,0
S04327,4,20,Female,76,6.6,83,60,15,0,5,7,8.4,Yes,Yes,Yes,No,7,5.4,24,0
S04328,6,24,Male,73,7.03,67,61,20,0,9,5,4.9,Yes,Yes,No,No,4,2.7,20,0
S04329,7,21,Female,64,8.0,62,83,17,1,3,5,6.4,Yes,Yes,Yes,No,7,5.9,58,0
S04330,6,21,Male,71,9.13,85,60,10,0,5,4,6.7,Yes,Yes,Yes,Yes,8,5.7,33,0
S04331,8,18,Male,82,6.5,64,80,15,1,3,4,6.9,Yes,Yes,No,No,5,7.8,82,0
S04332,4,18,Male,93,9.13,86,85,23,1,4,4,8.9,Yes,Yes,No,No,7,4.4,20,0
S04333,4,18,Female,62,7.41,64,69,10,3,6,7,6.2,No,No,Yes,Yes,7,10.5,25,1
S04334,7,23,Female,90,7.09,46,47,16,1,4,6,6.9,Yes,Yes,No,Yes,8,3.7,12,0
S04335,7,17,Female,77,8.23,72,89,13,1,1,3,7.4,No,Yes,No,Yes,3,5.0,13,0
S04336,5,22,Female,69,6.75,73,100,14,0,7,4,8.0,No,Yes,No,No,5,5.1,11,0
S04337,2,20,Female,97,6.4,62,84,10,1,4,8,5.5,Yes,Yes,Yes,Yes,5,3.7,31,0
S04338,7,23,Male,79,6.95,45,60,21,0,5,6,8.8,No,Yes,No,Yes,7,7.0,29,0
S04339,7,17,Female,91,8.72,77,70,7,0,5,8,4.6,Yes,Yes,No,Yes,5,5.9,0,0
S04340,3,19,Male,78,6.77,32,76,27,2,2,3,6.0,Yes,Yes,No,No,4,6.8,80,1
S04341,6,20,Female,68,10.0,60,59,15,3,4,5,6.7,Yes,Yes,Yes,Yes,8,3.5,48,0
S04342,6,21,Male,51,7.3,56,80,16,2,2,5,7.8,Yes,Yes,No,No,3,3.3,31,0
S04343,3,19,Female,81,6.35,63,67,20,0,4,4,7.1,No,Yes,No,No,7,6.5,16,0
S04344,1,20,Female,86,6.13,71,76,31,1,2,8,7.4,Yes,Yes,Yes,No,10,6.6,32,0
S04345,3,20,Female,71,6.92,67,45,11,0,6,3,6.6,Yes,Yes,Yes,Yes,4,7.9,27,1
S04346,6,22,Female,85,9.67,80,57,18,1,4,6,6.2,Yes,Yes,Yes,No,9,7.8,26,0
S04347,2,20,Female,89,8.27,70,63,10,1,3,7,8.9,Yes,No,Yes,No,8,4.8,30,0
S04348,6,19,Female,73,7.97,78,54,16,0,6,4,7.0,Yes,Yes,No,No,8,3.8,63,0
S04349,4,24,Male,100,8.83,62,68,8,1,6,6,8.1,Yes,Yes,Yes,No,3,6.1,17,0
S04350,4,23,Male,82,8.49,63,81,17,1,3,3,5.4,Yes,Yes,No,Yes,5,6.7,41,0
S04351,1,22,Male,75,7.13,91,65,7,2,6,5,7.0,Yes,Yes,No,No,5,5.6,0,0
S04352,7,22,Male,60,7.44,67,100,14,0,6,6,7.2,No,Yes,Yes,No,5,9.3,12,0
S04353,3,21,Male,77,8.01,59,88,1,1,4,4,7.0,Yes,Yes,Yes,No,4,5.6,42,0
S04354,8,18,Male,80,8.08,87,35,11,0,3,5,6.9,No,Yes,No,No,6,2.9,26,0
S04355,3,17,Male,76,8.05,63,83,20,0,4,4,5.2,Yes,Yes,Yes,Yes,9,7.0,6,0
S04356,7,17,Male,76,8.2,49,59,6,0,4,6,5.1,No,No,Yes,No,10,1.9,31,1
S04357,7,23,Female,69,5.06,82,85,12,1,3,7,6.2,Yes,Yes,Yes,No,6,6.1,48,0
S04358,6,19,Male,84,7.43,65,77,18,1,5,6,7.6,Yes,Yes,Yes,Yes,6,3.7,25,0
S04359,3,19,Male,72,7.65,70,65,27,0,8,6,6.3,Yes,Yes,No,Yes,8,3.0,65,0
S04360,1,19,Female,68,7.68,75,59,20,3,8,10,6.6,No,Yes,No,No,6,3.1,30,1
S04361,3,18,Male,77,8.81,73,72,14,0,1,5,8.2,Yes,Yes,No,Yes,3,7.2,55,0
S04362,5,23,Female,67,9.19,65,82,8,0,5,3,7.5,Yes,No,Yes,Yes,6,5.7,30,0
S04363,8,20,Female,94,8.21,45,82,11,2,10,5,6.7,No,Yes,Yes,Yes,10,9.6,61,1
S04364,7,18,Female,76,7.16,64,57,18,2,6,1,4.9,Yes,Yes,No,No,4,8.1,38,1
S04365,6,21,Female,69,6.19,50,47,12,0,4,6,7.8,No,No,No,No,5,8.4,31,0
S04366,3,21,Female,86,6.13,61,83,8,2,2,6,7.0,No,Yes,Yes,Yes,6,2.7,48,0
S04367,2,22,Female,85,6.67,81,78,14,2,6,7,7.4,No,Yes,No,No,6,3.5,36,0
S04368,2,24,Female,99,7.71,61,77,18,2,2,5,6.5,Yes,Yes,Yes,Yes,4,3.0,50,0
S04369,1,18,Female,70,7.92,58,58,4,0,6,7,6.8,No,Yes,No,Yes,7,6.0,26,1
S04370,6,23,Male,74,7.09,46,50,22,3,7,7,6.7,Yes,Yes,Yes,Yes,4,10.5,22,1
S04371,8,20,Male,68,5.55,39,83,12,1,5,7,7.4,Yes,No,Yes,Yes,8,5.7,71,0
S04372,6,18,Male,83,5.84,71,47,15,1,5,1,7.1,Yes,Yes,No,No,3,7.7,13,1
S04373,7,21,Male,84,7.05,57,76,14,2,6,6,6.6,Yes,Yes,Yes,No,6,9.7,61,0
S04374,7,21,Male,78,6.41,81,67,15,1,5,8,6.3,Yes,Yes,No,No,4,6.3,19,0
S04375,1,18,Male,85,6.98,75,64,23,0,5,3,7.6,No,Yes,No,No,10,3.9,34,0
S04376,6,22,Female,71,8.4,86,77,15,0,1,7,7.2,Yes,Yes,Yes,Yes,7,6.5,43,0
S04377,6,20,Male,82,8.21,59,83,9,1,2,3,8.0,Yes,Yes,No,No,7,4.7,69,0
S04378,2,19,Female,95,9.87,76,66,24,1,4,7,5.6,Yes,No,Yes,No,5,6.1,29,0
S04379,2,18,Male,81,7.23,81,79,21,0,6,5,7.2,Yes,Yes,No,No,6,10.5,18,0
S04380,2,17,Female,92,9.24,64,65,23,1,2,4,8.0,Yes,Yes,Yes,No,4,5.7,45,0
S04381,1,21,Female,100,6.34,61,83,20,1,2,6,7.3,Yes,Yes,No,No,5,3.2,42,0
S04382,7,17,Male,74,8.0,76,63,16,2,1,2,6.7,Yes,Yes,No,No,5,2.9,51,0
S04383,5,22,Male,65,5.63,33,84,28,1,3,4,7.1,Yes,Yes,Yes,Yes,3,10.1,42,1
S04384,2,20,Female,92,5.4,84,63,20,3,6,6,8.2,Yes,Yes,No,Yes,7,7.1,8,0
S04385,4,17,Female,82,6.2,79,78,16,2,5,6,6.2,Yes,Yes,No,No,7,5.5,48,0
S04386,7,20,Male,73,8.14,81,85,21,1,6,5,6.8,No,Yes,No,Yes,5,4.2,42,0
S04387,7,23,Male,69,8.63,81,78,17,0,4,8,7.5,Yes,Yes,Yes,Yes,2,3.3,52,0
S04388,5,21,Male,78,7.36,49,90,11,1,1,1,5.2,No,Yes,Yes,No,4,8.7,4,1
S04389,8,24,Male,60,7.23,60,85,14,0,7,2,5.7,No,Yes,No,Yes,7,3.2,21,1
S04390,8,18,Male,90,9.01,67,61,19,1,7,5,5.5,No,No,Yes,Yes,5,6.9,59,0
S04391,8,19,Male,49,7.72,83,92,14,2,4,5,6.6,No,Yes,No,Yes,10,5.5,62,1
S04392,4,21,Female,72,8.67,55,60,1,2,3,1,7.7,Yes,Yes,Yes,No,8,5.5,63,0
S04393,8,22,Female,77,7.45,72,52,10,0,3,5,7.7,No,Yes,No,No,3,3.2,64,0
S04394,8,22,Male,78,6.99,54,70,14,1,4,5,6.3,Yes,Yes,Yes,Yes,5,2.6,52,0
S04395,4,17,Male,67,6.64,79,66,18,0,5,5,8.9,Yes,Yes,Yes,Yes,6,1.6,47,0
S04396,6,21,Male,79,10.0,50,78,20,2,3,7,9.0,Yes,Yes,Yes,Yes,2,5.2,51,0
S04397,8,20,Male,79,5.92,74,63,19,1,7,7,7.2,Yes,Yes,No,No,6,5.2,46,0
S04398,5,19,Male,90,5.29,81,80,17,0,3,5,7.4,Yes,Yes,No,No,4,5.5,49,0
S04399,3,23,Female,74,9.05,83,74,20,1,5,7,7.5,Yes,Yes,Yes,No,4,6.8,29,0
S04400,7,19,Female,41,7.36,60,83,1,3,4,6,5.5,Yes,Yes,No,No,3,5.9,29,1
S04401,5,22,Female,82,5.83,61,72,12,1,7,4,5.1,Yes,Yes,No,No,7,2.9,15,0
S04402,1,22,Female,74,6.56,68,67,22,0,4,6,4.5,Yes,Yes,No,No,6,2.4,24,0
S04403,6,21,Female,67,8.24,89,75,19,1,1,4,5.8,Yes,Yes,Yes,Yes,6,3.2,28,0
S04404,7,17,Female,78,5.28,84,85,12,1,3,6,6.9,Yes,Yes,Yes,No,4,4.0,29,0
S04405,6,22,Female,88,6.06,63,71,9,1,5,6,6.6,Yes,No,No,Yes,3,6.2,21,0
S04406,6,23,Male,60,8.61,59,82,4,0,1,3,7.1,Yes,Yes,No,No,3,5.8,23,1
S04407,8,17,Male,74,6.4,85,88,15,2,4,4,7.1,Yes,Yes,Yes,No,1,4.3,16,0
S04408,4,20,Male,65,6.67,65,52,11,1,7,7,6.2,Yes,Yes,No,No,5,5.1,25,0
S04409,1,18,Male,78,7.54,83,77,10,1,6,5,5.8,Yes,No,Yes,No,9,4.2,84,0
S04410,7,22,Male,82,7.51,76,87,18,1,2,3,9.1,Yes,Yes,No,Yes,6,4.5,20,0
S04411,2,19,Female,89,6.47,46,77,11,0,7,4,7.4,Yes,Yes,No,No,6,3.0,8,0
S04412,1,17,Female,79,4.55,67,71,19,0,3,4,7.5,Yes,Yes,Yes,No,7,3.6,43,0
S04413,4,22,Female,90,5.77,90,46,7,1,6,5,7.9,No,No,Yes,Yes,3,6.6,15,1
S04414,3,19,Male,68,5.87,64,44,6,0,3,5,6.8,Yes,Yes,Yes,No,3,5.0,15,1
S04415,5,20,Male,61,7.34,88,64,24,0,9,5,6.5,Yes,Yes,No,No,5,7.8,36,0
S04416,6,19,Female,87,7.52,76,60,11,2,3,5,5.7,Yes,Yes,No,No,3,3.4,30,0
S04417,8,17,Female,61,6.28,67,68,18,2,4,8,7.7,Yes,Yes,No,Yes,5,7.1,48,0
S04418,7,21,Male,76,5.49,74,60,12,0,5,3,7.9,Yes,Yes,No,Yes,2,1.0,47,0
S04419,1,21,Male,95,5.42,45,56,10,0,3,7,5.7,Yes,Yes,No,No,7,3.1,18,1
S04420,5,18,Male,74,6.39,51,56,22,0,7,7,6.3,Yes,No,No,Yes,9,3.7,25,0
S04421,8,17,Female,76,6.65,35,78,14,0,6,4,7.2,Yes,Yes,No,No,4,5.7,42,0
S04422,7,23,Female,67,7.38,49,93,15,0,3,8,7.0,Yes,Yes,Yes,Yes,7,7.2,42,0
S04423,5,20,Female,99,9.13,77,57,23,2,3,1,7.2,Yes,Yes,Yes,Yes,6,5.5,15,0
S04424,1,21,Male,83,8.73,95,72,8,1,6,4,6.0,Yes,Yes,Yes,No,5,6.7,30,0
S04425,6,20,Female,63,7.19,49,87,5,0,3,8,5.8,Yes,Yes,Yes,No,3,8.8,0,1
S04426,2,24,Male,68,7.02,54,68,14,2,2,6,4.4,Yes,Yes,Yes,Yes,10,8.6,54,0
S04427,5,24,Female,93,7.05,70,46,5,1,5,8,6.1,Yes,Yes,No,Yes,4,4.5,46,0
S04428,7,22,Female,63,5.96,91,79,1,0,5,3,7.8,Yes,Yes,No,No,4,6.0,25,1
S04429,5,20,Male,92,5.66,83,76,21,2,7,4,6.7,Yes,Yes,Yes,Yes,3,4.8,47,1
S04430,7,24,Female,57,6.74,52,68,14,2,5,6,5.2,No,Yes,Yes,No,3,10.0,30,1
S04431,3,18,Female,63,7.0,73,75,21,1,3,9,7.6,Yes,Yes,Yes,No,5,6.5,54,0
S04432,5,21,Female,70,6.51,39,95,18,2,4,1,5.6,Yes,Yes,Yes,No,6,5.6,28,1
S04433,3,23,Male,84,9.67,61,64,13,1,6,8,6.5,No,Yes,No,Yes,6,3.6,23,0
S04434,3,19,Male,87,7.35,83,85,7,0,3,9,7.3,Yes,Yes,No,No,4,3.9,33,0
S04435,2,17,Female,69,7.91,67,85,17,0,6,3,6.3,Yes,Yes,No,No,5,7.6,49,0
S04436,4,21,Male,70,8.13,62,79,29,1,4,4,6.7,Yes,No,No,No,6,8.4,32,0
S04437,2,21,Male,85,7.14,77,51,10,2,2,5,6.9,Yes,Yes,No,No,7,6.5,49,0
S04438,2,21,Female,98,6.62,58,79,24,2,6,1,6.2,Yes,Yes,No,No,5,5.7,55,0
S04439,5,18,Male,76,7.29,61,73,19,2,2,2,7.3,Yes,Yes,Yes,Yes,8,7.0,54,0
S04440,5,18,Female,82,6.16,45,94,6,0,6,8,8.3,No,Yes,No,No,6,3.6,54,0
S04441,4,20,Male,66,8.44,52,72,3,1,6,7,6.2,Yes,Yes,Yes,Yes,5,5.2,29,0
S04442,5,23,Male,78,7.44,87,69,24,0,4,5,6.3,Yes,No,Yes,No,6,4.9,28,0
S04443,1,23,Female,68,7.49,51,100,23,0,5,5,8.2,Yes,Yes,No,No,6,4.7,25,0
S04444,5,24,Female,69,7.57,47,88,18,1,7,5,8.3,Yes,Yes,No,No,1,9.1,46,0
S04445,3,23,Male,75,6.19,93,100,2,2,7,4,6.6,Yes,Yes,Yes,No,5,5.3,25,0
S04446,6,23,Female,73,6.74,70,95,7,1,4,5,7.1,Yes,Yes,Yes,No,8,7.1,48,0
S04447,6,21,Male,72,7.59,83,68,27,1,3,5,6.5,Yes,Yes,No,No,5,4.0,38,0
S04448,1,24,Female,84,7.4,58,85,13,1,4,3,6.8,No,Yes,No,No,8,1.4,35,0
S04449,2,17,Female,73,5.38,69,98,7,1,4,8,6.4,Yes,Yes,No,Yes,6,9.8,43,1
S04450,2,19,Female,72,6.2,58,81,12,0,5,8,6.0,Yes,No,Yes,No,5,1.4,64,0
S04451,8,22,Male,93,7.64,94,70,12,1,4,9,7.4,Yes,Yes,No,No,10,5.5,39,0
S04452,6,18,Male,69,4.83,73,100,16,1,2,7,7.2,No,Yes,No,No,4,3.5,19,0
S04453,4,19,Male,57,8.86,65,52,8,2,2,4,5.8,Yes,Yes,Yes,Yes,6,5.1,36,1
S04454,1,24,Male,85,7.72,93,63,15,0,2,5,5.9,Yes,Yes,Yes,No,8,8.3,16,0
S04455,8,18,Female,100,7.39,66,100,20,0,5,3,5.5,Yes,Yes,No,No,4,6.4,49,0
S04456,8,19,Female,91,8.33,100,77,9,1,4,4,7.3,Yes,Yes,No,No,6,7.5,17,0
S04457,3,17,Female,63,7.78,49,69,9,0,2,5,7.1,No,Yes,No,No,5,3.5,12,0
S04458,4,19,Female,84,5.67,85,100,15,1,7,7,6.1,Yes,Yes,No,No,8,4.3,47,0
S04459,8,23,Male,87,7.41,46,76,3,0,3,6,4.9,No,Yes,No,No,5,5.5,5,0
S04460,8,24,Male,48,7.41,72,88,8,0,7,7,8.2,No,Yes,No,No,5,4.9,16,0
S04461,4,20,Male,90,6.86,85,52,13,1,5,6,7.3,Yes,Yes,Yes,No,5,5.7,79,0
S04462,2,20,Female,75,7.28,77,56,21,1,4,8,8.7,No,Yes,No,No,8,5.6,24,0
S04463,3,18,Female,61,5.12,86,100,13,1,7,6,7.5,Yes,Yes,Yes,No,5,2.4,45,0
S04464,8,21,Female,79,7.69,82,58,15,0,6,5,4.9,Yes,Yes,Yes,No,8,7.6,52,0
S04465,1,20,Female,84,8.14,94,58,14,2,2,4,6.4,Yes,Yes,Yes,No,4,5.3,43,0
S04466,7,21,Female,76,8.72,100,48,25,0,6,6,8.3,Yes,Yes,Yes,No,10,4.8,38,0
S04467,3,22,Male,71,6.29,42,70,24,0,3,3,8.4,No,Yes,No,No,3,3.2,0,1
S04468,5,20,Female,72,5.56,100,81,20,2,6,4,6.1,Yes,Yes,No,Yes,7,5.5,30,1
S04469,8,19,Male,94,8.05,70,70,18,0,3,4,6.5,Yes,Yes,Yes,No,5,4.6,47,0
S04470,4,23,Male,94,9.12,49,66,10,3,3,3,7.9,Yes,Yes,Yes,Yes,5,6.8,32,0
S04471,2,18,Male,90,6.63,78,100,19,2,5,5,7.7,Yes,Yes,Yes,No,8,6.4,43,0
S04472,5,19,Male,74,7.15,65,100,18,1,3,4,7.0,No,Yes,No,Yes,3,2.4,47,0
S04473,7,22,Male,84,7.09,80,84,24,0,6,1,5.7,Yes,Yes,Yes,No,2,6.2,32,0
S04474,4,21,Female,66,5.21,92,100,18,0,3,6,7.7,Yes,Yes,Yes,No,7,6.0,28,0
S04475,2,21,Male,73,7.13,69,88,10,3,3,7,7.0,Yes,Yes,Yes,Yes,6,1.9,22,0
S04476,6,17,Male,73,8.45,80,63,5,1,6,4,7.8,Yes,Yes,Yes,No,6,5.6,75,0
S04477,4,18,Female,72,8.22,48,63,4,0,4,4,8.1,Yes,Yes,Yes,Yes,7,6.7,7,0
S04478,4,22,Female,63,6.79,64,73,19,0,5,8,6.0,Yes,Yes,Yes,No,3,6.8,21,0
S04479,1,17,Female,87,6.77,57,70,2,1,5,7,4.8,Yes,Yes,Yes,Yes,7,6.1,37,0
S04480,3,21,Female,98,7.18,80,70,13,0,1,5,6.6,Yes,Yes,Yes,No,6,6.6,51,0
S04481,2,17,Female,92,7.57,55,55,12,0,3,3,6.5,Yes,Yes,Yes,Yes,6,6.6,16,0
S04482,8,21,Female,74,8.1,79,79,14,0,4,8,7.6,Yes,Yes,No,No,3,8.3,37,0
S04483,6,17,Female,62,8.41,80,77,25,2,7,8,5.4,No,Yes,Yes,No,7,7.4,41,1
S04484,6,23,Male,69,8.61,68,85,16,0,5,9,6.1,Yes,Yes,Yes,No,4,7.4,51,0
S04485,2,20,Female,88,6.28,97,94,7,0,3,5,5.9,Yes,Yes,No,No,8,3.4,0,0
S04486,3,18,Female,82,5.85,51,100,14,2,3,7,6.4,Yes,Yes,No,No,6,5.8,27,0
S04487,1,22,Female,84,8.09,63,85,22,1,6,4,7.0,Yes,Yes,No,No,5,4.8,65,0
S04488,1,17,Female,60,6.76,74,100,6,0,5,6,6.6,Yes,Yes,No,No,7,7.6,62,0
S04489,4,22,Female,78,7.89,69,94,23,0,5,7,7.1,No,No,No,No,7,7.5,28,0
S04490,5,20,Female,87,8.14,57,58,28,1,5,7,6.0,Yes,Yes,No,Yes,6,5.0,31,0
S04491,8,18,Female,78,8.26,83,87,24,3,7,5,5.8,Yes,Yes,Yes,No,6,6.3,85,0
S04492,6,19,Female,99,7.73,87,87,17,0,6,7,7.2,Yes,Yes,Yes,No,5,8.6,45,0
S04493,8,18,Male,94,8.44,77,74,29,2,5,8,5.9,Yes,Yes,No,No,4,5.7,57,0
S04494,7,20,Male,75,6.62,69,100,18,1,5,8,6.1,No,Yes,No,No,7,8.3,26,0
S04495,5,22,Female,87,8.01,68,41,15,1,3,4,6.7,Yes,Yes,No,No,5,4.9,19,0
S04496,4,23,Female,60,5.81,56,99,13,1,3,6,9.3,Yes,Yes,Yes,Yes,6,3.7,58,0
S04497,4,22,Male,89,6.26,70,90,14,0,1,7,6.2,No,Yes,No,No,7,4.5,44,0
S04498,2,17,Female,98,6.97,61,59,14,0,3,5,8.1,No,Yes,Yes,Yes,7,4.4,75,0
S04499,3,17,Male,75,5.73,65,56,5,3,4,6,7.0,Yes,Yes,No,No,9,10.4,28,1
S04500,1,23,Female,73,5.99,65,63,17,2,4,8,8.0,No,Yes,No,No,5,7.3,0,0
S04501,1,21,Female,69,8.12,96,58,18,2,6,9,8.5,Yes,No,No,No,4,5.4,42,0
S04502,2,23,Male,72,7.29,50,59,1,0,6,7,6.6,Yes,Yes,No,No,4,5.1,46,0
S04503,5,17,Female,79,6.23,40,66,14,0,2,5,5.9,Yes,Yes,No,Yes,4,7.6,93,0
S04504,4,20,Female,64,7.63,54,77,10,0,3,7,6.7,Yes,Yes,No,Yes,6,1.9,51,0
S04505,2,20,Male,91,5.96,70,69,12,0,3,9,5.8,No,Yes,No,Yes,5,7.6,44,0
S04506,2,24,Female,58,5.45,74,90,10,1,3,3,5.6,Yes,Yes,Yes,No,5,5.5,26,1
S04507,4,20,Female,96,8.58,74,56,4,0,1,3,6.8,No,No,Yes,No,7,8.0,42,0
S04508,6,21,Male,73,8.05,45,86,16,0,4,6,7.1,Yes,Yes,No,No,3,6.5,41,0
S04509,4,17,Female,71,7.33,96,73,17,1,9,5,7.0,Yes,Yes,No,Yes,2,3.4,58,0
S04510,6,23,Male,68,7.78,74,79,32,2,2,5,6.1,Yes,Yes,Yes,No,7,4.4,44,0
S04511,2,21,Male,78,5.46,58,56,18,0,3,4,8.7,Yes,Yes,Yes,Yes,6,8.0,8,0
S04512,5,19,Male,58,7.31,64,100,13,0,4,2,7.1,Yes,Yes,Yes,No,8,4.8,68,0
S04513,3,19,Male,78,7.64,49,68,5,0,2,7,6.9,Yes,Yes,No,No,7,5.6,60,0
S04514,1,19,Female,80,6.58,65,71,9,1,7,7,5.7,Yes,Yes,Yes,No,7,7.9,37,0
S04515,5,20,Female,75,6.79,55,72,11,2,4,8,6.5,Yes,Yes,No,Yes,3,3.8,5,0
S04516,3,17,Male,83,6.47,75,97,25,0,5,4,5.6,Yes,Yes,No,No,2,4.1,44,0
S04517,7,19,Male,65,6.41,55,60,7,1,5,5,6.9,No,No,No,No,5,7.1,54,0
S04518,5,23,Male,92,7.64,51,58,19,0,5,7,5.7,Yes,Yes,No,Yes,6,7.2,56,0
S04519,8,23,Female,77,8.25,100,93,20,0,4,3,6.3,Yes,Yes,Yes,No,6,3.4,49,0
S04520,6,18,Female,64,7.19,46,81,21,1,5,9,7.5,Yes,Yes,Yes,Yes,9,7.2,33,0
S04521,5,21,Male,84,5.85,66,78,18,0,6,4,7.4,Yes,Yes,Yes,No,8,6.4,26,0
S04522,6,17,Male,74,6.42,54,42,13,0,3,3,9.1,Yes,Yes,Yes,No,5,6.9,45,0
S04523,6,21,Male,67,7.01,82,91,9,2,3,5,7.6,Yes,Yes,No,No,6,3.8,66,0
S04524,1,24,Female,80,7.2,78,93,11,3,1,7,5.6,No,No,Yes,No,6,7.2,28,0
S04525,7,23,Female,75,6.37,79,75,10,1,3,6,6.2,No,No,Yes,No,8,8.7,79,0
S04526,5,20,Male,81,8.64,68,47,15,0,3,5,7.3,Yes,Yes,No,No,7,4.5,27,0
S04527,2,22,Female,72,6.79,83,46,2,2,5,8,8.3,No,Yes,No,No,6,1.8,32,1
S04528,3,22,Male,77,7.38,53,95,3,2,6,8,7.6,No,Yes,No,No,6,9.5,44,0
S04529,8,18,Male,65,7.61,48,89,8,1,1,7,6.1,Yes,Yes,Yes,No,3,3.8,19,0
S04530,8,19,Male,81,7.88,82,80,5,0,6,4,7.1,Yes,Yes,No,Yes,5,6.4,29,0
S04531,8,22,Female,69,6.37,84,97,20,0,6,6,6.9,Yes,Yes,Yes,No,6,8.0,54,0
S04532,7,23,Female,61,7.97,55,77,26,1,3,7,6.4,No,Yes,Yes,No,3,5.0,47,0
S04533,6,18,Female,86,8.08,74,90,11,2,3,3,8.0,Yes,No,No,No,7,4.8,51,0
S04534,2,17,Male,89,7.09,73,90,23,0,2,6,7.0,Yes,Yes,Yes,Yes,7,5.9,48,0
S04535,8,17,Male,59,7.75,76,98,21,2,5,6,7.8,No,Yes,Yes,Yes,3,7.4,61,1
S04536,7,22,Male,73,7.53,61,58,21,1,2,5,6.2,Yes,Yes,No,No,7,7.7,35,0
S04537,3,24,Male,83,5.84,89,86,9,0,7,5,5.7,Yes,Yes,No,Yes,7,5.7,14,0
S04538,1,21,Male,68,7.35,78,83,13,1,6,8,6.8,Yes,Yes,No,No,4,3.7,60,0
S04539,7,24,Male,78,6.7,79,72,18,1,1,4,7.7,Yes,Yes,No,No,7,3.2,21,0
S04540,2,18,Male,73,7.44,60,60,20,2,7,3,6.8,Yes,Yes,Yes,No,3,8.0,57,0
S04541,4,21,Female,87,7.8,78,68,16,1,5,8,5.2,Yes,Yes,Yes,Yes,6,3.7,76,0
S04542,8,19,Male,78,7.3,76,64,22,1,4,6,7.1,No,Yes,Yes,No,5,7.0,70,0
S04543,7,19,Female,81,6.65,82,93,16,1,3,6,7.0,No,Yes,No,Yes,3,4.3,53,0
S04544,3,17,Female,75,5.9,78,100,18,3,3,8,6.5,Yes,Yes,Yes,No,6,4.5,21,0
S04545,5,18,Female,68,5.84,65,76,8,2,2,6,5.9,Yes,Yes,No,No,8,6.5,15,0
S04546,8,19,Male,100,6.53,76,80,16,2,5,4,7.2,Yes,No,Yes,No,5,7.2,35,0
S04547,3,20,Male,54,6.43,89,57,11,0,2,3,7.3,No,No,Yes,No,3,7.5,10,1
S04548,5,22,Male,82,9.28,52,73,12,1,7,4,6.2,No,Yes,No,Yes,10,6.4,37,0
S04549,7,22,Male,85,6.69,59,78,7,1,3,8,6.7,Yes,Yes,Yes,No,3,6.2,38,0
S04550,3,22,Female,83,8.06,48,79,17,3,6,6,6.7,Yes,Yes,Yes,Yes,3,3.3,56,0
S04551,1,23,Male,65,7.79,61,97,24,0,2,9,6.1,Yes,Yes,Yes,No,3,5.4,29,0
S04552,8,19,Male,78,7.12,63,35,25,4,6,3,6.0,No,Yes,Yes,No,4,4.9,24,1
S04553,2,20,Female,72,6.28,55,98,15,1,7,8,6.6,No,Yes,Yes,No,3,7.4,45,0
S04554,8,21,Male,67,7.32,68,69,19,0,4,8,6.8,Yes,Yes,Yes,No,1,5.1,29,0
S04555,5,24,Female,62,7.07,90,57,11,3,6,3,6.1,Yes,Yes,Yes,Yes,10,4.7,73,1
S04556,5,23,Male,76,8.47,49,63,16,1,4,2,8.4,No,Yes,No,No,7,2.4,37,0
S04557,7,19,Male,72,6.54,54,100,11,0,7,4,6.7,Yes,Yes,Yes,No,7,9.6,13,0
S04558,3,17,Male,78,6.78,77,50,15,0,3,6,5.3,No,Yes,No,Yes,4,8.7,14,1
S04559,4,23,Male,85,6.15,78,100,3,2,3,8,7.4,Yes,Yes,No,No,6,9.1,78,0
S04560,3,17,Female,96,7.38,64,67,24,2,6,5,5.5,Yes,Yes,No,No,6,6.6,52,0
S04561,6,20,Male,73,6.42,54,63,19,0,5,4,7.0,No,Yes,No,No,4,4.2,27,0
S04562,2,21,Female,86,7.18,63,64,18,2,5,5,6.7,Yes,No,No,No,4,6.5,20,0
S04563,3,24,Female,93,7.23,97,40,28,2,1,6,8.2,Yes,Yes,Yes,No,5,4.0,4,0
S04564,5,17,Male,87,8.74,73,86,8,0,4,4,7.4,Yes,Yes,Yes,No,4,7.4,53,0
S04565,1,23,Male,70,7.38,56,35,28,2,4,1,7.3,Yes,Yes,Yes,Yes,9,2.1,45,1
S04566,1,22,Female,59,9.19,82,59,23,0,2,4,7.2,Yes,Yes,Yes,Yes,4,6.1,7,1
S04567,5,18,Female,76,7.33,75,50,3,0,6,10,4.5,Yes,Yes,No,No,2,8.6,14,1
S04568,8,23,Female,89,7.52,42,86,1,2,4,4,6.6,Yes,Yes,No,No,8,9.8,60,1
S04569,5,18,Female,64,7.27,81,58,6,2,4,10,5.1,No,No,No,No,5,4.9,65,1
S04570,2,23,Male,66,8.43,77,93,16,2,7,3,8.0,No,Yes,No,Yes,5,8.2,19,1
S04571,6,24,Male,71,7.26,69,56,7,1,5,6,7.4,Yes,Yes,Yes,Yes,6,4.6,41,0
S04572,5,24,Female,47,7.9,39,100,13,1,3,9,7.6,Yes,Yes,Yes,No,9,2.6,57,0
S04573,7,17,Female,87,8.2,64,88,15,2,4,8,9.1,Yes,Yes,No,No,7,4.4,24,0
S04574,2,22,Male,74,5.56,57,80,12,0,3,7,8.8,Yes,Yes,Yes,Yes,4,4.5,36,0
S04575,1,17,Male,88,7.44,68,98,11,0,6,5,6.6,Yes,Yes,Yes,No,5,7.1,47,0
S04576,1,23,Female,75,8.07,64,70,19,0,5,1,5.7,Yes,Yes,No,Yes,3,5.9,31,0
S04577,6,20,Female,85,8.58,53,46,11,0,7,1,6.3,Yes,Yes,Yes,No,6,4.9,23,0
S04578,2,18,Female,81,6.41,54,74,9,0,5,8,5.3,Yes,Yes,No,Yes,7,8.1,25,0
S04579,5,20,Male,74,6.91,89,50,22,0,9,10,6.6,Yes,Yes,Yes,No,3,7.2,11,0
S04580,7,18,Female,61,5.5,60,58,19,2,5,9,7.7,No,Yes,Yes,No,2,5.8,92,1
S04581,3,24,Female,89,7.59,69,69,2,0,3,5,5.1,No,Yes,No,Yes,8,8.8,29,0
S04582,6,22,Male,89,8.68,92,99,8,1,3,5,9.2,Yes,Yes,No,Yes,10,5.3,61,0
S04583,5,20,Male,91,7.47,78,62,8,1,4,6,7.3,Yes,Yes,Yes,No,6,5.8,63,0
S04584,2,19,Female,79,7.98,37,68,23,3,6,3,5.6,Yes,Yes,No,No,6,3.0,23,1
S04585,7,22,Male,54,6.49,70,95,10,1,4,7,6.9,No,Yes,Yes,Yes,6,8.1,51,0
S04586,3,18,Male,83,6.31,78,80,9,1,5,4,5.5,Yes,Yes,Yes,No,5,9.1,51,0
S04587,2,21,Female,92,6.46,82,85,5,0,7,7,7.5,Yes,Yes,Yes,No,5,4.6,62,0
S04588,1,23,Female,82,8.05,92,89,16,0,4,4,5.4,Yes,Yes,No,No,4,3.8,45,0
S04589,3,22,Female,56,8.09,53,62,14,0,2,6,6.0,Yes,No,No,No,3,7.3,52,0
S04590,8,20,Male,69,7.74,77,96,21,1,4,3,6.4,No,Yes,Yes,No,6,7.0,23,0
S04591,1,21,Female,76,5.66,55,56,2,0,3,2,6.1,Yes,Yes,No,No,5,8.1,30,1
S04592,1,17,Male,83,6.31,55,91,11,1,3,6,6.7,No,Yes,Yes,No,2,6.9,0,0
S04593,1,24,Male,70,8.13,84,86,14,1,6,3,8.6,Yes,Yes,Yes,No,5,7.4,28,0
S04594,1,22,Female,64,6.04,73,62,8,1,5,3,6.7,Yes,Yes,No,No,9,7.9,32,0
S04595,2,22,Male,71,6.59,78,100,13,3,4,4,6.0,Yes,Yes,Yes,No,7,4.4,43,0
S04596,4,17,Female,57,6.65,88,76,15,1,4,5,7.6,Yes,Yes,Yes,Yes,9,2.2,82,0
S04597,4,24,Female,96,7.19,38,100,17,0,7,3,5.8,No,No,No,No,3,2.1,29,1
S04598,2,24,Male,71,6.9,73,75,23,2,6,7,5.4,Yes,Yes,Yes,No,6,7.4,13,0
S04599,3,23,Male,76,7.64,73,55,14,1,5,4,7.3,No,Yes,Yes,No,7,6.4,39,0
S04600,8,22,Female,88,7.64,78,58,8,0,6,7,7.5,Yes,Yes,No,Yes,6,6.8,68,0
S04601,2,23,Male,75,6.89,69,84,9,0,10,10,7.1,Yes,Yes,Yes,No,6,3.8,74,0
S04602,2,19,Male,89,8.16,65,88,16,2,4,6,8.7,No,Yes,Yes,No,3,5.5,10,0
S04603,2,22,Male,72,6.77,76,97,30,3,5,6,5.7,Yes,Yes,Yes,Yes,7,1.1,21,0
S04604,5,18,Female,79,6.42,62,86,23,1,9,4,6.8,Yes,Yes,No,Yes,9,6.3,35,0
S04605,3,23,Female,93,8.12,66,67,15,1,3,6,5.6,Yes,Yes,No,No,5,3.9,42,0
S04606,1,20,Male,100,7.43,61,84,22,1,4,5,7.3,Yes,No,Yes,No,7,2.8,56,0
S04607,3,23,Male,98,6.51,63,100,11,0,5,7,6.2,No,Yes,Yes,No,9,3.1,71,0
S04608,4,18,Female,83,5.9,50,86,9,2,3,4,7.0,Yes,Yes,No,Yes,7,6.2,41,0
S04609,7,17,Female,89,5.59,78,59,36,0,9,7,6.0,Yes,Yes,Yes,No,3,5.5,33,1
S04610,6,22,Male,75,7.18,69,68,11,1,1,7,7.2,Yes,Yes,No,No,8,8.0,30,0
S04611,8,18,Female,78,8.74,59,63,7,2,8,4,6.9,Yes,Yes,Yes,Yes,3,6.6,55,1
S04612,1,23,Female,68,6.6,76,81,17,0,5,7,7.7,Yes,Yes,Yes,No,5,7.3,57,0
S04613,7,18,Female,61,7.92,51,78,7,2,7,9,7.4,Yes,Yes,No,No,3,4.5,32,1
S04614,1,20,Male,77,6.79,61,73,20,4,6,7,6.6,Yes,Yes,No,No,6,7.8,37,0
S04615,7,18,Male,66,6.97,72,99,26,4,2,4,5.5,Yes,Yes,Yes,No,2,5.3,0,0
S04616,4,22,Male,89,6.39,46,85,5,1,4,7,7.1,Yes,No,No,No,8,3.6,30,0
S04617,7,23,Female,84,6.57,68,66,17,1,5,3,8.1,Yes,Yes,No,No,6,5.4,46,0
S04618,8,17,Male,81,7.2,70,59,11,1,1,7,7.8,Yes,Yes,Yes,Yes,3,7.1,33,0
S04619,2,23,Male,74,5.84,69,70,36,0,8,3,5.1,Yes,Yes,No,No,6,6.9,36,1
S04620,4,18,Male,84,7.56,91,49,19,1,2,3,6.4,No,Yes,No,Yes,2,5.0,20,0
S04621,1,24,Male,82,8.24,55,56,18,1,1,5,4.8,Yes,Yes,Yes,Yes,1,7.0,18,0
S04622,8,23,Male,93,7.3,87,73,14,0,7,9,6.9,Yes,Yes,No,No,8,7.3,30,0
S04623,6,18,Male,70,7.82,74,44,23,2,4,7,7.5,Yes,Yes,No,No,6,6.4,64,0
S04624,5,23,Male,75,8.98,88,50,22,1,1,6,6.2,Yes,Yes,Yes,Yes,7,3.8,49,0
S04625,5,19,Female,72,7.69,64,65,17,0,6,8,6.9,Yes,Yes,No,No,7,5.8,47,0
S04626,5,20,Female,82,8.01,46,85,9,0,5,3,6.8,No,Yes,No,Yes,6,4.3,54,0
S04627,6,22,Male,80,6.99,68,77,21,2,5,5,6.7,Yes,Yes,No,Yes,7,5.0,22,0
S04628,1,24,Female,83,9.2,87,96,17,1,5,7,5.9,Yes,Yes,Yes,No,4,10.6,32,0
S04629,6,23,Male,66,6.56,47,100,7,0,6,8,6.8,Yes,Yes,Yes,No,4,8.2,34,1
S04630,4,17,Female,81,6.18,91,67,3,0,3,5,8.3,Yes,Yes,No,No,5,9.6,22,0
S04631,6,19,Female,69,9.64,46,58,7,0,3,2,6.8,Yes,Yes,Yes,No,3,6.6,32,1
S04632,5,24,Female,58,8.49,69,35,13,2,6,5,7.5,Yes,Yes,Yes,No,7,7.9,70,1
S04633,2,20,Male,87,5.94,60,89,14,2,4,9,6.7,Yes,Yes,No,No,6,10.8,23,0
S04634,6,20,Male,86,9.33,100,84,6,0,3,7,9.0,No,Yes,Yes,No,6,5.8,70,0
S04635,1,21,Male,87,7.51,43,96,7,0,7,4,7.5,Yes,Yes,No,No,2,8.3,54,1
S04636,2,22,Male,87,8.66,65,72,15,0,4,5,9.4,No,Yes,No,No,7,4.5,34,0
S04637,1,22,Male,69,6.91,88,73,10,0,2,6,5.5,Yes,Yes,Yes,No,7,4.2,9,0
S04638,4,20,Female,60,6.17,90,71,27,0,9,6,8.0,No,No,No,No,3,5.0,15,1
S04639,1,22,Female,54,6.86,73,63,19,1,2,3,6.7,Yes,Yes,Yes,No,5,2.3,12,0
S04640,5,22,Female,89,7.21,76,80,25,1,3,5,6.8,No,Yes,No,No,3,4.1,38,0
S04641,4,20,Female,74,7.34,61,60,12,1,8,4,6.2,Yes,Yes,No,No,6,7.6,5,0
S04642,2,18,Male,88,5.11,65,58,17,0,3,4,7.8,Yes,Yes,No,No,6,5.2,25,0
S04643,3,19,Female,75,8.08,78,62,10,1,7,8,6.4,Yes,Yes,Yes,No,5,7.9,27,0
S04644,3,17,Female,84,6.4,75,97,19,1,2,3,6.6,Yes,Yes,No,No,5,6.3,61,0
S04645,7,22,Female,69,6.77,70,78,13,0,3,6,6.2,No,Yes,No,No,5,4.9,36,0
S04646,5,22,Male,64,5.79,54,65,9,0,6,5,7.9,Yes,Yes,Yes,No,6,6.7,29,1
S04647,7,23,Female,81,6.81,80,85,9,0,5,3,7.9,Yes,Yes,No,No,6,6.4,22,0
S04648,3,24,Male,74,7.89,56,73,13,2,2,7,7.1,Yes,No,No,No,3,6.8,28,0
S04649,8,17,Female,80,8.19,73,88,22,1,4,8,6.2,Yes,Yes,Yes,No,6,2.8,46,0
S04650,1,22,Male,82,7.71,72,43,13,1,6,5,6.2,Yes,Yes,No,No,2,2.5,38,0
S04651,2,20,Female,85,4.86,98,60,16,2,4,6,6.2,Yes,Yes,Yes,Yes,6,5.9,36,0
S04652,4,21,Female,73,5.66,76,83,18,1,3,6,5.2,No,No,No,Yes,6,7.0,26,0
S04653,6,24,Male,95,7.24,61,100,15,2,2,4,6.7,No,No,Yes,Yes,7,5.0,46,0
S04654,4,24,Female,77,7.2,46,92,10,3,6,7,4.9,Yes,Yes,No,No,6,5.5,46,0
S04655,2,18,Female,83,7.57,58,64,10,1,5,5,3.7,Yes,Yes,No,No,6,6.5,25,0
S04656,6,22,Male,76,5.34,60,88,19,1,1,7,6.9,Yes,Yes,Yes,Yes,6,4.4,29,0
S04657,1,23,Female,87,6.2,71,90,11,1,4,4,5.8,Yes,Yes,No,Yes,7,6.2,57,0
S04658,8,18,Male,66,6.99,53,100,25,1,2,5,7.2,No,Yes,Yes,No,5,4.9,0,0
S04659,3,19,Male,88,5.59,81,79,11,1,6,5,8.7,No,Yes,No,Yes,4,4.8,66,1
S04660,2,19,Female,56,8.01,56,88,12,1,6,7,7.6,Yes,Yes,Yes,Yes,5,5.4,44,0
S04661,3,21,Female,79,6.71,72,79,8,2,3,7,5.5,Yes,Yes,Yes,Yes,5,6.4,79,0
S04662,3,23,Female,49,9.43,69,66,5,0,3,5,8.5,Yes,Yes,No,No,4,7.6,49,0
S04663,3,21,Male,63,7.65,64,77,10,1,3,8,7.5,Yes,Yes,Yes,No,7,6.0,13,0
S04664,1,20,Female,72,5.91,82,48,6,1,8,6,8.6,No,Yes,Yes,No,5,7.9,48,1
S04665,5,19,Male,96,5.6,74,78,5,0,5,3,6.7,Yes,Yes,Yes,No,3,4.1,70,1
S04666,6,23,Female,78,7.23,42,90,29,0,6,7,6.1,Yes,Yes,Yes,No,10,5.7,43,0
S04667,6,24,Male,92,6.12,80,68,5,1,5,1,7.5,Yes,Yes,No,No,4,5.7,29,0
S04668,8,20,Female,74,6.47,73,79,21,1,3,7,8.2,Yes,Yes,No,Yes,5,6.8,1,0
S04669,6,20,Female,85,9.92,82,74,9,2,2,5,5.5,Yes,No,No,No,5,4.1,50,0
S04670,3,20,Male,59,8.15,80,98,12,0,5,8,6.5,Yes,No,Yes,No,4,5.1,4,0
S04671,7,24,Female,81,7.53,92,88,15,1,8,6,6.1,No,Yes,No,No,2,9.2,81,0
S04672,2,18,Male,82,5.63,76,100,19,2,3,4,5.7,Yes,Yes,Yes,No,2,3.3,69,1
S04673,2,20,Female,69,7.44,78,95,12,0,6,7,5.9,Yes,Yes,No,No,5,7.1,20,0
S04674,7,17,Male,65,4.55,68,91,8,1,3,6,6.0,Yes,Yes,Yes,No,5,3.0,41,0
S04675,6,19,Female,95,8.37,72,76,12,1,2,6,8.5,Yes,Yes,No,No,8,4.2,47,0
S04676,1,17,Female,62,6.8,87,54,9,0,4,6,5.0,Yes,Yes,No,Yes,5,7.7,44,1
S04677,4,24,Female,82,6.99,88,90,23,2,7,7,8.7,Yes,No,Yes,No,8,6.4,0,0
S04678,6,17,Female,90,6.37,68,77,10,1,4,6,6.9,No,Yes,Yes,No,4,8.9,49,0
S04679,5,23,Female,81,6.19,76,100,32,3,4,8,5.1,Yes,No,No,No,6,5.9,49,0
S04680,4,19,Male,74,6.79,78,76,15,0,7,4,6.1,No,No,Yes,Yes,3,4.5,21,0
S04681,8,18,Male,81,7.43,57,66,14,2,3,7,6.4,No,Yes,Yes,No,9,4.1,38,0
S04682,8,23,Male,62,6.97,72,100,27,0,9,4,5.7,No,Yes,Yes,No,6,7.8,50,1
S04683,7,22,Male,78,6.35,51,86,12,0,4,8,7.8,No,Yes,Yes,No,4,4.7,36,0
S04684,7,19,Male,77,6.46,93,100,18,0,5,4,6.8,Yes,Yes,Yes,Yes,7,8.0,43,0
S04685,6,19,Male,95,6.64,93,83,17,3,10,4,7.9,Yes,Yes,Yes,Yes,7,2.4,37,0
S04686,5,20,Male,59,6.48,59,100,1,0,1,3,7.3,No,Yes,No,Yes,7,4.8,31,1
S04687,2,19,Male,81,6.8,89,64,7,1,5,5,5.7,Yes,Yes,No,Yes,10,3.9,57,0
S04688,1,24,Male,82,8.55,62,79,28,2,3,2,7.3,Yes,Yes,No,No,5,8.0,61,0
S04689,1,23,Female,88,6.15,76,90,14,0,1,6,6.4,Yes,Yes,No,No,3,5.6,40,0
S04690,2,17,Male,67,9.11,62,67,15,1,6,4,6.5,No,Yes,Yes,No,8,3.9,51,0
S04691,2,21,Male,61,8.92,68,78,27,2,6,4,5.5,Yes,Yes,Yes,No,5,7.3,17,1
S04692,1,24,Female,82,6.05,74,100,17,0,7,2,6.2,Yes,Yes,Yes,No,8,4.4,65,0
S04693,2,18,Male,75,7.84,86,64,20,1,4,3,4.7,Yes,Yes,No,No,4,6.0,8,0
S04694,1,19,Female,73,7.26,61,80,10,0,6,2,9.0,Yes,Yes,Yes,No,6,4.7,25,0
S04695,5,21,Male,67,5.99,92,86,22,3,4,8,7.6,Yes,Yes,No,No,6,7.7,29,0
S04696,5,19,Male,87,7.96,100,89,17,0,8,5,8.0,No,Yes,No,No,7,5.1,40,0
S04697,1,21,Male,94,6.31,57,100,12,4,4,4,5.8,Yes,Yes,Yes,No,5,3.6,46,0
S04698,7,20,Male,82,8.33,73,58,19,0,8,6,7.5,Yes,Yes,No,No,4,4.7,39,0
S04699,6,22,Female,74,6.46,65,49,5,0,5,4,6.0,Yes,Yes,Yes,Yes,1,8.3,5,1
S04700,6,21,Male,89,6.05,76,59,15,1,5,5,7.5,Yes,Yes,Yes,No,7,7.9,19,0
S04701,7,24,Female,89,10.0,79,69,17,0,5,1,6.0,Yes,Yes,Yes,No,10,11.0,22,0
S04702,8,22,Male,77,6.22,68,100,16,0,1,6,7.9,Yes,Yes,No,No,1,6.9,6,0
S04703,8,24,Male,82,7.9,85,75,26,2,4,3,5.2,Yes,Yes,No,No,2,8.6,42,0
S04704,2,20,Male,87,6.49,72,74,7,0,8,6,7.0,Yes,Yes,No,Yes,4,6.6,24,0
S04705,3,17,Male,68,5.4,53,51,24,0,3,9,8.1,Yes,Yes,Yes,No,6,6.0,25,0
S04706,7,23,Female,82,5.36,68,48,11,0,2,6,5.6,No,Yes,No,No,5,4.3,79,0
S04707,6,22,Female,92,7.84,58,90,9,0,2,4,5.8,Yes,Yes,Yes,Yes,5,5.4,34,0
S04708,4,18,Male,100,5.87,49,73,23,0,5,8,6.2,No,No,Yes,No,6,3.5,73,0
S04709,5,20,Female,79,6.98,68,100,9,3,1,4,6.3,Yes,Yes,Yes,Yes,7,4.6,25,0
S04710,8,18,Female,88,5.78,59,59,16,0,2,5,6.7,Yes,Yes,Yes,No,8,6.5,7,0
S04711,8,22,Male,76,6.71,30,84,11,0,1,3,8.9,Yes,Yes,No,No,5,5.9,30,0
S04712,4,18,Male,71,6.51,98,87,11,2,3,6,7.7,Yes,Yes,No,No,6,5.3,58,0
S04713,6,20,Female,79,7.52,67,50,11,2,4,8,6.1,Yes,Yes,No,Yes,4,8.0,3,0
S04714,3,17,Female,56,6.51,57,83,21,2,6,5,7.0,Yes,Yes,Yes,No,3,4.6,1,1
S04715,5,17,Male,80,7.24,62,56,16,1,8,4,7.8,No,Yes,No,Yes,5,6.2,92,0
S04716,3,19,Female,56,6.53,86,100,5,2,8,7,7.7,Yes,Yes,Yes,No,2,2.1,26,1
S04717,1,22,Female,65,7.89,64,67,14,1,7,7,6.0,Yes,Yes,Yes,No,3,6.3,12,0
S04718,8,20,Female,63,6.43,55,35,23,2,4,6,7.3,Yes,Yes,Yes,No,4,3.5,61,1
S04719,3,18,Female,70,7.1,83,67,15,0,5,6,5.4,Yes,Yes,Yes,No,8,4.6,86,0
S04720,6,23,Female,67,7.99,75,73,15,2,4,4,5.6,Yes,Yes,No,No,6,7.8,48,0
S04721,7,23,Male,73,6.92,98,68,14,1,3,8,7.2,No,Yes,No,No,4,6.0,0,0
S04722,6,23,Male,86,7.1,67,92,9,2,4,10,6.5,Yes,Yes,Yes,No,8,11.0,19,0
S04723,1,22,Male,100,7.74,99,53,9,3,5,4,7.5,Yes,Yes,Yes,No,7,4.6,29,0
S04724,3,19,Female,86,8.18,56,56,12,4,4,6,6.2,Yes,Yes,No,No,8,9.1,49,0
S04725,8,20,Female,95,8.35,55,91,13,1,5,3,5.9,Yes,Yes,No,No,6,6.1,30,0
S04726,6,24,Female,66,7.53,58,66,12,1,4,5,5.1,Yes,Yes,No,No,5,5.8,33,0
S04727,2,19,Male,79,8.49,70,85,27,2,2,5,7.5,Yes,Yes,Yes,No,9,1.0,63,0
S04728,3,18,Female,93,6.96,47,75,20,1,7,4,8.4,Yes,Yes,Yes,No,5,7.1,4,0
S04729,7,20,Female,78,6.0,51,79,17,2,2,5,8.8,Yes,Yes,Yes,No,10,7.0,52,0
S04730,4,18,Male,80,6.38,81,90,9,0,7,2,7.6,Yes,Yes,No,No,4,5.3,69,0
S04731,1,23,Male,77,6.16,84,49,16,2,5,3,6.5,Yes,Yes,Yes,No,6,4.9,49,0
S04732,4,19,Female,78,6.25,68,78,10,2,6,8,7.5,Yes,Yes,No,No,8,3.3,17,0
S04733,2,24,Female,78,5.5,78,76,19,1,6,4,6.9,Yes,Yes,Yes,No,6,3.7,22,0
S04734,1,20,Male,55,7.58,63,80,12,2,3,8,7.6,Yes,Yes,Yes,No,5,5.8,24,0
S04735,3,21,Female,81,6.81,86,77,22,1,6,9,8.2,Yes,Yes,Yes,No,8,3.0,55,0
S04736,2,21,Male,52,6.8,60,72,22,2,5,8,5.6,Yes,Yes,Yes,No,2,3.9,28,1
S04737,4,21,Male,96,7.3,34,43,16,2,4,4,6.1,Yes,Yes,Yes,No,6,4.3,60,0
S04738,8,21,Female,49,8.44,65,88,21,2,4,10,8.8,Yes,Yes,No,Yes,5,7.5,19,0
S04739,4,20,Male,67,7.87,58,59,4,0,7,6,6.0,Yes,Yes,Yes,Yes,7,4.4,41,0
S04740,4,21,Male,100,5.49,54,75,1,0,4,2,7.1,Yes,Yes,Yes,No,6,5.1,32,0
S04741,5,21,Female,82,6.24,97,75,7,0,4,2,6.8,No,Yes,Yes,Yes,5,6.4,28,0
S04742,4,17,Male,75,6.74,87,54,28,2,10,6,6.1,No,Yes,Yes,No,7,4.4,58,1
S04743,1,22,Female,61,5.38,43,35,5,0,3,4,5.8,Yes,Yes,Yes,Yes,3,6.0,23,1
S04744,2,23,Female,74,5.68,69,69,13,2,4,8,7.6,Yes,Yes,Yes,Yes,3,5.9,13,1
S04745,8,19,Female,75,7.0,80,70,18,1,3,7,5.6,Yes,Yes,No,No,7,4.6,33,0
S04746,6,18,Female,72,5.68,53,90,9,1,6,5,7.8,Yes,Yes,No,No,6,4.5,31,0
S04747,1,17,Male,64,6.27,64,59,11,1,4,5,6.5,Yes,Yes,Yes,No,7,3.5,64,0
S04748,1,23,Male,88,7.6,54,53,20,2,2,7,7.1,Yes,Yes,Yes,No,7,7.5,7,0
S04749,3,19,Male,66,6.38,76,60,7,2,1,4,6.2,Yes,Yes,Yes,No,4,3.3,53,1
S04750,3,22,Male,90,6.26,76,51,8,1,9,5,6.6,Yes,Yes,No,No,7,2.6,31,0
S04751,6,24,Female,69,5.98,61,64,16,3,6,5,7.2,Yes,Yes,Yes,No,6,5.1,55,1
S04752,7,17,Male,88,6.4,54,52,25,0,1,7,4.9,Yes,Yes,Yes,No,5,4.7,7,0
S04753,7,18,Male,79,6.73,72,87,19,0,4,6,7.1,Yes,Yes,No,No,4,3.7,72,0
S04754,5,23,Female,65,6.69,56,82,14,1,7,4,7.2,Yes,Yes,Yes,No,4,3.1,33,0
S04755,7,20,Female,91,6.54,44,87,21,0,4,3,8.1,Yes,Yes,Yes,Yes,5,5.4,36,0
S04756,6,20,Female,69,6.88,84,76,14,3,4,8,8.2,No,Yes,Yes,No,5,8.9,23,0
S04757,8,23,Female,74,7.45,85,41,12,2,6,5,7.6,Yes,Yes,No,Yes,6,6.1,25,1
S04758,8,24,Female,82,7.95,86,66,27,3,1,5,6.2,Yes,Yes,No,Yes,6,3.6,38,0
S04759,6,23,Male,64,6.65,58,90,10,2,8,6,5.4,Yes,Yes,Yes,No,5,4.8,41,1
S04760,2,23,Female,88,7.59,46,83,5,0,6,3,6.9,Yes,Yes,No,Yes,5,3.7,17,1
S04761,5,17,Female,66,6.52,76,72,20,0,5,6,6.7,Yes,Yes,Yes,Yes,7,5.0,0,0
S04762,8,20,Female,64,7.11,58,72,3,2,3,9,7.9,Yes,Yes,Yes,No,4,5.9,10,1
S04763,5,17,Female,77,8.35,79,86,19,2,7,9,7.5,No,Yes,Yes,No,6,5.7,9,0
S04764,3,18,Female,78,9.03,51,77,15,3,7,4,7.6,No,Yes,No,Yes,1,4.0,52,0
S04765,3,23,Female,56,6.83,46,53,19,1,3,8,7.5,Yes,No,No,No,5,5.9,33,1
S04766,6,18,Male,77,9.08,64,95,11,0,2,5,6.8,No,Yes,Yes,No,9,4.3,35,0
S04767,7,20,Male,64,7.4,82,44,10,0,3,6,7.6,Yes,Yes,Yes,No,6,6.7,6,0
S04768,7,17,Female,65,5.89,58,70,17,1,2,7,7.6,Yes,Yes,Yes,No,6,2.9,34,0
S04769,2,18,Female,70,7.27,94,57,18,0,4,3,8.8,No,Yes,Yes,No,5,3.8,4,0
S04770,4,21,Female,72,5.59,57,52,17,0,4,5,6.0,No,Yes,No,No,4,6.1,16,1
S04771,7,17,Female,70,7.47,82,89,8,2,4,3,6.5,Yes,Yes,Yes,Yes,7,3.0,24,0
S04772,1,19,Male,56,6.35,65,53,9,2,7,5,6.2,No,Yes,No,No,5,5.5,29,1
S04773,5,17,Male,99,6.23,65,82,21,1,4,6,6.7,Yes,Yes,Yes,Yes,3,3.6,33,0
S04774,8,22,Female,78,7.43,83,67,10,0,1,7,7.4,Yes,Yes,Yes,No,9,1.7,65,0
S04775,6,23,Female,73,6.5,41,54,10,2,8,2,6.3,Yes,Yes,No,No,4,3.7,26,1
S04776,5,20,Male,60,7.05,87,72,13,0,4,3,7.0,Yes,Yes,Yes,Yes,7,7.0,49,0
S04777,4,21,Female,87,6.31,66,78,14,0,5,2,6.3,Yes,Yes,No,No,7,5.6,0,0
S04778,4,18,Male,84,6.97,55,86,3,0,5,3,9.3,Yes,Yes,Yes,No,5,5.5,30,0
S04779,3,23,Female,81,6.74,55,82,32,3,5,6,6.9,Yes,Yes,Yes,Yes,5,7.9,77,0
S04780,8,22,Male,100,5.35,91,100,18,1,4,2,8.7,Yes,Yes,Yes,Yes,1,6.7,41,0
S04781,2,23,Female,77,6.37,62,89,15,3,5,8,9.4,No,Yes,No,No,8,4.8,13,0
S04782,3,21,Male,69,7.22,31,57,10,4,5,5,7.2,Yes,Yes,Yes,No,5,5.8,57,1
S04783,2,17,Female,60,7.02,80,67,9,0,6,5,9.5,Yes,Yes,No,No,7,6.4,20,0
S04784,6,24,Male,74,7.85,44,61,5,0,6,7,8.1,Yes,No,No,No,6,3.6,92,0
S04785,6,18,Female,63,8.24,89,95,29,2,3,4,5.2,Yes,Yes,Yes,No,7,3.2,9,0
S04786,3,24,Female,68,7.21,76,61,5,0,5,2,6.9,Yes,Yes,Yes,Yes,7,9.7,40,0
S04787,4,23,Female,90,6.46,76,64,25,3,5,6,5.7,Yes,Yes,No,Yes,6,5.3,48,0
S04788,3,18,Male,75,9.07,86,51,7,1,5,4,7.8,Yes,Yes,No,No,6,3.6,41,0
S04789,1,21,Female,81,8.1,56,73,4,3,5,9,5.1,Yes,Yes,Yes,Yes,6,5.8,37,0
S04790,7,23,Male,58,7.38,60,78,14,2,7,7,8.5,Yes,Yes,No,Yes,7,3.6,57,0
S04791,6,23,Male,73,7.65,62,71,16,3,3,6,7.6,Yes,Yes,Yes,Yes,8,5.1,27,0
S04792,8,22,Male,82,7.91,73,79,16,2,5,4,5.8,Yes,Yes,No,No,7,7.4,24,0
S04793,2,19,Male,76,8.5,68,56,10,2,4,8,6.8,Yes,No,No,No,5,6.8,53,0
S04794,5,20,Female,68,7.82,79,60,10,1,2,5,5.7,Yes,Yes,Yes,Yes,8,4.6,57,0
S04795,2,19,Female,79,5.35,90,100,16,0,6,3,6.6,Yes,Yes,No,No,5,7.9,26,0
S04796,5,19,Female,70,6.84,68,41,12,0,4,6,8.1,Yes,Yes,Yes,No,7,7.0,19,0
S04797,5,24,Female,73,6.0,75,87,9,2,5,5,8.3,No,Yes,No,No,6,8.1,53,0
S04798,7,17,Male,100,7.03,61,100,15,0,7,5,6.1,Yes,Yes,Yes,Yes,3,4.9,12,0
S04799,5,17,Female,100,7.21,56,100,25,0,5,7,8.6,No,Yes,No,No,4,4.8,51,0
S04800,3,24,Female,85,6.19,58,74,13,2,2,7,7.0,Yes,Yes,No,No,4,4.5,66,0
S04801,3,21,Male,88,8.26,76,85,31,1,4,6,5.9,Yes,Yes,Yes,Yes,5,3.0,35,0
S04802,8,22,Female,68,5.63,76,38,17,0,5,7,5.1,Yes,Yes,No,No,7,2.9,19,0
S04803,1,19,Female,83,6.97,82,85,21,2,8,6,5.8,Yes,Yes,No,No,6,6.4,44,0
S04804,7,19,Female,86,7.34,100,72,17,0,1,8,6.7,Yes,Yes,No,No,5,3.6,19,0
S04805,7,17,Female,90,7.84,53,93,29,1,6,7,7.1,Yes,Yes,Yes,No,10,5.7,38,0
S04806,1,22,Male,78,5.52,90,77,18,0,6,3,6.2,Yes,Yes,No,No,9,5.9,23,0
S04807,5,22,Female,83,9.38,67,92,9,0,4,4,4.9,No,Yes,Yes,No,5,2.2,48,0
S04808,1,17,Female,70,6.04,59,57,13,1,5,8,6.7,Yes,Yes,No,Yes,8,7.6,60,0
S04809,7,18,Male,67,6.99,67,95,17,0,6,5,5.6,Yes,No,Yes,No,7,5.4,19,0
S04810,2,24,Female,77,6.17,70,83,7,2,4,4,7.0,No,Yes,Yes,No,1,8.5,43,1
S04811,1,24,Male,78,7.73,94,100,21,4,3,4,5.9,No,Yes,No,No,9,3.0,11,0
S04812,7,23,Female,72,7.51,67,64,36,0,6,4,6.6,Yes,Yes,No,No,8,5.7,67,0
S04813,7,24,Female,72,6.75,80,68,14,1,3,10,7.6,No,Yes,Yes,Yes,5,4.8,8,0
S04814,1,21,Female,89,7.07,92,100,7,0,4,4,7.4,Yes,Yes,Yes,Yes,4,8.8,53,0
S04815,1,20,Female,67,7.13,99,70,11,1,4,5,6.9,Yes,No,No,Yes,9,5.0,30,0
S04816,1,24,Female,82,5.78,72,62,6,3,4,4,8.0,Yes,Yes,Yes,No,5,3.3,20,1
S04817,5,17,Female,86,9.16,65,80,14,3,7,5,6.6,No,Yes,No,No,5,6.8,28,0
S04818,2,18,Female,96,6.96,75,57,5,1,7,7,7.7,Yes,Yes,No,No,3,4.6,47,0
S04819,5,24,Male,91,6.27,98,78,25,0,7,6,5.5,No,Yes,Yes,Yes,3,2.3,48,0
S04820,2,22,Male,55,7.8,98,66,18,5,4,4,7.4,Yes,Yes,No,No,3,2.1,22,0
S04821,1,19,Female,61,5.69,73,53,20,2,4,6,6.7,No,Yes,No,Yes,4,6.2,40,1
S04822,7,21,Female,72,6.06,80,72,13,2,3,7,6.9,Yes,Yes,No,No,5,5.3,17,0
S04823,1,21,Male,79,7.86,79,76,14,1,5,6,6.8,Yes,Yes,Yes,No,3,7.0,56,0
S04824,2,17,Female,71,6.53,57,96,18,2,7,6,7.2,Yes,Yes,Yes,No,5,2.5,27,0
S04825,8,23,Female,92,6.86,90,79,3,0,5,5,5.9,No,Yes,No,No,7,5.9,35,0
S04826,3,21,Male,75,6.57,78,44,9,1,9,9,7.6,Yes,Yes,Yes,No,7,3.0,19,0
S04827,8,22,Female,78,7.46,53,73,15,2,4,6,7.1,No,Yes,Yes,Yes,3,6.2,62,0
S04828,7,21,Female,74,7.13,68,70,1,0,2,2,6.7,Yes,Yes,Yes,Yes,6,7.2,38,0
S04829,6,19,Male,71,7.76,70,77,7,1,4,8,7.7,Yes,Yes,No,Yes,3,6.6,36,0
S04830,8,20,Male,73,8.64,60,89,23,0,4,4,7.5,Yes,Yes,Yes,No,4,6.1,33,0
S04831,5,18,Male,72,6.71,40,71,23,0,3,10,8.6,Yes,Yes,Yes,Yes,6,2.3,25,0
S04832,2,21,Male,87,8.0,91,47,20,0,7,6,5.6,Yes,Yes,Yes,No,5,7.1,33,0
S04833,1,18,Male,66,6.41,46,77,4,0,3,2,5.5,Yes,Yes,Yes,No,3,3.4,26,1
S04834,4,22,Female,77,6.92,52,85,20,4,4,7,7.4,Yes,Yes,No,No,3,6.7,37,0
S04835,7,22,Female,66,8.03,81,77,14,2,1,8,7.5,Yes,Yes,No,No,5,1.0,57,0
S04836,4,17,Male,68,8.49,95,55,20,0,6,9,7.2,Yes,Yes,No,No,5,2.6,63,0
S04837,6,17,Female,74,5.47,86,52,20,5,4,7,4.0,Yes,Yes,No,No,6,8.6,28,1
S04838,8,19,Male,59,8.44,56,66,7,2,2,8,6.9,Yes,Yes,Yes,No,3,4.1,37,1
S04839,8,21,Female,80,8.52,64,92,10,0,3,5,6.6,Yes,Yes,Yes,No,3,5.7,65,0
S04840,6,17,Male,84,5.94,62,67,16,2,2,4,7.8,Yes,Yes,No,No,3,8.0,24,0
S04841,4,17,Male,70,5.35,84,100,1,1,8,4,6.8,Yes,Yes,Yes,No,6,10.2,15,1
S04842,4,18,Female,82,7.67,69,57,13,2,7,10,7.2,Yes,No,No,No,7,8.4,20,0
S04843,8,20,Male,78,7.91,55,56,15,1,7,4,6.1,No,Yes,No,No,4,6.3,57,0
S04844,3,19,Female,75,7.39,42,73,19,2,7,3,7.1,Yes,Yes,Yes,No,4,6.4,30,1
S04845,1,21,Male,83,8.98,93,69,20,2,2,6,5.4,Yes,Yes,No,Yes,5,9.3,57,0
S04846,5,19,Female,86,6.32,37,61,4,1,6,7,6.1,Yes,Yes,No,Yes,6,4.8,58,0
S04847,3,21,Female,85,7.18,83,96,12,0,1,4,7.9,No,Yes,Yes,Yes,9,3.9,27,0
S04848,2,24,Male,73,6.8,80,53,15,1,8,4,7.6,Yes,No,No,Yes,4,2.5,54,1
S04849,4,23,Female,100,7.82,67,51,10,1,5,3,9.2,Yes,Yes,Yes,Yes,1,7.8,13,0
S04850,5,21,Male,95,8.95,72,99,19,3,5,8,6.6,Yes,Yes,Yes,Yes,3,3.1,54,0
S04851,5,24,Male,51,7.41,77,97,18,1,4,6,6.9,Yes,Yes,Yes,No,2,4.6,52,0
S04852,4,20,Male,68,5.01,43,55,17,1,9,3,8.2,Yes,Yes,Yes,Yes,5,2.6,59,1
S04853,6,22,Male,87,7.5,75,94,18,2,2,5,4.5,No,No,Yes,No,6,6.6,31,0
S04854,7,19,Male,78,6.83,69,88,13,1,4,4,6.7,Yes,Yes,Yes,No,6,5.2,41,0
S04855,4,24,Male,64,6.67,85,70,9,1,6,7,6.5,Yes,Yes,Yes,No,1,4.8,34,0
S04856,5,20,Female,77,7.59,62,71,13,4,5,2,6.1,Yes,Yes,No,No,4,4.8,21,0
S04857,1,17,Male,70,8.81,47,78,20,0,6,5,8.6,No,Yes,Yes,No,8,5.7,18,0
S04858,4,19,Female,100,7.06,91,72,16,1,5,7,7.9,Yes,Yes,Yes,Yes,2,4.8,57,0
S04859,2,23,Female,86,9.52,100,55,15,1,5,7,8.1,Yes,Yes,No,No,5,8.5,54,0
S04860,3,23,Female,58,6.66,84,63,15,3,5,3,5.8,Yes,Yes,Yes,No,4,3.6,19,1
S04861,4,17,Female,93,6.89,67,53,7,4,7,6,6.3,Yes,Yes,Yes,Yes,3,6.4,74,1
S04862,8,23,Male,78,7.57,54,100,15,1,2,4,6.6,No,Yes,Yes,No,6,4.4,49,0
S04863,1,23,Male,80,7.0,64,85,25,1,6,5,7.5,No,Yes,No,No,3,6.5,18,0
S04864,3,22,Female,80,6.59,84,67,12,1,1,6,7.9,Yes,Yes,Yes,No,6,9.1,39,0
S04865,3,24,Male,90,7.75,66,53,26,0,2,5,6.8,Yes,Yes,No,Yes,8,1.9,58,0
S04866,4,20,Female,78,6.77,80,100,26,0,4,6,7.8,Yes,Yes,Yes,No,5,5.0,21,0
S04867,4,18,Male,88,6.26,69,93,32,0,2,6,5.8,Yes,Yes,Yes,Yes,3,4.8,37,0
S04868,7,17,Male,81,7.35,67,46,15,2,6,6,6.3,Yes,Yes,Yes,No,4,7.4,17,0
S04869,7,18,Female,66,7.5,52,100,15,1,3,10,8.6,Yes,Yes,No,No,2,5.8,40,0
S04870,4,18,Female,69,8.99,65,64,13,1,5,4,7.5,Yes,Yes,Yes,No,4,5.8,29,0
S04871,3,23,Male,70,5.98,71,76,6,1,8,5,8.5,Yes,Yes,No,No,4,2.7,57,1
S04872,8,20,Female,78,8.17,68,38,13,1,6,8,7.5,Yes,Yes,Yes,Yes,6,8.3,10,0
S04873,3,23,Female,78,8.42,93,35,12,1,4,3,5.5,No,Yes,Yes,No,10,3.8,64,0
S04874,6,18,Male,55,6.99,75,62,11,1,2,5,6.9,Yes,Yes,Yes,No,3,1.0,66,0
S04875,4,22,Male,79,6.84,69,58,15,2,7,3,6.7,Yes,Yes,Yes,No,4,8.3,49,1
S04876,4,23,Male,81,8.0,49,73,11,1,5,7,5.8,Yes,Yes,Yes,No,7,7.7,0,0
S04877,2,21,Female,79,6.8,76,83,24,0,5,6,7.2,Yes,No,No,Yes,5,3.0,53,0
S04878,5,18,Female,65,6.83,71,73,8,2,2,5,5.1,Yes,Yes,Yes,No,7,3.4,40,0
S04879,8,22,Male,55,6.62,65,69,10,1,5,4,6.9,Yes,Yes,No,Yes,7,3.7,34,0
S04880,1,20,Female,79,6.64,71,76,19,0,6,5,7.3,No,Yes,No,Yes,4,6.7,46,0
S04881,4,18,Male,72,5.13,46,58,26,1,1,10,7.8,Yes,Yes,No,No,5,5.0,36,1
S04882,8,22,Female,74,7.6,54,60,12,1,4,2,6.2,No,Yes,Yes,No,5,5.8,37,0
S04883,3,18,Male,73,9.17,41,76,15,1,4,4,5.4,Yes,Yes,No,Yes,6,4.3,38,0
S04884,5,22,Male,93,8.09,62,71,19,3,3,8,7.2,Yes,Yes,Yes,Yes,9,5.2,42,0
S04885,8,21,Male,80,6.5,62,85,21,1,8,3,6.1,Yes,Yes,Yes,No,10,5.1,68,0
S04886,6,18,Female,80,6.34,62,85,27,0,5,4,6.9,Yes,Yes,Yes,No,9,8.0,68,0
S04887,3,24,Male,81,6.99,52,100,8,0,1,6,7.3,Yes,Yes,Yes,No,8,4.2,30,0
S04888,8,19,Female,98,5.86,90,69,13,0,4,9,7.8,Yes,Yes,No,Yes,7,2.6,35,0
S04889,1,24,Male,59,7.45,51,72,17,1,3,3,7.2,Yes,Yes,No,No,5,3.8,59,0
S04890,7,20,Male,58,5.83,80,82,4,2,3,4,8.1,Yes,Yes,Yes,No,5,5.5,78,1
S04891,4,18,Female,70,8.06,70,52,13,0,2,3,6.3,Yes,Yes,No,No,3,11.0,0,0
S04892,4,20,Female,96,7.01,94,66,8,3,7,2,6.2,Yes,Yes,No,No,6,5.6,37,0
S04893,5,18,Male,72,8.6,88,68,5,1,4,6,5.1,Yes,Yes,No,No,5,5.1,10,0
S04894,7,19,Female,71,7.41,70,49,25,0,1,3,5.5,Yes,Yes,Yes,No,5,3.1,53,0
S04895,6,21,Female,92,6.91,59,64,12,0,5,8,7.4,No,Yes,No,No,10,4.9,17,0
S04896,6,20,Male,70,6.89,50,90,7,1,3,4,7.7,Yes,Yes,Yes,No,5,5.0,39,0
S04897,8,17,Male,81,8.1,88,80,12,1,4,6,6.9,No,Yes,No,Yes,4,8.0,41,0
S04898,5,22,Male,85,6.31,89,80,28,1,5,4,6.4,Yes,Yes,Yes,No,7,6.7,28,0
S04899,5,19,Female,76,8.07,71,63,6,1,5,6,9.4,No,Yes,No,No,3,4.3,18,0
S04900,5,18,Female,85,9.59,72,60,14,0,6,7,5.5,Yes,Yes,No,No,6,5.2,37,0
S04901,6,19,Male,69,8.02,66,83,7,1,5,4,5.8,Yes,Yes,Yes,Yes,5,5.3,31,0
S04902,6,20,Male,70,6.76,66,100,15,2,2,4,6.2,Yes,Yes,No,Yes,7,4.7,28,0
S04903,2,22,Male,84,7.88,69,81,1,0,1,5,6.8,Yes,Yes,No,No,3,5.3,36,0
S04904,5,22,Female,59,6.72,61,100,18,0,5,6,7.0,No,Yes,Yes,Yes,3,6.0,41,0
S04905,7,17,Male,73,6.1,71,59,14,1,5,7,7.0,Yes,Yes,No,No,7,1.3,29,0
S04906,3,23,Male,64,6.19,87,72,16,2,6,3,5.3,No,Yes,Yes,Yes,2,6.2,0,1
S04907,1,21,Male,96,6.09,75,59,19,1,3,7,8.0,No,Yes,No,No,5,7.3,53,0
S04908,5,23,Female,79,6.33,78,82,15,1,3,2,6.5,No,Yes,Yes,No,5,7.4,50,0
S04909,4,22,Female,75,6.97,54,86,13,0,1,8,6.4,No,Yes,No,No,4,6.0,51,0
S04910,8,24,Female,81,8.33,58,82,20,3,7,10,7.1,Yes,Yes,Yes,Yes,3,4.7,39,0
S04911,3,23,Male,64,6.45,59,42,10,0,8,9,7.9,Yes,Yes,Yes,Yes,8,8.3,45,1
S04912,4,21,Male,44,5.63,60,100,15,0,8,4,7.2,Yes,Yes,No,No,5,6.4,42,1
S04913,8,24,Male,90,5.13,71,68,6,0,6,6,6.4,No,Yes,Yes,No,8,7.8,21,0
S04914,8,19,Female,71,6.54,93,79,14,1,4,9,6.8,Yes,Yes,Yes,Yes,4,4.9,0,0
S04915,2,24,Female,88,7.17,62,56,23,2,4,8,7.5,No,Yes,Yes,No,7,3.0,31,0
S04916,1,23,Female,81,6.88,66,88,13,2,3,4,7.4,Yes,Yes,No,Yes,9,7.3,19,0
S04917,2,19,Male,56,6.58,64,48,6,1,2,5,7.2,No,Yes,Yes,No,5,2.0,48,1
S04918,1,17,Female,67,6.77,60,100,9,1,3,3,8.2,Yes,Yes,Yes,No,5,5.7,43,0
S04919,1,23,Female,74,6.26,47,57,20,1,7,3,6.1,Yes,Yes,Yes,No,4,11.5,38,1
S04920,7,22,Male,73,7.14,69,79,19,0,2,5,6.0,Yes,Yes,Yes,Yes,8,5.0,34,0
S04921,1,18,Male,48,6.26,60,91,9,0,2,4,7.1,Yes,Yes,No,No,1,7.1,25,0
S04922,7,23,Female,68,7.99,61,52,20,1,6,3,8.6,No,Yes,No,Yes,10,7.5,39,1
S04923,5,23,Female,79,6.22,70,52,20,0,4,4,7.8,Yes,No,No,No,8,4.9,17,0
S04924,8,22,Female,88,5.96,64,100,10,0,4,5,4.9,Yes,No,Yes,No,7,6.4,21,0
S04925,7,19,Male,82,8.58,64,90,14,0,3,5,6.7,Yes,Yes,Yes,No,5,8.1,36,0
S04926,6,20,Male,59,7.81,60,66,24,0,3,9,6.2,Yes,Yes,Yes,Yes,3,6.5,14,0
S04927,6,23,Female,81,7.24,56,64,20,2,7,5,7.4,Yes,Yes,Yes,Yes,6,7.4,38,0
S04928,7,21,Female,86,7.57,59,62,5,0,5,8,4.8,Yes,Yes,Yes,No,4,5.1,38,0
S04929,6,22,Male,72,6.79,48,100,20,0,5,2,8.2,Yes,Yes,Yes,Yes,2,3.3,28,1
S04930,1,21,Female,77,8.58,67,99,1,4,6,7,5.5,No,Yes,No,No,6,6.5,29,0
S04931,1,17,Male,81,5.68,59,92,1,0,3,5,6.5,Yes,Yes,Yes,No,4,3.4,32,0
S04932,2,24,Female,91,4.87,66,90,4,1,3,4,8.6,Yes,Yes,No,Yes,3,6.9,11,1
S04933,8,20,Male,70,5.21,83,75,22,1,3,7,7.6,Yes,Yes,Yes,No,10,9.1,32,0
S04934,2,23,Male,88,6.51,44,71,19,1,3,2,6.1,Yes,No,Yes,No,7,8.1,0,0
S04935,6,23,Female,65,7.85,87,74,9,1,5,7,7.9,Yes,Yes,No,No,7,4.0,25,0
S04936,5,24,Male,81,8.51,63,73,18,2,4,5,8.2,Yes,Yes,No,No,6,6.2,49,0
S04937,8,24,Female,82,6.47,70,78,13,2,6,7,6.4,Yes,Yes,No,No,10,3.1,23,0
S04938,1,22,Male,77,6.94,76,67,20,1,7,7,8.2,No,Yes,No,Yes,5,7.3,62,0
S04939,6,20,Male,56,6.64,61,76,8,2,5,10,5.4,Yes,Yes,Yes,Yes,2,6.1,26,1
S04940,3,24,Male,73,9.4,68,81,10,1,7,6,6.8,Yes,Yes,No,No,7,4.4,5,0
S04941,2,24,Male,82,6.91,68,100,17,1,4,5,6.3,Yes,Yes,Yes,No,6,7.3,34,0
S04942,7,24,Female,76,7.85,86,71,25,0,3,4,5.5,Yes,Yes,No,No,8,10.0,21,0
S04943,7,21,Male,76,5.12,100,66,17,0,6,5,8.2,Yes,Yes,Yes,Yes,6,6.1,38,0
S04944,7,18,Male,61,7.25,66,74,1,2,7,7,6.9,Yes,Yes,Yes,No,2,4.5,12,1
S04945,5,22,Male,77,8.51,78,87,21,0,8,4,7.1,No,Yes,No,No,5,8.1,49,0
S04946,6,19,Female,80,8.21,58,96,19,1,3,5,7.2,No,Yes,No,Yes,3,6.1,61,0
S04947,6,20,Male,83,8.75,88,72,21,0,4,5,7.4,Yes,Yes,No,No,4,10.0,48,0
S04948,7,21,Female,77,5.89,65,45,16,1,5,4,7.5,Yes,Yes,Yes,No,3,3.9,60,0
S04949,8,21,Male,76,10.0,72,67,19,2,6,8,7.1,No,Yes,No,No,2,5.1,18,0
S04950,1,24,Female,65,7.31,83,42,4,4,5,5,6.5,Yes,Yes,Yes,No,4,4.6,57,1
S04951,2,19,Male,78,8.06,71,75,16,0,6,2,7.7,Yes,Yes,Yes,No,3,8.7,52,0
S04952,7,23,Female,59,8.13,52,80,23,1,5,7,7.1,Yes,Yes,Yes,Yes,3,6.1,52,0
S04953,8,23,Female,84,6.62,73,52,23,0,5,6,7.5,Yes,Yes,No,No,6,9.2,45,0
S04954,4,20,Female,95,6.55,100,89,19,2,1,7,6.2,Yes,Yes,No,No,7,7.0,24,0
S04955,6,24,Male,67,5.95,58,55,5,1,5,5,7.6,Yes,Yes,No,No,8,6.2,36,1
S04956,3,17,Male,71,7.61,75,60,25,0,3,6,6.6,Yes,Yes,No,No,6,5.1,4,0
S04957,7,18,Female,78,8.37,84,79,20,0,3,9,7.1,Yes,Yes,No,No,6,6.3,31,0
S04958,7,20,Female,57,7.98,80,83,8,1,4,2,5.2,Yes,Yes,Yes,Yes,5,6.3,48,0
S04959,2,20,Female,72,6.49,81,72,21,0,4,6,4.2,No,Yes,No,No,8,7.7,25,0
S04960,7,21,Male,68,5.06,53,87,12,1,3,7,9.5,Yes,Yes,No,No,8,1.4,44,0
S04961,8,18,Female,68,7.89,44,70,17,2,3,7,5.9,Yes,Yes,No,No,7,7.9,67,0
S04962,1,21,Female,78,6.45,39,81,13,2,5,10,6.1,Yes,Yes,No,Yes,7,6.7,51,0
S04963,2,21,Male,93,7.22,63,82,14,1,2,4,7.2,Yes,Yes,No,Yes,8,5.5,33,0
S04964,7,21,Male,77,5.84,61,73,9,0,5,7,6.7,Yes,Yes,Yes,No,4,5.6,34,0
S04965,6,19,Female,63,7.42,71,75,11,0,4,9,6.9,Yes,Yes,Yes,No,6,3.9,28,0
S04966,3,19,Female,57,7.56,80,66,12,1,4,5,7.3,Yes,Yes,Yes,No,6,5.8,51,0
S04967,5,23,Female,90,6.41,91,61,5,0,6,6,7.4,No,Yes,No,Yes,9,9.4,23,0
S04968,6,24,Male,90,7.5,62,90,19,2,8,4,8.0,Yes,Yes,Yes,No,5,8.0,57,0
S04969,6,19,Female,62,7.08,70,51,23,0,2,1,7.8,No,Yes,No,No,5,5.5,0,1
S04970,2,19,Male,68,6.75,46,91,10,0,3,1,8.1,Yes,Yes,Yes,No,2,7.6,88,0
S04971,2,18,Male,72,7.15,52,74,7,1,4,5,6.6,Yes,Yes,Yes,No,9,3.6,52,0
S04972,1,23,Male,85,8.45,58,85,1,1,6,6,6.5,Yes,Yes,Yes,No,7,7.2,18,0
S04973,4,19,Female,65,6.07,57,79,11,0,7,3,7.4,Yes,Yes,Yes,No,5,8.4,76,0
S04974,1,22,Male,88,8.33,65,88,21,0,2,1,5.8,Yes,Yes,No,No,1,7.8,28,0
S04975,3,18,Female,80,8.16,63,57,12,1,5,3,5.7,No,Yes,No,No,10,3.8,47,0
S04976,6,23,Male,72,8.41,51,71,8,0,4,9,8.0,Yes,Yes,No,No,6,4.0,72,0
S04977,4,18,Male,83,6.16,59,81,11,1,4,6,7.1,Yes,Yes,Yes,Yes,2,4.0,51,0
S04978,2,24,Female,90,8.02,77,68,8,4,4,6,7.9,Yes,Yes,Yes,No,7,5.0,49,0
S04979,7,23,Female,84,6.24,57,82,23,0,2,9,5.9,Yes,Yes,Yes,No,4,7.0,56,0
S04980,8,22,Male,87,5.31,60,90,18,0,5,6,7.1,Yes,Yes,No,Yes,9,3.6,29,0
S04981,1,19,Male,67,6.62,55,89,19,0,4,5,6.1,Yes,No,Yes,No,3,4.5,2,0
S04982,1,20,Male,93,6.28,78,97,7,1,4,5,6.3,Yes,Yes,Yes,No,6,3.5,8,0
S04983,8,18,Female,69,8.19,64,47,21,2,5,7,5.0,Yes,Yes,Yes,No,3,6.2,53,0
S04984,4,17,Female,73,6.99,82,90,14,1,2,6,6.9,Yes,No,Yes,Yes,5,6.3,61,0
S04985,8,19,Male,82,7.37,62,71,12,0,6,5,8.5,Yes,Yes,No,Yes,6,3.4,53,0
S04986,2,24,Female,93,7.84,100,66,16,2,7,6,5.9,Yes,Yes,No,Yes,1,6.4,52,0
S04987,5,22,Female,89,7.35,91,67,2,1,6,2,6.7,Yes,Yes,Yes,No,10,4.2,73,0
S04988,3,19,Male,69,7.05,51,82,1,2,5,7,8.6,Yes,Yes,Yes,Yes,7,10.2,11,0
S04989,2,24,Male,61,6.07,73,78,10,1,1,7,5.5,Yes,Yes,No,Yes,8,7.4,18,0
S04990,2,21,Female,74,5.6,80,84,17,0,7,7,5.7,Yes,Yes,Yes,No,3,3.4,61,0
S04991,5,24,Female,56,6.73,95,84,26,0,3,4,7.3,Yes,Yes,No,No,5,7.3,38,0
S04992,6,19,Male,77,7.33,52,80,4,2,4,7,7.6,Yes,Yes,Yes,No,8,6.1,0,0
S04993,5,18,Female,70,6.66,45,63,12,0,6,5,6.7,Yes,Yes,No,Yes,7,8.8,90,1
S04994,1,18,Female,88,6.26,72,51,1,2,4,2,6.0,Yes,Yes,Yes,Yes,2,5.1,45,1
S04995,1,22,Male,66,6.58,52,35,26,1,2,3,6.0,No,Yes,No,No,4,6.9,52,1
S04996,8,24,Female,94,8.09,57,99,18,1,7,2,6.1,Yes,Yes,No,No,5,5.9,15,0
S04997,5,18,Female,79,6.94,59,83,15,1,3,7,8.7,Yes,Yes,Yes,No,4,7.0,37,0
S04998,2,23,Male,72,6.91,46,69,21,3,3,7,5.3,Yes,Yes,Yes,No,7,4.2,19,0
S04999,1,20,Female,90,6.58,83,56,8,2,6,8,5.7,Yes,Yes,No,No,6,2.5,43,0
S05000,4,22,Female,70,7.47,71,100,15,3,4,7,5.5,No,Yes,Yes,Yes,3,8.1,38,1
